Order_ID,Order_Date,Customer_ID,Customer_Age,Product_ID,Category,Region,Sales_Channel,Payment_Method,Order_Status,Quantity,Unit_Price,Discount_Percentage,Gross_Sales,Discount_Amount,Net_Sales,Cost,Profit,Shipping_Cost,Customer_Rating,Delivery_Days
ORD004642,2023-01-01,CUST00993,64,PROD00619,Beauty,North,Mobile App,PayPal,Returned,4,33.83,0,135.32,0.0,135.32,82.79,52.53,11.13,4.6,6
ORD000743,2023-01-01,CUST01029,24,PROD00630,Beauty,East,Marketplace,Bank Transfer,Delivered,4,11.65,20,46.6,9.32,37.28,18.69,18.59,7.79,3.1,2
ORD002691,2023-01-01,CUST00255,30,PROD00580,Grocery,North,Website,Cash on Delivery,Returned,4,45.36,10,181.44,18.14,163.3,110.03,53.27,10.94,4.4,10
ORD000559,2023-01-01,CUST00990,51,PROD00522,Home & Kitchen,North,Website,Credit Card,Shipped,1,17.46,20,17.46,3.49,13.97,8.69,5.28,5.82,3.6,6
ORD002331,2023-01-01,CUST01318,51,PROD00449,Fashion,West,Website,Credit Card,Cancelled,5,75.18,15,375.9,56.39,319.51,218.55,100.96,1.58,3.5,3
ORD004765,2023-01-01,CUST00569,38,PROD00758,Sports,West,Mobile App,Cash on Delivery,Delivered,1,7.82,25,7.82,1.96,5.86,4.35,1.51,9.12,3.9,7
ORD004899,2023-01-01,CUST00014,61,PROD00329,Beauty,East,Mobile App,PayPal,Delivered,5,33.98,10,169.9,16.99,152.91,84.38,68.53,2.41,5.0,2
ORD002480,2023-01-01,CUST01015,38,PROD00620,Fashion,West,Website,Cash on Delivery,Delivered,5,28.92,0,144.6,0.0,144.6,85.42,59.18,14.8,3.6,5
ORD001624,2023-01-02,CUST00162,45,PROD00426,Fashion,Central,Mobile App,PayPal,Returned,5,107.72,15,538.6,80.79,457.81,213.75,244.06,7.0,4.6,7
ORD000189,2023-01-02,CUST00783,41,PROD00082,Home & Kitchen,West,Website,Debit Card,Delivered,3,45.07,5,135.21,6.76,128.45,94.25,34.2,12.02,4.4,9
ORD001459,2023-01-02,CUST01492,68,PROD00561,Electronics,North,Mobile App,Bank Transfer,Shipped,5,35.9,10,179.5,17.95,161.55,115.36,46.19,2.87,3.2,2
ORD001364,2023-01-02,CUST01318,65,PROD00590,Electronics,North,Website,PayPal,Delivered,5,24.41,5,122.05,6.1,115.95,84.48,31.47,11.04,4.5,6
ORD000146,2023-01-02,CUST01032,69,PROD00496,Sports,North,Website,Bank Transfer,Returned,5,8.57,30,42.85,12.86,29.99,15.49,14.5,13.25,4.1,9
ORD001178,2023-01-03,CUST00069,31,PROD00509,Fashion,North,Website,Debit Card,Returned,1,83.27,20,83.27,16.65,66.62,45.65,20.97,12.02,4.5,9
ORD002927,2023-01-03,CUST01221,41,PROD00174,Fashion,North,Mobile App,PayPal,Delivered,4,49.63,5,198.52,9.93,188.59,85.43,103.16,5.89,5.0,4
ORD003502,2023-01-03,CUST00342,62,PROD00467,Electronics,West,Mobile App,Bank Transfer,Delivered,2,29.67,10,59.34,5.93,53.41,38.88,14.53,15.93,4.5,9
ORD004910,2023-01-03,CUST00768,48,PROD00785,Home & Kitchen,North,Mobile App,PayPal,Shipped,3,159.85,15,479.55,71.93,407.62,287.68,119.94,15.87,4.7,9
ORD001138,2023-01-03,CUST01113,63,PROD00727,Fashion,West,Marketplace,Bank Transfer,Returned,4,27.27,15,109.08,16.36,92.72,62.69,30.03,14.42,5.0,5
ORD000723,2023-01-04,CUST00356,64,PROD00604,Grocery,East,Mobile App,Credit Card,Returned,2,63.73,10,127.46,12.75,114.71,56.39,58.32,15.29,5.0,10
ORD000990,2023-01-04,CUST00004,54,PROD00664,Electronics,West,Mobile App,Credit Card,Cancelled,4,21.63,15,86.52,12.98,73.54,36.45,37.09,9.31,3.7,1
ORD004312,2023-01-04,CUST00646,42,PROD00531,Electronics,East,Mobile App,Debit Card,Delivered,1,59.4,5,59.4,2.97,56.43,39.52,16.91,2.69,4.4,2
ORD000308,2023-01-05,CUST00719,27,PROD00026,Electronics,South,Mobile App,Credit Card,Delivered,3,40.94,20,122.82,24.56,98.26,60.72,37.54,16.93,4.3,10
ORD002912,2023-01-05,CUST00865,27,PROD00727,Grocery,West,Mobile App,Cash on Delivery,Cancelled,3,55.84,10,167.52,16.75,150.77,106.69,44.08,6.49,5.0,7
ORD000773,2023-01-05,CUST00288,46,PROD00758,Grocery,South,Website,Cash on Delivery,Delivered,2,43.48,20,86.96,17.39,69.57,33.09,36.48,8.79,4.9,6
ORD004011,2023-01-05,CUST00477,51,PROD00324,Electronics,East,Mobile App,PayPal,Delivered,2,31.01,30,62.02,18.61,43.41,21.19,22.22,13.8,5.0,2
ORD004141,2023-01-06,CUST00443,18,PROD00428,Sports,Central,Mobile App,Cash on Delivery,Cancelled,2,25.94,15,51.88,7.78,44.1,27.94,16.16,16.47,4.0,9
ORD004067,2023-01-06,CUST00812,48,PROD00138,Home & Kitchen,North,Website,PayPal,Returned,2,15.93,15,31.86,4.78,27.08,14.79,12.29,10.51,4.4,1
ORD003830,2023-01-06,CUST00757,22,PROD00644,Electronics,South,Website,Credit Card,Cancelled,3,21.61,20,64.83,12.97,51.86,31.81,20.05,5.66,3.6,5
ORD000720,2023-01-06,CUST00195,38,PROD00550,Grocery,West,Website,Debit Card,Returned,2,9.25,25,18.5,4.62,13.88,8.68,5.2,10.62,4.2,9
ORD002546,2023-01-07,CUST00557,62,PROD00715,Fashion,Central,Website,PayPal,Cancelled,3,63.34,10,190.02,19.0,171.02,112.55,58.47,11.09,4.8,6
ORD001225,2023-01-07,CUST01134,61,PROD00325,Beauty,North,Marketplace,PayPal,Returned,2,18.54,5,37.08,1.85,35.23,25.28,9.95,3.26,2.9,7
ORD001389,2023-01-07,CUST00334,58,PROD00604,Beauty,Central,Website,Debit Card,Delivered,1,43.96,0,43.96,0.0,43.96,21.17,22.79,16.7,2.3,2
ORD004492,2023-01-07,CUST00248,46,PROD00759,Grocery,South,Marketplace,PayPal,Returned,2,6.62,0,13.24,0.0,13.24,10.23,3.01,16.28,4.0,6
ORD000955,2023-01-07,CUST00711,50,PROD00639,Home & Kitchen,West,Website,Bank Transfer,Delivered,5,29.06,0,145.3,0.0,145.3,82.03,63.27,7.92,3.4,3
ORD004435,2023-01-08,CUST00646,41,PROD00603,Home & Kitchen,South,Mobile App,Debit Card,Returned,4,91.38,10,365.52,36.55,328.97,222.99,105.98,4.45,2.7,8
ORD002960,2023-01-08,CUST00783,40,PROD00424,Grocery,West,Website,Credit Card,Delivered,5,14.67,10,73.35,7.34,66.01,41.47,24.54,5.85,4.2,7
ORD004047,2023-01-08,CUST00899,38,PROD00787,Fashion,West,Mobile App,Cash on Delivery,Returned,1,28.84,0,28.84,0.0,28.84,15.0,13.84,17.74,4.4,9
ORD000656,2023-01-08,CUST00028,52,PROD00790,Sports,Central,Mobile App,Debit Card,Delivered,3,53.87,5,161.61,8.08,153.53,95.26,58.27,13.61,2.8,8
ORD002240,2023-01-08,CUST00834,69,PROD00789,Sports,Central,Website,Bank Transfer,Shipped,5,65.12,20,325.6,65.12,260.48,200.72,59.76,10.81,4.9,3
ORD004634,2023-01-09,CUST01381,18,PROD00194,Grocery,East,Marketplace,Debit Card,Delivered,4,14.47,20,57.88,11.58,46.3,27.63,18.67,13.17,3.1,2
ORD000195,2023-01-09,CUST00956,54,PROD00086,Fashion,Central,Marketplace,Debit Card,Returned,2,25.9,0,51.8,0.0,51.8,35.09,16.71,10.83,4.7,8
ORD001381,2023-01-09,CUST00216,33,PROD00073,Fashion,West,Website,PayPal,Delivered,2,22.48,10,44.96,4.5,40.46,24.26,16.2,5.96,3.6,2
ORD003095,2023-01-10,CUST00160,46,PROD00066,Electronics,West,Website,PayPal,Returned,3,29.8,0,89.4,0.0,89.4,57.7,31.7,17.67,4.7,4
ORD000752,2023-01-10,CUST00260,63,PROD00697,Fashion,West,Marketplace,Cash on Delivery,Shipped,2,18.84,5,37.68,1.88,35.8,27.37,8.43,7.61,4.0,1
ORD000528,2023-01-10,CUST00867,61,PROD00406,Home & Kitchen,East,Mobile App,Bank Transfer,Returned,5,142.26,25,711.3,177.82,533.48,252.68,280.8,13.13,4.7,8
ORD002984,2023-01-10,CUST00474,62,PROD00058,Electronics,West,Website,PayPal,Shipped,3,25.57,0,76.71,0.0,76.71,48.17,28.54,10.14,4.6,1
ORD001645,2023-01-10,CUST00264,23,PROD00324,Fashion,West,Mobile App,Bank Transfer,Shipped,4,12.03,25,48.12,12.03,36.09,25.62,10.47,11.84,2.7,2
ORD001027,2023-01-11,CUST01069,51,PROD00071,Grocery,East,Website,Bank Transfer,Delivered,1,24.22,5,24.22,1.21,23.01,16.66,6.35,1.66,5.0,4
ORD000830,2023-01-11,CUST01486,37,PROD00439,Electronics,Central,Website,Bank Transfer,Delivered,4,18.19,15,72.76,10.91,61.85,42.64,19.21,6.0,3.7,9
ORD003762,2023-01-11,CUST00638,59,PROD00246,Beauty,East,Website,Credit Card,Delivered,4,30.0,10,120.0,12.0,108.0,53.4,54.6,10.21,4.3,6
ORD001348,2023-01-11,CUST00318,34,PROD00767,Sports,Central,Website,Credit Card,Cancelled,4,21.73,10,86.92,8.69,78.23,43.16,35.07,14.44,5.0,5
ORD001155,2023-01-11,CUST00185,52,PROD00478,Grocery,North,Website,Cash on Delivery,Cancelled,5,106.63,10,533.15,53.32,479.83,280.49,199.34,6.11,3.7,2
ORD002859,2023-01-12,CUST00735,69,PROD00176,Fashion,East,Marketplace,PayPal,Delivered,3,15.77,15,47.31,7.1,40.21,27.89,12.32,6.32,5.0,5
ORD004350,2023-01-12,CUST00909,67,PROD00544,Sports,East,Marketplace,Bank Transfer,Cancelled,5,6.58,25,32.9,8.22,24.68,12.58,12.1,15.26,4.7,1
ORD004646,2023-01-12,CUST01169,21,PROD00513,Beauty,South,Marketplace,Bank Transfer,Delivered,3,68.94,25,206.82,51.7,155.12,108.29,46.83,9.68,3.6,5
ORD001066,2023-01-12,CUST00597,56,PROD00532,Sports,East,Marketplace,PayPal,Returned,1,54.75,30,54.75,16.42,38.33,25.43,12.9,12.33,2.9,9
ORD004325,2023-01-12,CUST01081,31,PROD00497,Home & Kitchen,Central,Website,PayPal,Shipped,1,21.38,10,21.38,2.14,19.24,13.1,6.14,10.68,4.4,9
ORD001767,2023-01-12,CUST00642,51,PROD00028,Home & Kitchen,West,Mobile App,Cash on Delivery,Cancelled,5,55.85,25,279.25,69.81,209.44,120.48,88.96,15.55,3.8,5
ORD000381,2023-01-12,CUST00184,33,PROD00067,Sports,North,Website,Credit Card,Delivered,1,54.07,15,54.07,8.11,45.96,23.83,22.13,17.11,4.3,5
ORD001590,2023-01-12,CUST00324,26,PROD00743,Home & Kitchen,South,Website,Credit Card,Delivered,2,27.61,20,55.22,11.04,44.18,27.94,16.24,11.41,3.2,8
ORD004226,2023-01-12,CUST00382,28,PROD00234,Grocery,South,Mobile App,PayPal,Cancelled,2,44.98,0,89.96,0.0,89.96,68.5,21.46,4.21,5.0,9
ORD003866,2023-01-13,CUST00232,45,PROD00359,Grocery,West,Marketplace,Debit Card,Delivered,2,23.68,10,47.36,4.74,42.62,31.8,10.82,2.92,4.3,5
ORD003687,2023-01-13,CUST00229,25,PROD00524,Beauty,North,Mobile App,PayPal,Cancelled,2,25.79,20,51.58,10.32,41.26,30.18,11.08,14.63,4.3,6
ORD004996,2023-01-13,CUST00294,52,PROD00079,Home & Kitchen,East,Website,PayPal,Delivered,3,62.01,25,186.03,46.51,139.52,73.73,65.79,10.42,4.4,10
ORD000756,2023-01-13,CUST00134,33,PROD00531,Electronics,South,Mobile App,Bank Transfer,Delivered,3,35.14,15,105.42,15.81,89.61,63.29,26.32,12.84,3.8,2
ORD004081,2023-01-13,CUST01067,47,PROD00633,Home & Kitchen,South,Marketplace,Credit Card,Delivered,2,28.27,5,56.54,2.83,53.71,32.19,21.52,5.02,4.3,1
ORD001467,2023-01-14,CUST01228,41,PROD00695,Sports,West,Website,Debit Card,Delivered,4,88.96,25,355.84,88.96,266.88,132.33,134.55,16.03,4.1,9
ORD004943,2023-01-14,CUST00639,32,PROD00656,Sports,East,Mobile App,Cash on Delivery,Cancelled,1,21.66,5,21.66,1.08,20.58,14.51,6.07,12.8,3.5,9
ORD001399,2023-01-14,CUST00941,47,PROD00030,Grocery,Central,Mobile App,Cash on Delivery,Delivered,4,76.47,0,305.88,0.0,305.88,165.78,140.1,3.63,5.0,6
ORD000039,2023-01-14,CUST00702,47,PROD00254,Home & Kitchen,East,Marketplace,Cash on Delivery,Cancelled,1,41.11,0,41.11,0.0,41.11,24.73,16.38,10.96,4.6,6
ORD002918,2023-01-15,CUST00961,64,PROD00263,Beauty,East,Mobile App,Cash on Delivery,Delivered,1,80.58,30,80.58,24.17,56.41,43.74,12.67,8.39,4.6,3
ORD004797,2023-01-15,CUST01244,30,PROD00721,Grocery,West,Website,Debit Card,Cancelled,3,57.28,5,171.84,8.59,163.25,113.93,49.32,15.76,3.4,7
ORD000075,2023-01-15,CUST00914,61,PROD00756,Beauty,South,Mobile App,PayPal,Delivered,4,77.39,5,309.56,15.48,294.08,220.06,74.02,6.72,3.4,6
ORD000820,2023-01-15,CUST00985,49,PROD00052,Beauty,East,Website,Credit Card,Delivered,2,65.57,25,131.14,32.78,98.36,49.27,49.09,11.82,4.8,1
ORD004638,2023-01-15,CUST00770,31,PROD00708,Beauty,East,Website,Cash on Delivery,Returned,2,32.32,25,64.64,16.16,48.48,28.91,19.57,1.74,3.5,6
ORD004304,2023-01-16,CUST00080,33,PROD00241,Fashion,East,Website,Credit Card,Delivered,4,35.17,0,140.68,0.0,140.68,102.23,38.45,17.76,4.3,3
ORD001112,2023-01-16,CUST00248,19,PROD00098,Electronics,East,Mobile App,PayPal,Delivered,1,49.75,5,49.75,2.49,47.26,24.93,22.33,6.62,3.0,5
ORD003199,2023-01-17,CUST00475,20,PROD00524,Sports,South,Mobile App,Credit Card,Shipped,5,38.52,25,192.6,48.15,144.45,69.73,74.72,2.51,4.6,1
ORD001240,2023-01-17,CUST01251,49,PROD00400,Fashion,West,Mobile App,Credit Card,Delivered,1,37.12,10,37.12,3.71,33.41,18.46,14.95,1.6,3.1,3
ORD004228,2023-01-17,CUST00374,43,PROD00115,Home & Kitchen,East,Website,Debit Card,Delivered,5,139.6,5,698.0,34.9,663.1,442.39,220.71,15.79,3.7,1
ORD003445,2023-01-17,CUST00850,24,PROD00342,Grocery,Central,Mobile App,Cash on Delivery,Delivered,2,99.69,15,199.38,29.91,169.47,102.27,67.2,2.65,3.8,4
ORD000242,2023-01-17,CUST00336,67,PROD00537,Sports,Central,Marketplace,Bank Transfer,Delivered,1,14.59,0,14.59,0.0,14.59,9.99,4.6,3.43,3.8,10
ORD001888,2023-01-17,CUST00369,46,PROD00506,Grocery,South,Mobile App,Credit Card,Shipped,5,29.12,0,145.6,0.0,145.6,73.73,71.87,6.16,4.8,6
ORD002839,2023-01-17,CUST01230,61,PROD00309,Sports,East,Website,Bank Transfer,Delivered,3,123.81,5,371.43,18.57,352.86,166.67,186.19,10.22,4.7,1
ORD000916,2023-01-18,CUST01493,33,PROD00257,Beauty,South,Mobile App,Credit Card,Cancelled,2,40.41,10,80.82,8.08,72.74,35.76,36.98,4.03,4.2,9
ORD000261,2023-01-18,CUST00824,26,PROD00582,Home & Kitchen,Central,Mobile App,Bank Transfer,Delivered,4,12.24,15,48.96,7.34,41.62,29.03,12.59,7.32,4.4,10
ORD002481,2023-01-19,CUST01081,45,PROD00369,Sports,West,Mobile App,Credit Card,Delivered,5,15.13,0,75.65,0.0,75.65,41.82,33.83,7.27,3.7,2
ORD003425,2023-01-19,CUST01086,52,PROD00242,Electronics,South,Marketplace,PayPal,Shipped,2,26.43,15,52.86,7.93,44.93,24.61,20.32,13.35,2.7,6
ORD003637,2023-01-19,CUST01113,35,PROD00702,Sports,West,Marketplace,Bank Transfer,Delivered,2,48.23,10,96.46,9.65,86.81,40.09,46.72,14.08,4.6,2
ORD002082,2023-01-19,CUST00448,49,PROD00426,Grocery,North,Website,Cash on Delivery,Shipped,5,54.25,20,271.25,54.25,217.0,127.62,89.38,3.67,3.6,6
ORD004086,2023-01-19,CUST01442,51,PROD00386,Beauty,South,Website,Bank Transfer,Returned,1,40.69,10,40.69,4.07,36.62,20.47,16.15,15.28,3.7,3
ORD003179,2023-01-19,CUST00581,45,PROD00762,Grocery,North,Mobile App,Bank Transfer,Delivered,2,22.84,15,45.68,6.85,38.83,23.19,15.64,14.37,3.6,7
ORD002009,2023-01-19,CUST00446,36,PROD00378,Home & Kitchen,North,Website,Debit Card,Delivered,2,31.25,10,62.5,6.25,56.25,43.68,12.57,14.97,3.7,3
ORD004574,2023-01-19,CUST00297,54,PROD00197,Home & Kitchen,West,Website,Bank Transfer,Delivered,3,41.16,0,123.48,0.0,123.48,80.74,42.74,4.73,4.1,4
ORD002682,2023-01-19,CUST00291,55,PROD00117,Home & Kitchen,East,Website,PayPal,Delivered,3,10.77,0,32.31,0.0,32.31,21.42,10.89,8.7,3.9,8
ORD001560,2023-01-19,CUST01284,28,PROD00293,Grocery,East,Marketplace,PayPal,Delivered,1,10.41,25,10.41,2.6,7.81,5.73,2.08,8.24,3.5,7
ORD000282,2023-01-20,CUST00267,48,PROD00084,Electronics,North,Website,Credit Card,Delivered,5,33.74,25,168.7,42.18,126.52,91.88,34.64,2.49,3.5,1
ORD003216,2023-01-20,CUST00141,57,PROD00661,Home & Kitchen,East,Mobile App,Bank Transfer,Returned,4,16.73,0,66.92,0.0,66.92,33.78,33.14,14.69,3.0,7
ORD002162,2023-01-21,CUST01296,68,PROD00367,Beauty,North,Marketplace,PayPal,Shipped,2,19.91,10,39.82,3.98,35.84,17.18,18.66,16.51,3.4,1
ORD004884,2023-01-21,CUST01255,24,PROD00620,Home & Kitchen,North,Marketplace,PayPal,Delivered,2,35.58,15,71.16,10.67,60.49,39.97,20.52,11.14,5.0,6
ORD003344,2023-01-21,CUST00416,21,PROD00253,Grocery,North,Mobile App,Bank Transfer,Shipped,5,29.37,5,146.85,7.34,139.51,66.21,73.3,10.49,3.4,8
ORD004782,2023-01-21,CUST00460,42,PROD00582,Home & Kitchen,Central,Website,Cash on Delivery,Shipped,2,74.29,5,148.58,7.43,141.15,105.09,36.06,12.91,3.2,7
ORD001602,2023-01-21,CUST00965,50,PROD00494,Fashion,North,Website,Cash on Delivery,Delivered,2,18.24,5,36.48,1.82,34.66,21.9,12.76,4.0,2.6,10
ORD001302,2023-01-21,CUST00010,58,PROD00593,Fashion,Central,Mobile App,Credit Card,Returned,5,59.62,30,298.1,89.43,208.67,110.75,97.92,12.68,4.5,3
ORD001882,2023-01-21,CUST01154,26,PROD00085,Beauty,East,Marketplace,Bank Transfer,Cancelled,4,13.68,5,54.72,2.74,51.98,30.15,21.83,10.27,5.0,1
ORD001449,2023-01-21,CUST01069,27,PROD00669,Beauty,East,Mobile App,PayPal,Cancelled,3,30.41,15,91.23,13.68,77.55,35.2,42.35,6.8,3.5,9
ORD000033,2023-01-21,CUST00001,50,PROD00320,Beauty,North,Mobile App,Credit Card,Delivered,1,58.7,5,58.7,2.94,55.76,26.99,28.77,16.98,4.3,1
ORD004044,2023-01-22,CUST00358,40,PROD00165,Electronics,North,Marketplace,Debit Card,Delivered,5,5.9,15,29.5,4.42,25.08,12.96,12.12,6.31,4.3,6
ORD002673,2023-01-22,CUST01017,60,PROD00230,Sports,East,Website,Bank Transfer,Shipped,4,35.14,20,140.56,28.11,112.45,63.14,49.31,7.66,4.1,8
ORD001393,2023-01-22,CUST01407,65,PROD00582,Electronics,South,Website,Cash on Delivery,Delivered,5,27.53,15,137.65,20.65,117.0,71.44,45.56,16.41,3.9,2
ORD002192,2023-01-22,CUST01041,29,PROD00377,Home & Kitchen,West,Website,PayPal,Shipped,3,32.8,15,98.4,14.76,83.64,40.02,43.62,9.23,2.8,8
ORD001268,2023-01-22,CUST01109,58,PROD00590,Beauty,South,Website,PayPal,Cancelled,5,14.28,0,71.4,0.0,71.4,44.67,26.73,4.01,3.8,8
ORD003211,2023-01-22,CUST00014,20,PROD00762,Electronics,South,Website,Credit Card,Cancelled,1,23.88,15,23.88,3.58,20.3,13.81,6.49,2.94,3.1,3
ORD004596,2023-01-22,CUST00765,58,PROD00764,Electronics,East,Marketplace,Bank Transfer,Delivered,1,16.86,0,16.86,0.0,16.86,12.67,4.19,15.09,3.5,5
ORD000017,2023-01-22,CUST00799,30,PROD00759,Grocery,South,Mobile App,Debit Card,Cancelled,4,11.17,20,44.68,8.94,35.74,24.37,11.37,9.57,5.0,4
ORD000358,2023-01-23,CUST00409,30,PROD00764,Beauty,West,Website,Bank Transfer,Delivered,4,19.01,5,76.04,3.8,72.24,37.8,34.44,5.95,4.7,2
ORD002539,2023-01-23,CUST01426,50,PROD00653,Grocery,Central,Mobile App,Cash on Delivery,Delivered,2,7.28,20,14.56,2.91,11.65,7.56,4.09,5.78,3.6,4
ORD000834,2023-01-23,CUST01121,27,PROD00384,Electronics,West,Mobile App,Credit Card,Delivered,1,93.84,15,93.84,14.08,79.76,43.41,36.35,12.74,4.3,7
ORD002010,2023-01-23,CUST00288,18,PROD00052,Fashion,West,Marketplace,Credit Card,Shipped,2,8.78,30,17.56,5.27,12.29,8.24,4.05,14.69,3.6,6
ORD002785,2023-01-23,CUST00224,45,PROD00471,Beauty,East,Website,Debit Card,Delivered,1,78.24,0,78.24,0.0,78.24,47.04,31.2,13.66,3.8,9
ORD001429,2023-01-24,CUST00535,55,PROD00256,Fashion,Central,Mobile App,Bank Transfer,Returned,3,14.35,10,43.05,4.3,38.75,19.87,18.88,10.73,3.5,2
ORD000886,2023-01-25,CUST01407,21,PROD00237,Sports,North,Mobile App,PayPal,Shipped,5,41.73,25,208.65,52.16,156.49,100.54,55.95,4.54,4.3,6
ORD002690,2023-01-25,CUST00324,20,PROD00723,Beauty,East,Mobile App,Debit Card,Delivered,5,10.66,25,53.3,13.32,39.98,23.24,16.74,4.94,3.8,8
ORD000689,2023-01-25,CUST00437,34,PROD00379,Electronics,West,Mobile App,Bank Transfer,Delivered,3,84.85,20,254.55,50.91,203.64,131.8,71.84,15.02,3.9,9
ORD003458,2023-01-25,CUST00310,18,PROD00067,Beauty,Central,Mobile App,Bank Transfer,Returned,2,57.26,5,114.52,5.73,108.79,53.95,54.84,7.94,4.2,9
ORD003246,2023-01-25,CUST01166,32,PROD00171,Beauty,North,Website,Debit Card,Cancelled,4,18.69,5,74.76,3.74,71.02,39.09,31.93,13.84,4.3,7
ORD001052,2023-01-25,CUST00285,50,PROD00590,Sports,South,Mobile App,Bank Transfer,Delivered,2,24.06,10,48.12,4.81,43.31,23.07,20.24,10.06,3.4,7
ORD004071,2023-01-26,CUST00318,31,PROD00614,Sports,Central,Website,Cash on Delivery,Returned,5,18.25,15,91.25,13.69,77.56,45.51,32.05,11.07,4.2,5
ORD002894,2023-01-26,CUST01082,56,PROD00138,Beauty,North,Website,Credit Card,Delivered,2,54.81,0,109.62,0.0,109.62,75.11,34.51,2.32,4.2,3
ORD002423,2023-01-26,CUST00406,18,PROD00187,Fashion,South,Website,PayPal,Shipped,3,130.37,15,391.11,58.67,332.44,192.57,139.87,14.89,4.3,6
ORD003602,2023-01-27,CUST00134,28,PROD00347,Sports,Central,Website,Debit Card,Shipped,3,26.51,15,79.53,11.93,67.6,44.54,23.06,17.35,4.2,3
ORD000230,2023-01-27,CUST00235,53,PROD00775,Fashion,East,Mobile App,Debit Card,Delivered,3,268.37,0,805.11,0.0,805.11,581.46,223.65,6.44,3.0,7
ORD001007,2023-01-27,CUST00156,60,PROD00172,Beauty,North,Marketplace,Debit Card,Cancelled,5,32.83,30,164.15,49.24,114.91,55.8,59.11,4.25,2.2,5
ORD004253,2023-01-27,CUST01197,69,PROD00682,Grocery,North,Mobile App,PayPal,Delivered,2,61.89,20,123.78,24.76,99.02,73.9,25.12,13.45,3.2,9
ORD004749,2023-01-28,CUST00618,31,PROD00752,Home & Kitchen,West,Website,Credit Card,Returned,4,24.81,10,99.24,9.92,89.32,51.09,38.23,14.91,4.2,2
ORD002181,2023-01-28,CUST00588,61,PROD00682,Sports,North,Website,Bank Transfer,Shipped,3,9.6,0,28.8,0.0,28.8,13.46,15.34,10.52,2.6,8
ORD000665,2023-01-28,CUST00491,28,PROD00676,Electronics,East,Marketplace,Debit Card,Delivered,3,48.56,30,145.68,43.7,101.98,46.61,55.37,9.3,3.7,2
ORD001473,2023-01-28,CUST01401,65,PROD00528,Beauty,Central,Mobile App,Bank Transfer,Delivered,4,14.02,5,56.08,2.8,53.28,39.04,14.24,9.76,3.8,5
ORD000681,2023-01-28,CUST00302,20,PROD00697,Fashion,West,Website,Bank Transfer,Shipped,2,46.51,5,93.02,4.65,88.37,58.81,29.56,6.75,4.4,7
ORD000456,2023-01-29,CUST01257,39,PROD00780,Beauty,South,Website,Bank Transfer,Delivered,5,16.66,0,83.3,0.0,83.3,60.48,22.82,8.36,3.3,8
ORD004436,2023-01-29,CUST00207,64,PROD00447,Home & Kitchen,North,Mobile App,Debit Card,Shipped,4,38.1,0,152.4,0.0,152.4,73.17,79.23,10.52,3.2,4
ORD001025,2023-01-29,CUST00354,70,PROD00235,Home & Kitchen,South,Mobile App,PayPal,Returned,2,58.14,25,116.28,29.07,87.21,65.19,22.02,11.79,4.0,6
ORD004619,2023-01-29,CUST00439,32,PROD00219,Fashion,Central,Website,Debit Card,Shipped,2,38.53,15,77.06,11.56,65.5,42.81,22.69,7.78,4.1,6
ORD001123,2023-01-29,CUST01209,23,PROD00432,Home & Kitchen,South,Mobile App,PayPal,Shipped,5,15.37,15,76.85,11.53,65.32,34.94,30.38,17.46,4.8,1
ORD001281,2023-01-29,CUST00305,29,PROD00410,Sports,West,Website,Cash on Delivery,Delivered,2,35.86,30,71.72,21.52,50.2,32.48,17.72,12.47,4.5,10
ORD001893,2023-01-29,CUST01368,47,PROD00190,Electronics,West,Website,Debit Card,Returned,5,29.21,15,146.05,21.91,124.14,65.93,58.21,17.99,4.7,9
ORD000993,2023-01-29,CUST00887,42,PROD00048,Fashion,North,Marketplace,PayPal,Delivered,4,83.09,10,332.36,33.24,299.12,192.45,106.67,16.45,4.4,7
ORD004175,2023-01-30,CUST00638,60,PROD00132,Beauty,Central,Website,Credit Card,Delivered,2,21.91,15,43.82,6.57,37.25,25.24,12.01,6.14,3.7,6
ORD004334,2023-01-30,CUST00327,43,PROD00357,Electronics,Central,Website,Credit Card,Cancelled,4,4.77,10,19.08,1.91,17.17,12.68,4.49,1.96,4.2,10
ORD004021,2023-01-30,CUST01020,62,PROD00365,Fashion,West,Marketplace,Cash on Delivery,Returned,5,12.77,5,63.85,3.19,60.66,43.35,17.31,12.74,4.4,10
ORD002806,2023-01-31,CUST00972,42,PROD00015,Fashion,East,Mobile App,PayPal,Shipped,5,10.48,30,52.4,15.72,36.68,26.25,10.43,14.0,2.7,8
ORD003761,2023-01-31,CUST00118,27,PROD00340,Electronics,East,Website,Cash on Delivery,Delivered,3,18.46,5,55.38,2.77,52.61,27.09,25.52,9.77,5.0,7
ORD002731,2023-01-31,CUST00169,47,PROD00734,Beauty,East,Mobile App,PayPal,Delivered,4,21.35,0,85.4,0.0,85.4,59.08,26.32,10.36,4.8,1
ORD000910,2023-02-01,CUST00317,30,PROD00370,Sports,North,Mobile App,Bank Transfer,Delivered,2,17.27,0,34.54,0.0,34.54,22.04,12.5,5.91,5.0,9
ORD003088,2023-02-01,CUST01287,55,PROD00360,Grocery,Central,Mobile App,Credit Card,Delivered,5,8.51,5,42.55,2.13,40.42,25.21,15.21,14.31,3.4,6
ORD002206,2023-02-01,CUST00303,24,PROD00556,Fashion,South,Mobile App,PayPal,Returned,1,57.67,5,57.67,2.88,54.79,38.37,16.42,10.08,3.7,7
ORD002855,2023-02-02,CUST00016,66,PROD00429,Electronics,Central,Website,Debit Card,Cancelled,2,15.31,20,30.62,6.12,24.5,16.72,7.78,5.0,4.1,4
ORD004576,2023-02-02,CUST00261,23,PROD00336,Grocery,West,Mobile App,Credit Card,Delivered,3,11.38,15,34.14,5.12,29.02,20.28,8.74,7.04,2.8,1
ORD000696,2023-02-03,CUST00027,25,PROD00360,Electronics,East,Website,Bank Transfer,Shipped,1,49.05,5,49.05,2.45,46.6,23.52,23.08,2.32,3.5,7
ORD004267,2023-02-03,CUST00544,42,PROD00299,Home & Kitchen,East,Mobile App,Bank Transfer,Cancelled,2,33.43,10,66.86,6.69,60.17,34.64,25.53,12.2,3.4,5
ORD001002,2023-02-03,CUST01358,70,PROD00363,Electronics,East,Website,Debit Card,Shipped,4,23.22,0,92.88,0.0,92.88,65.36,27.52,13.24,4.5,6
ORD000566,2023-02-03,CUST01109,53,PROD00556,Fashion,East,Mobile App,Bank Transfer,Cancelled,3,34.68,10,104.04,10.4,93.64,52.75,40.89,16.56,4.2,9
ORD000048,2023-02-04,CUST01174,59,PROD00782,Beauty,South,Website,Cash on Delivery,Cancelled,2,26.36,15,52.72,7.91,44.81,22.16,22.65,2.89,4.1,4
ORD004621,2023-02-04,CUST00408,65,PROD00405,Electronics,South,Mobile App,Debit Card,Shipped,5,101.4,20,507.0,101.4,405.6,307.18,98.42,17.39,3.1,4
ORD001421,2023-02-04,CUST00550,50,PROD00195,Electronics,West,Mobile App,Credit Card,Cancelled,2,142.75,20,285.5,57.1,228.4,128.6,99.8,12.49,3.7,1
ORD004682,2023-02-04,CUST00317,56,PROD00575,Fashion,Central,Website,PayPal,Cancelled,5,18.34,5,91.7,4.58,87.12,52.03,35.09,1.62,3.2,2
ORD000384,2023-02-04,CUST00949,59,PROD00683,Home & Kitchen,East,Marketplace,Bank Transfer,Delivered,3,45.56,0,136.68,0.0,136.68,104.76,31.92,15.87,3.7,4
ORD004374,2023-02-05,CUST00085,47,PROD00543,Fashion,South,Website,Bank Transfer,Delivered,5,24.14,15,120.7,18.1,102.6,59.17,43.43,7.88,2.5,6
ORD001690,2023-02-05,CUST00500,69,PROD00667,Electronics,South,Website,Bank Transfer,Returned,1,34.24,15,34.24,5.14,29.1,20.83,8.27,3.4,4.5,1
ORD000280,2023-02-05,CUST00947,58,PROD00140,Electronics,East,Mobile App,PayPal,Shipped,5,24.51,0,122.55,0.0,122.55,68.83,53.72,10.87,4.4,9
ORD001637,2023-02-05,CUST00668,69,PROD00458,Home & Kitchen,Central,Website,Bank Transfer,Delivered,5,58.94,5,294.7,14.74,279.96,212.87,67.09,12.69,5.0,8
ORD003756,2023-02-05,CUST01340,25,PROD00732,Sports,North,Website,Debit Card,Returned,1,112.4,25,112.4,28.1,84.3,52.39,31.91,12.51,4.6,5
ORD000409,2023-02-06,CUST00826,23,PROD00413,Beauty,South,Mobile App,Debit Card,Cancelled,4,49.58,30,198.32,59.5,138.82,80.13,58.69,5.02,3.7,4
ORD001255,2023-02-06,CUST00694,68,PROD00556,Grocery,South,Mobile App,Cash on Delivery,Delivered,3,22.77,5,68.31,3.42,64.89,45.27,19.62,2.4,3.0,9
ORD001199,2023-02-06,CUST01349,42,PROD00096,Home & Kitchen,West,Website,Credit Card,Cancelled,2,22.32,5,44.64,2.23,42.41,23.19,19.22,10.45,5.0,7
ORD000226,2023-02-07,CUST00952,48,PROD00402,Electronics,South,Mobile App,PayPal,Cancelled,5,63.0,10,315.0,31.5,283.5,205.2,78.3,15.17,3.6,2
ORD001195,2023-02-07,CUST00867,46,PROD00702,Sports,West,Mobile App,Debit Card,Cancelled,1,70.07,30,70.07,21.02,49.05,24.62,24.43,8.94,3.4,7
ORD002053,2023-02-07,CUST00912,32,PROD00255,Beauty,West,Website,PayPal,Delivered,5,23.58,15,117.9,17.68,100.22,48.77,51.45,13.14,5.0,2
ORD003275,2023-02-08,CUST01157,19,PROD00224,Home & Kitchen,East,Mobile App,Debit Card,Delivered,2,32.33,15,64.66,9.7,54.96,42.74,12.22,2.19,3.8,4
ORD001107,2023-02-08,CUST00566,21,PROD00107,Fashion,East,Mobile App,Credit Card,Shipped,3,58.62,25,175.86,43.96,131.9,71.16,60.74,9.62,5.0,6
ORD000467,2023-02-08,CUST01178,61,PROD00458,Sports,South,Marketplace,Debit Card,Delivered,3,17.28,15,51.84,7.78,44.06,28.59,15.47,11.22,2.9,8
ORD003752,2023-02-08,CUST00766,36,PROD00787,Grocery,South,Mobile App,Credit Card,Delivered,5,121.56,10,607.8,60.78,547.02,367.38,179.64,4.96,5.0,8
ORD001292,2023-02-08,CUST00759,48,PROD00388,Home & Kitchen,North,Mobile App,Credit Card,Returned,3,98.74,10,296.22,29.62,266.6,187.51,79.09,9.14,3.0,3
ORD001976,2023-02-08,CUST00780,46,PROD00137,Grocery,East,Mobile App,PayPal,Delivered,3,53.82,20,161.46,32.29,129.17,82.1,47.07,15.6,4.0,7
ORD001191,2023-02-09,CUST00473,67,PROD00654,Electronics,South,Mobile App,PayPal,Delivered,4,87.18,15,348.72,52.31,296.41,169.69,126.72,14.08,2.9,1
ORD001211,2023-02-09,CUST00741,53,PROD00599,Fashion,Central,Mobile App,Debit Card,Delivered,5,30.49,5,152.45,7.62,144.83,109.08,35.75,11.84,4.2,4
ORD002260,2023-02-09,CUST00352,27,PROD00698,Sports,South,Website,PayPal,Delivered,3,52.66,15,157.98,23.7,134.28,72.99,61.29,6.99,5.0,1
ORD003788,2023-02-09,CUST00749,18,PROD00542,Grocery,South,Website,Debit Card,Delivered,3,26.77,25,80.31,20.08,60.23,31.08,29.15,15.47,3.5,1
ORD003504,2023-02-09,CUST00924,53,PROD00503,Beauty,North,Website,Cash on Delivery,Returned,4,29.34,10,117.36,11.74,105.62,74.91,30.71,2.75,5.0,7
ORD003045,2023-02-09,CUST00460,39,PROD00329,Beauty,East,Website,Credit Card,Shipped,4,21.57,5,86.28,4.31,81.97,45.54,36.43,2.18,4.9,3
ORD001000,2023-02-10,CUST00068,25,PROD00369,Beauty,East,Website,Bank Transfer,Delivered,5,21.13,0,105.65,0.0,105.65,72.51,33.14,11.9,4.5,6
ORD002393,2023-02-10,CUST01352,57,PROD00344,Sports,Central,Website,PayPal,Delivered,1,9.52,0,9.52,0.0,9.52,5.44,4.08,11.86,3.0,3
ORD000513,2023-02-10,CUST01398,60,PROD00325,Electronics,South,Mobile App,Debit Card,Delivered,1,22.58,5,22.58,1.13,21.45,12.73,8.72,10.93,3.5,3
ORD002306,2023-02-10,CUST00102,49,PROD00466,Grocery,South,Website,Bank Transfer,Shipped,5,51.09,10,255.45,25.54,229.91,163.45,66.46,11.67,4.4,6
ORD000087,2023-02-10,CUST00436,21,PROD00660,Home & Kitchen,North,Mobile App,Credit Card,Cancelled,5,9.45,30,47.25,14.18,33.07,23.84,9.23,8.95,3.6,9
ORD002505,2023-02-10,CUST01226,22,PROD00746,Fashion,North,Mobile App,Bank Transfer,Delivered,3,39.0,5,117.0,5.85,111.15,50.33,60.82,10.33,3.5,5
ORD001051,2023-02-11,CUST01213,22,PROD00579,Electronics,West,Website,PayPal,Delivered,2,25.44,15,50.88,7.63,43.25,32.89,10.36,4.18,4.1,3
ORD001769,2023-02-11,CUST00083,53,PROD00612,Home & Kitchen,North,Website,Credit Card,Cancelled,2,20.53,10,41.06,4.11,36.95,18.96,17.99,2.16,3.2,10
ORD000999,2023-02-11,CUST01102,40,PROD00090,Grocery,South,Website,Cash on Delivery,Shipped,3,55.39,0,166.17,0.0,166.17,110.48,55.69,10.94,4.2,6
ORD003131,2023-02-12,CUST01319,61,PROD00192,Fashion,Central,Website,PayPal,Returned,1,56.73,20,56.73,11.35,45.38,29.03,16.35,17.68,3.4,2
ORD001917,2023-02-12,CUST00877,47,PROD00465,Grocery,East,Mobile App,Debit Card,Delivered,5,12.58,5,62.9,3.14,59.76,28.53,31.23,6.6,4.6,1
ORD002183,2023-02-12,CUST00917,46,PROD00214,Fashion,East,Mobile App,Debit Card,Returned,4,48.88,10,195.52,19.55,175.97,82.48,93.49,9.69,3.4,9
ORD001811,2023-02-12,CUST00063,40,PROD00042,Fashion,South,Mobile App,Credit Card,Shipped,3,23.48,0,70.44,0.0,70.44,48.95,21.49,6.9,5.0,9
ORD000617,2023-02-12,CUST01063,47,PROD00056,Home & Kitchen,North,Website,Cash on Delivery,Delivered,5,13.27,5,66.35,3.32,63.03,36.6,26.43,13.71,4.8,7
ORD001594,2023-02-12,CUST00201,43,PROD00136,Sports,West,Mobile App,PayPal,Shipped,5,34.3,20,171.5,34.3,137.2,88.14,49.06,7.02,5.0,7
ORD004408,2023-02-12,CUST00062,35,PROD00418,Fashion,West,Website,Cash on Delivery,Shipped,3,28.34,15,85.02,12.75,72.27,36.48,35.79,4.59,4.3,2
ORD003270,2023-02-12,CUST01038,50,PROD00685,Home & Kitchen,South,Mobile App,Cash on Delivery,Delivered,5,22.53,15,112.65,16.9,95.75,63.9,31.85,12.69,4.8,4
ORD004094,2023-02-13,CUST00075,59,PROD00054,Electronics,Central,Website,Cash on Delivery,Delivered,4,12.4,25,49.6,12.4,37.2,24.42,12.78,11.76,4.7,6
ORD003525,2023-02-13,CUST00300,38,PROD00446,Fashion,North,Mobile App,Cash on Delivery,Delivered,2,35.53,5,71.06,3.55,67.51,47.16,20.35,17.29,3.8,6
ORD004265,2023-02-14,CUST01331,58,PROD00766,Sports,East,Mobile App,Cash on Delivery,Delivered,4,19.1,5,76.4,3.82,72.58,39.32,33.26,1.65,3.9,7
ORD004781,2023-02-14,CUST00522,25,PROD00083,Fashion,North,Website,Debit Card,Shipped,2,130.25,25,260.5,65.12,195.38,136.54,58.84,11.81,3.6,10
ORD002706,2023-02-14,CUST00116,23,PROD00353,Beauty,North,Website,Credit Card,Delivered,1,19.7,15,19.7,2.96,16.74,8.43,8.31,13.23,2.5,10
ORD003254,2023-02-15,CUST01007,48,PROD00462,Grocery,Central,Website,Debit Card,Returned,3,14.9,25,44.7,11.18,33.52,25.99,7.53,5.47,4.4,1
ORD004483,2023-02-15,CUST00321,52,PROD00523,Grocery,West,Mobile App,Bank Transfer,Returned,5,44.44,30,222.2,66.66,155.54,110.02,45.52,8.64,3.5,5
ORD000821,2023-02-16,CUST00851,46,PROD00370,Sports,South,Mobile App,Bank Transfer,Shipped,4,18.01,25,72.04,18.01,54.03,28.23,25.8,9.16,4.6,10
ORD000494,2023-02-16,CUST01128,31,PROD00453,Sports,North,Website,Bank Transfer,Delivered,5,45.68,25,228.4,57.1,171.3,132.42,38.88,4.32,3.5,1
ORD001075,2023-02-16,CUST00500,65,PROD00251,Grocery,Central,Website,Debit Card,Returned,5,37.64,15,188.2,28.23,159.97,107.91,52.06,17.15,4.5,2
ORD000645,2023-02-16,CUST00804,65,PROD00062,Grocery,North,Website,Cash on Delivery,Delivered,2,39.82,20,79.64,15.93,63.71,46.5,17.21,6.39,3.7,9
ORD000313,2023-02-16,CUST00877,20,PROD00386,Grocery,North,Website,Bank Transfer,Shipped,2,19.07,20,38.14,7.63,30.51,17.3,13.21,14.72,4.7,1
ORD000652,2023-02-17,CUST00522,59,PROD00542,Grocery,West,Mobile App,PayPal,Shipped,2,37.66,0,75.32,0.0,75.32,44.09,31.23,6.86,4.0,4
ORD003798,2023-02-17,CUST00257,28,PROD00025,Fashion,North,Website,Cash on Delivery,Delivered,2,9.66,20,19.32,3.86,15.46,10.91,4.55,9.08,4.1,4
ORD004188,2023-02-17,CUST01393,43,PROD00666,Fashion,West,Website,PayPal,Returned,1,12.32,5,12.32,0.62,11.7,6.98,4.72,4.52,4.1,6
ORD004785,2023-02-17,CUST00901,55,PROD00131,Beauty,West,Mobile App,Bank Transfer,Shipped,1,46.37,10,46.37,4.64,41.73,19.08,22.65,7.29,4.2,4
ORD002526,2023-02-18,CUST00536,44,PROD00525,Electronics,North,Website,PayPal,Delivered,4,38.15,0,152.6,0.0,152.6,110.54,42.06,12.73,4.5,5
ORD002457,2023-02-18,CUST00275,36,PROD00709,Electronics,South,Website,Cash on Delivery,Returned,3,13.76,20,41.28,8.26,33.02,24.37,8.65,1.65,2.8,8
ORD002117,2023-02-18,CUST01309,59,PROD00457,Electronics,West,Website,Cash on Delivery,Cancelled,1,31.33,5,31.33,1.57,29.76,16.01,13.75,16.23,3.7,2
ORD002826,2023-02-18,CUST00279,18,PROD00701,Home & Kitchen,West,Website,Credit Card,Delivered,2,16.16,5,32.32,1.62,30.7,19.06,11.64,3.61,5.0,2
ORD003734,2023-02-19,CUST00790,56,PROD00342,Grocery,South,Website,Bank Transfer,Shipped,3,28.31,15,84.93,12.74,72.19,36.17,36.02,15.52,4.4,1
ORD002934,2023-02-19,CUST01426,42,PROD00411,Electronics,East,Mobile App,Bank Transfer,Delivered,3,45.67,15,137.01,20.55,116.46,56.02,60.44,13.65,2.6,6
ORD002108,2023-02-19,CUST00436,55,PROD00123,Home & Kitchen,East,Website,Bank Transfer,Cancelled,3,69.71,15,209.13,31.37,177.76,102.46,75.3,12.06,4.2,8
ORD001654,2023-02-19,CUST00707,39,PROD00749,Fashion,Central,Mobile App,Bank Transfer,Delivered,1,10.51,5,10.51,0.53,9.98,6.5,3.48,6.61,4.7,5
ORD003178,2023-02-19,CUST00475,39,PROD00720,Home & Kitchen,East,Marketplace,Credit Card,Delivered,4,41.5,20,166.0,33.2,132.8,73.35,59.45,9.79,5.0,10
ORD000855,2023-02-20,CUST00417,58,PROD00486,Fashion,North,Mobile App,Credit Card,Cancelled,1,81.04,5,81.04,4.05,76.99,54.76,22.23,13.53,4.2,7
ORD000292,2023-02-20,CUST00784,41,PROD00199,Grocery,Central,Website,PayPal,Delivered,4,46.27,10,185.08,18.51,166.57,114.07,52.5,17.01,3.3,7
ORD001610,2023-02-20,CUST01381,59,PROD00690,Beauty,Central,Mobile App,Bank Transfer,Returned,2,10.42,30,20.84,6.25,14.59,8.32,6.27,11.82,3.2,5
ORD000560,2023-02-20,CUST01293,53,PROD00379,Grocery,South,Website,Cash on Delivery,Delivered,5,38.9,0,194.5,0.0,194.5,122.99,71.51,11.68,3.9,8
ORD003360,2023-02-21,CUST00850,35,PROD00669,Grocery,West,Mobile App,Cash on Delivery,Delivered,2,27.95,15,55.9,8.38,47.52,25.74,21.78,14.49,5.0,7
ORD004477,2023-02-21,CUST00845,35,PROD00521,Sports,West,Mobile App,Cash on Delivery,Returned,1,42.45,0,42.45,0.0,42.45,21.47,20.98,15.04,2.9,2
ORD004449,2023-02-21,CUST00187,37,PROD00680,Electronics,North,Mobile App,PayPal,Delivered,2,35.49,5,70.98,3.55,67.43,34.82,32.61,3.2,5.0,9
ORD003818,2023-02-22,CUST00069,70,PROD00800,Electronics,North,Marketplace,Bank Transfer,Delivered,4,128.71,10,514.84,51.48,463.36,212.44,250.92,8.84,4.8,4
ORD002831,2023-02-22,CUST01034,32,PROD00070,Beauty,West,Mobile App,Bank Transfer,Delivered,1,22.78,10,22.78,2.28,20.5,12.57,7.93,3.65,4.6,2
ORD000614,2023-02-22,CUST01277,58,PROD00221,Grocery,East,Mobile App,Credit Card,Shipped,5,8.81,0,44.05,0.0,44.05,26.17,17.88,6.93,5.0,1
ORD002742,2023-02-22,CUST00382,28,PROD00111,Electronics,South,Mobile App,Cash on Delivery,Shipped,3,32.49,10,97.47,9.75,87.72,57.39,30.33,8.18,3.2,10
ORD003541,2023-02-23,CUST00819,57,PROD00549,Electronics,Central,Website,Credit Card,Shipped,4,18.58,15,74.32,11.15,63.17,38.47,24.7,8.8,3.7,6
ORD004200,2023-02-23,CUST00029,49,PROD00270,Electronics,Central,Mobile App,Cash on Delivery,Cancelled,4,61.97,20,247.88,49.58,198.3,122.97,75.33,2.2,4.7,2
ORD000200,2023-02-23,CUST00373,20,PROD00326,Electronics,South,Website,Bank Transfer,Delivered,1,141.63,15,141.63,21.24,120.39,55.53,64.86,14.58,3.3,10
ORD004427,2023-02-23,CUST00217,25,PROD00715,Electronics,West,Website,PayPal,Delivered,4,29.26,0,117.04,0.0,117.04,72.25,44.79,3.16,3.5,4
ORD002828,2023-02-23,CUST00666,27,PROD00437,Fashion,East,Marketplace,Debit Card,Returned,1,12.36,20,12.36,2.47,9.89,6.95,2.94,16.28,4.4,4
ORD001168,2023-02-23,CUST01053,52,PROD00654,Fashion,West,Website,Bank Transfer,Delivered,1,121.51,25,121.51,30.38,91.13,69.78,21.35,7.22,5.0,7
ORD003262,2023-02-23,CUST00975,19,PROD00300,Home & Kitchen,West,Mobile App,Bank Transfer,Cancelled,2,29.95,25,59.9,14.98,44.92,20.33,24.59,8.19,4.4,2
ORD000927,2023-02-24,CUST01179,51,PROD00202,Home & Kitchen,East,Mobile App,Credit Card,Shipped,4,53.32,10,213.28,21.33,191.95,134.13,57.82,17.01,5.0,4
ORD001033,2023-02-24,CUST00568,45,PROD00381,Grocery,Central,Website,PayPal,Delivered,4,45.96,5,183.84,9.19,174.65,83.9,90.75,8.66,4.6,3
ORD000932,2023-02-24,CUST00092,66,PROD00657,Home & Kitchen,South,Mobile App,Credit Card,Returned,5,110.61,30,553.05,165.92,387.13,287.81,99.32,15.41,2.8,8
ORD002856,2023-02-24,CUST00516,20,PROD00402,Fashion,Central,Mobile App,Cash on Delivery,Delivered,5,47.46,15,237.3,35.6,201.7,154.71,46.99,9.88,5.0,5
ORD001727,2023-02-24,CUST00702,54,PROD00632,Fashion,West,Website,PayPal,Returned,4,8.7,15,34.8,5.22,29.58,22.02,7.56,4.29,3.0,9
ORD003743,2023-02-25,CUST01306,66,PROD00136,Beauty,North,Mobile App,Credit Card,Delivered,4,15.38,5,61.52,3.08,58.44,32.97,25.47,1.94,4.2,3
ORD003593,2023-02-25,CUST00031,38,PROD00434,Electronics,South,Website,Credit Card,Delivered,4,45.71,25,182.84,45.71,137.13,77.03,60.1,3.04,3.3,9
ORD000661,2023-02-25,CUST00363,34,PROD00050,Grocery,South,Mobile App,Cash on Delivery,Cancelled,5,45.06,0,225.3,0.0,225.3,159.73,65.57,15.79,4.1,4
ORD004014,2023-02-25,CUST00148,35,PROD00089,Sports,North,Mobile App,Debit Card,Delivered,3,30.69,15,92.07,13.81,78.26,52.71,25.55,12.86,4.5,8
ORD002681,2023-02-26,CUST01230,43,PROD00215,Fashion,Central,Website,Bank Transfer,Delivered,4,66.13,0,264.52,0.0,264.52,156.33,108.19,7.15,3.2,9
ORD003476,2023-02-26,CUST01487,41,PROD00009,Sports,North,Mobile App,Bank Transfer,Delivered,3,9.02,10,27.06,2.71,24.35,14.59,9.76,6.07,3.6,8
ORD003928,2023-02-27,CUST01185,41,PROD00175,Beauty,West,Marketplace,PayPal,Cancelled,3,84.61,10,253.83,25.38,228.45,119.47,108.98,4.62,4.3,3
ORD001710,2023-02-27,CUST00670,24,PROD00005,Electronics,North,Website,Credit Card,Cancelled,5,40.34,25,201.7,50.42,151.28,96.4,54.88,16.52,2.8,1
ORD002223,2023-02-27,CUST01416,27,PROD00346,Electronics,East,Website,Bank Transfer,Delivered,1,154.27,5,154.27,7.71,146.56,90.27,56.29,5.5,3.5,1
ORD000485,2023-02-27,CUST00131,53,PROD00547,Grocery,East,Mobile App,PayPal,Returned,1,34.67,10,34.67,3.47,31.2,23.23,7.97,11.46,2.3,6
ORD004751,2023-02-27,CUST00081,50,PROD00095,Beauty,West,Website,Debit Card,Delivered,5,5.78,0,28.9,0.0,28.9,20.22,8.68,15.26,4.1,3
ORD004431,2023-02-27,CUST00813,51,PROD00011,Sports,South,Mobile App,Debit Card,Returned,5,36.18,0,180.9,0.0,180.9,99.46,81.44,3.32,4.5,5
ORD002585,2023-02-28,CUST00897,45,PROD00507,Electronics,East,Marketplace,PayPal,Delivered,4,58.02,10,232.08,23.21,208.87,127.25,81.62,16.22,4.4,6
ORD004985,2023-02-28,CUST01177,32,PROD00333,Home & Kitchen,Central,Mobile App,PayPal,Returned,5,34.92,10,174.6,17.46,157.14,111.84,45.3,10.9,3.4,3
ORD000981,2023-02-28,CUST00645,57,PROD00057,Home & Kitchen,South,Website,PayPal,Delivered,2,57.12,20,114.24,22.85,91.39,58.27,33.12,12.97,4.5,2
ORD003505,2023-02-28,CUST00387,60,PROD00584,Grocery,South,Mobile App,PayPal,Delivered,4,20.39,0,81.56,0.0,81.56,45.47,36.09,11.46,2.9,4
ORD004357,2023-03-01,CUST01149,27,PROD00383,Home & Kitchen,North,Mobile App,Credit Card,Delivered,5,53.31,15,266.55,39.98,226.57,128.01,98.56,2.85,5.0,2
ORD002073,2023-03-01,CUST00507,43,PROD00205,Home & Kitchen,South,Website,Bank Transfer,Delivered,5,41.75,5,208.75,10.44,198.31,129.5,68.81,12.39,4.8,9
ORD001151,2023-03-02,CUST01189,39,PROD00789,Sports,West,Marketplace,Cash on Delivery,Delivered,4,116.09,20,464.36,92.87,371.49,283.06,88.43,5.63,4.6,8
ORD003359,2023-03-02,CUST01129,66,PROD00565,Sports,North,Marketplace,PayPal,Delivered,5,32.18,10,160.9,16.09,144.81,110.92,33.89,5.57,3.3,8
ORD003567,2023-03-02,CUST00506,62,PROD00553,Fashion,East,Website,Credit Card,Delivered,4,5.3,10,21.2,2.12,19.08,13.03,6.05,17.69,4.3,6
ORD003288,2023-03-02,CUST01299,26,PROD00737,Sports,North,Website,Bank Transfer,Cancelled,1,75.99,0,75.99,0.0,75.99,53.0,22.99,10.54,3.4,3
ORD001049,2023-03-02,CUST01474,49,PROD00148,Beauty,East,Mobile App,Debit Card,Shipped,4,90.24,5,360.96,18.05,342.91,256.21,86.7,12.97,4.5,5
ORD000629,2023-03-02,CUST01280,66,PROD00021,Home & Kitchen,North,Mobile App,PayPal,Cancelled,4,96.01,20,384.04,76.81,307.23,225.25,81.98,17.59,4.6,7
ORD001176,2023-03-03,CUST01303,37,PROD00792,Home & Kitchen,Central,Website,Credit Card,Delivered,1,19.95,5,19.95,1.0,18.95,13.26,5.69,16.75,4.6,2
ORD003562,2023-03-03,CUST01138,54,PROD00260,Beauty,East,Mobile App,Cash on Delivery,Returned,3,13.06,5,39.18,1.96,37.22,28.79,8.43,17.11,4.0,4
ORD000414,2023-03-03,CUST00918,53,PROD00002,Electronics,Central,Mobile App,PayPal,Delivered,4,26.92,10,107.68,10.77,96.91,59.64,37.27,3.87,4.5,4
ORD000540,2023-03-04,CUST00920,22,PROD00258,Fashion,West,Mobile App,Debit Card,Returned,3,59.23,5,177.69,8.88,168.81,129.47,39.34,5.36,3.5,1
ORD000890,2023-03-04,CUST01001,41,PROD00752,Grocery,North,Website,PayPal,Shipped,2,17.06,10,34.12,3.41,30.71,19.49,11.22,6.91,4.2,7
ORD003324,2023-03-04,CUST00407,61,PROD00566,Beauty,West,Mobile App,PayPal,Returned,5,76.59,15,382.95,57.44,325.51,225.18,100.33,3.24,5.0,1
ORD002626,2023-03-05,CUST01249,35,PROD00593,Sports,West,Mobile App,Debit Card,Delivered,4,30.34,30,121.36,36.41,84.95,45.39,39.56,6.45,3.4,7
ORD004724,2023-03-05,CUST00174,37,PROD00532,Grocery,South,Mobile App,Cash on Delivery,Shipped,1,22.03,5,22.03,1.1,20.93,16.15,4.78,15.1,4.3,5
ORD004251,2023-03-05,CUST00291,28,PROD00717,Grocery,Central,Website,Credit Card,Delivered,3,58.87,0,176.61,0.0,176.61,104.81,71.8,6.31,3.9,8
ORD004721,2023-03-06,CUST01331,68,PROD00670,Beauty,West,Website,Bank Transfer,Delivered,5,113.79,15,568.95,85.34,483.61,230.2,253.41,14.29,2.6,2
ORD001858,2023-03-06,CUST00792,28,PROD00474,Home & Kitchen,North,Mobile App,Cash on Delivery,Returned,1,38.56,5,38.56,1.93,36.63,28.14,8.49,6.02,4.4,5
ORD000076,2023-03-06,CUST00090,68,PROD00641,Fashion,North,Website,Cash on Delivery,Delivered,3,34.83,0,104.49,0.0,104.49,52.7,51.79,14.73,4.1,4
ORD003126,2023-03-06,CUST01051,25,PROD00774,Grocery,South,Marketplace,PayPal,Delivered,2,35.78,15,71.56,10.73,60.83,34.04,26.79,10.04,3.9,1
ORD002227,2023-03-07,CUST00167,37,PROD00517,Grocery,North,Marketplace,PayPal,Returned,5,26.03,25,130.15,32.54,97.61,60.44,37.17,12.26,4.2,8
ORD001474,2023-03-07,CUST00078,39,PROD00059,Beauty,North,Website,Bank Transfer,Delivered,4,113.39,20,453.56,90.71,362.85,189.6,173.25,4.15,1.6,5
ORD004814,2023-03-08,CUST00021,50,PROD00587,Beauty,West,Website,Bank Transfer,Cancelled,4,43.6,0,174.4,0.0,174.4,79.08,95.32,11.29,3.1,2
ORD000690,2023-03-08,CUST00632,66,PROD00281,Sports,East,Website,Bank Transfer,Delivered,4,37.42,10,149.68,14.97,134.71,75.99,58.72,13.45,3.7,1
ORD001707,2023-03-08,CUST01054,43,PROD00424,Beauty,South,Mobile App,Debit Card,Returned,4,34.73,25,138.92,34.73,104.19,59.13,45.06,10.24,4.7,3
ORD002394,2023-03-09,CUST01454,24,PROD00324,Fashion,East,Website,PayPal,Delivered,1,17.19,10,17.19,1.72,15.47,10.93,4.54,4.38,2.9,7
ORD002590,2023-03-09,CUST01200,41,PROD00222,Grocery,West,Mobile App,Debit Card,Delivered,3,38.97,20,116.91,23.38,93.53,56.9,36.63,15.41,3.7,1
ORD003635,2023-03-09,CUST00863,19,PROD00452,Electronics,Central,Marketplace,Bank Transfer,Shipped,3,44.82,10,134.46,13.45,121.01,67.54,53.47,7.91,3.3,5
ORD001038,2023-03-10,CUST00357,26,PROD00620,Fashion,North,Mobile App,Bank Transfer,Delivered,4,54.12,10,216.48,21.65,194.83,116.6,78.23,14.22,4.7,10
ORD000612,2023-03-10,CUST00414,24,PROD00591,Beauty,North,Marketplace,PayPal,Cancelled,5,130.8,5,654.0,32.7,621.3,422.98,198.32,2.39,5.0,7
ORD003352,2023-03-10,CUST00141,61,PROD00215,Grocery,Central,Mobile App,Cash on Delivery,Delivered,3,24.13,15,72.39,10.86,61.53,40.27,21.26,5.19,4.0,5
ORD000829,2023-03-10,CUST00692,63,PROD00379,Grocery,West,Website,Debit Card,Shipped,1,71.58,5,71.58,3.58,68.0,42.31,25.69,13.71,2.4,7
ORD003282,2023-03-10,CUST00637,41,PROD00131,Sports,South,Website,Debit Card,Delivered,1,9.57,10,9.57,0.96,8.61,4.12,4.49,13.86,4.0,4
ORD003993,2023-03-11,CUST01248,23,PROD00754,Grocery,West,Website,Cash on Delivery,Returned,5,16.18,0,80.9,0.0,80.9,37.44,43.46,6.97,3.4,10
ORD004540,2023-03-12,CUST00728,53,PROD00719,Home & Kitchen,West,Website,Credit Card,Returned,2,24.98,5,49.96,2.5,47.46,23.24,24.22,12.74,3.5,4
ORD003446,2023-03-12,CUST01123,64,PROD00424,Electronics,North,Website,Debit Card,Cancelled,1,10.35,5,10.35,0.52,9.83,5.38,4.45,1.67,4.0,6
ORD004060,2023-03-13,CUST00555,67,PROD00054,Sports,North,Website,Bank Transfer,Returned,3,58.98,30,176.94,53.08,123.86,95.46,28.4,3.45,5.0,7
ORD004422,2023-03-13,CUST00105,51,PROD00728,Sports,West,Website,Credit Card,Returned,5,16.1,0,80.5,0.0,80.5,39.6,40.9,13.95,3.0,10
ORD004221,2023-03-13,CUST00989,46,PROD00758,Electronics,West,Mobile App,PayPal,Shipped,3,16.1,10,48.3,4.83,43.47,32.65,10.82,2.39,3.9,7
ORD003894,2023-03-13,CUST00353,20,PROD00594,Sports,South,Mobile App,Cash on Delivery,Delivered,2,21.97,5,43.94,2.2,41.74,21.57,20.17,12.23,3.6,6
ORD003828,2023-03-13,CUST00399,60,PROD00612,Electronics,East,Mobile App,Bank Transfer,Cancelled,4,85.57,20,342.28,68.46,273.82,188.67,85.15,8.24,4.1,10
ORD001343,2023-03-13,CUST01104,29,PROD00793,Electronics,East,Website,Debit Card,Returned,2,31.26,15,62.52,9.38,53.14,25.21,27.93,12.46,3.1,8
ORD004824,2023-03-14,CUST00659,52,PROD00473,Fashion,North,Website,Bank Transfer,Returned,2,62.34,30,124.68,37.4,87.28,52.7,34.58,10.33,3.2,2
ORD001045,2023-03-14,CUST00042,40,PROD00034,Fashion,East,Mobile App,PayPal,Returned,2,69.76,30,139.52,41.86,97.66,62.87,34.79,14.76,4.6,9
ORD003267,2023-03-14,CUST00618,34,PROD00283,Home & Kitchen,East,Mobile App,PayPal,Shipped,2,69.76,10,139.52,13.95,125.57,73.88,51.69,14.82,4.7,1
ORD003225,2023-03-14,CUST00157,45,PROD00668,Home & Kitchen,East,Mobile App,Credit Card,Cancelled,5,41.61,0,208.05,0.0,208.05,147.65,60.4,13.78,3.2,5
ORD002533,2023-03-14,CUST00848,25,PROD00067,Sports,Central,Website,Debit Card,Delivered,5,24.32,10,121.6,12.16,109.44,74.95,34.49,17.87,4.6,7
ORD003117,2023-03-14,CUST00823,39,PROD00306,Home & Kitchen,North,Mobile App,Bank Transfer,Delivered,2,75.47,15,150.94,22.64,128.3,93.98,34.32,11.2,3.9,9
ORD001776,2023-03-14,CUST01271,41,PROD00546,Fashion,South,Mobile App,Debit Card,Delivered,5,34.04,0,170.2,0.0,170.2,83.5,86.7,13.9,4.9,8
ORD001693,2023-03-14,CUST01061,35,PROD00229,Home & Kitchen,West,Mobile App,Cash on Delivery,Shipped,5,20.42,15,102.1,15.32,86.78,60.02,26.76,11.69,3.5,2
ORD003639,2023-03-15,CUST00446,29,PROD00334,Grocery,North,Mobile App,Bank Transfer,Cancelled,3,98.37,20,295.11,59.02,236.09,133.9,102.19,4.61,2.3,10
ORD002973,2023-03-15,CUST00130,66,PROD00773,Grocery,North,Mobile App,Debit Card,Delivered,2,21.28,15,42.56,6.38,36.18,19.06,17.12,13.99,3.4,6
ORD002564,2023-03-16,CUST01253,46,PROD00670,Home & Kitchen,Central,Mobile App,Debit Card,Delivered,5,44.72,0,223.6,0.0,223.6,150.77,72.83,2.93,4.8,1
ORD000996,2023-03-16,CUST00360,33,PROD00437,Grocery,Central,Website,PayPal,Delivered,2,38.23,10,76.46,7.65,68.81,49.19,19.62,4.25,4.9,9
ORD002102,2023-03-16,CUST00711,49,PROD00531,Home & Kitchen,Central,Marketplace,Cash on Delivery,Delivered,1,42.46,25,42.46,10.62,31.84,16.63,15.21,4.94,3.4,10
ORD000722,2023-03-16,CUST00563,51,PROD00305,Electronics,North,Mobile App,PayPal,Shipped,3,13.59,25,40.77,10.19,30.58,18.05,12.53,3.47,3.6,3
ORD000587,2023-03-16,CUST01209,56,PROD00288,Sports,South,Website,Debit Card,Shipped,5,23.23,20,116.15,23.23,92.92,45.46,47.46,17.59,2.9,2
ORD000875,2023-03-16,CUST00540,46,PROD00729,Beauty,North,Website,Credit Card,Cancelled,3,59.54,20,178.62,35.72,142.9,66.81,76.09,16.96,3.6,2
ORD004240,2023-03-17,CUST01420,67,PROD00302,Beauty,North,Marketplace,Cash on Delivery,Cancelled,5,32.29,25,161.45,40.36,121.09,64.79,56.3,16.94,3.2,5
ORD004164,2023-03-17,CUST00814,56,PROD00697,Beauty,South,Website,Debit Card,Returned,5,24.28,25,121.4,30.35,91.05,67.56,23.49,10.03,3.6,2
ORD004215,2023-03-17,CUST01496,42,PROD00632,Beauty,South,Website,PayPal,Shipped,5,22.76,5,113.8,5.69,108.11,82.11,26.0,16.96,4.2,1
ORD000423,2023-03-17,CUST00499,56,PROD00407,Beauty,South,Website,PayPal,Delivered,2,53.7,15,107.4,16.11,91.29,48.21,43.08,15.4,3.9,8
ORD004695,2023-03-17,CUST00413,64,PROD00166,Beauty,West,Marketplace,Debit Card,Shipped,4,57.35,0,229.4,0.0,229.4,150.88,78.52,4.35,3.0,6
ORD003383,2023-03-17,CUST00174,58,PROD00669,Grocery,North,Mobile App,PayPal,Delivered,2,24.38,0,48.76,0.0,48.76,27.04,21.72,11.29,2.2,9
ORD002435,2023-03-17,CUST00594,46,PROD00629,Beauty,Central,Marketplace,Debit Card,Delivered,2,41.12,0,82.24,0.0,82.24,60.83,21.41,10.98,4.4,3
ORD002584,2023-03-18,CUST01481,46,PROD00794,Home & Kitchen,North,Website,Cash on Delivery,Shipped,3,115.16,10,345.48,34.55,310.93,199.17,111.76,3.42,3.8,5
ORD003597,2023-03-18,CUST01070,43,PROD00729,Sports,South,Website,Credit Card,Delivered,3,72.41,10,217.23,21.72,195.51,97.85,97.66,13.07,4.5,7
ORD000775,2023-03-19,CUST00997,53,PROD00187,Fashion,East,Website,PayPal,Returned,4,29.56,0,118.24,0.0,118.24,91.29,26.95,10.04,4.0,3
ORD004881,2023-03-19,CUST00431,69,PROD00138,Fashion,North,Mobile App,PayPal,Delivered,3,47.03,0,141.09,0.0,141.09,92.74,48.35,3.86,3.9,10
ORD003133,2023-03-19,CUST00893,47,PROD00523,Beauty,South,Mobile App,Credit Card,Delivered,5,14.71,20,73.55,14.71,58.84,37.16,21.68,3.84,4.0,1
ORD000666,2023-03-19,CUST01134,26,PROD00273,Sports,East,Mobile App,Debit Card,Shipped,5,114.49,10,572.45,57.24,515.21,258.2,257.01,16.53,3.1,3
ORD002100,2023-03-19,CUST01131,48,PROD00319,Home & Kitchen,West,Marketplace,Debit Card,Delivered,1,62.13,10,62.13,6.21,55.92,39.32,16.6,2.52,4.9,9
ORD004513,2023-03-20,CUST01201,21,PROD00606,Electronics,North,Mobile App,Cash on Delivery,Shipped,2,32.11,10,64.22,6.42,57.8,40.72,17.08,3.12,4.1,3
ORD002217,2023-03-20,CUST00849,47,PROD00155,Sports,West,Mobile App,Bank Transfer,Cancelled,1,27.93,10,27.93,2.79,25.14,17.46,7.68,14.66,3.3,4
ORD001905,2023-03-20,CUST01341,18,PROD00223,Beauty,West,Website,Bank Transfer,Shipped,4,73.33,20,293.32,58.66,234.66,119.26,115.4,14.75,4.4,9
ORD001285,2023-03-20,CUST00682,70,PROD00458,Beauty,Central,Website,Credit Card,Shipped,5,28.06,0,140.3,0.0,140.3,89.38,50.92,8.96,4.3,6
ORD004936,2023-03-20,CUST00283,36,PROD00154,Beauty,West,Website,Cash on Delivery,Delivered,3,42.2,0,126.6,0.0,126.6,64.88,61.72,12.43,3.9,8
ORD004807,2023-03-20,CUST01392,43,PROD00167,Grocery,East,Mobile App,Bank Transfer,Returned,2,61.63,0,123.26,0.0,123.26,80.58,42.68,6.34,4.1,10
ORD000490,2023-03-21,CUST00471,63,PROD00080,Home & Kitchen,Central,Mobile App,Debit Card,Cancelled,5,286.64,20,1433.2,286.64,1146.56,517.26,629.3,17.77,3.8,9
ORD000604,2023-03-22,CUST00854,46,PROD00007,Sports,West,Mobile App,PayPal,Shipped,3,33.23,0,99.69,0.0,99.69,52.24,47.45,17.44,3.9,9
ORD001235,2023-03-23,CUST00419,66,PROD00227,Grocery,East,Marketplace,PayPal,Delivered,4,62.53,10,250.12,25.01,225.11,166.85,58.26,14.91,3.1,10
ORD000962,2023-03-23,CUST00731,41,PROD00646,Beauty,South,Website,Credit Card,Returned,2,51.34,5,102.68,5.13,97.55,70.54,27.01,4.22,4.7,9
ORD003493,2023-03-23,CUST01446,33,PROD00186,Beauty,East,Website,Bank Transfer,Delivered,1,11.57,30,11.57,3.47,8.1,5.24,2.86,12.06,3.3,5
ORD002651,2023-03-23,CUST00544,45,PROD00555,Home & Kitchen,South,Marketplace,PayPal,Returned,5,21.47,15,107.35,16.1,91.25,64.4,26.85,3.93,5.0,8
ORD003932,2023-03-24,CUST00685,40,PROD00630,Sports,South,Marketplace,PayPal,Delivered,5,63.34,10,316.7,31.67,285.03,157.01,128.02,4.24,4.4,6
ORD003253,2023-03-24,CUST00753,19,PROD00015,Electronics,Central,Website,Credit Card,Delivered,2,33.46,30,66.92,20.08,46.84,32.54,14.3,16.27,5.0,6
ORD004412,2023-03-24,CUST01259,49,PROD00261,Electronics,South,Website,Bank Transfer,Shipped,5,6.97,10,34.85,3.48,31.37,23.19,8.18,16.77,4.3,6
ORD002707,2023-03-24,CUST00139,36,PROD00572,Electronics,South,Mobile App,Debit Card,Delivered,5,11.38,0,56.9,0.0,56.9,37.7,19.2,16.29,3.8,9
ORD000557,2023-03-24,CUST00474,62,PROD00619,Home & Kitchen,South,Marketplace,Credit Card,Shipped,4,44.11,10,176.44,17.64,158.8,86.74,72.06,14.03,3.9,10
ORD001826,2023-03-24,CUST01168,40,PROD00588,Home & Kitchen,South,Website,Cash on Delivery,Delivered,5,30.2,15,151.0,22.65,128.35,88.88,39.47,10.24,4.0,3
ORD002366,2023-03-24,CUST00632,37,PROD00087,Sports,Central,Marketplace,Bank Transfer,Delivered,5,10.46,0,52.3,0.0,52.3,32.12,20.18,12.23,4.1,5
ORD003032,2023-03-25,CUST00582,44,PROD00444,Fashion,Central,Mobile App,PayPal,Cancelled,4,7.42,20,29.68,5.94,23.74,13.88,9.86,10.09,4.8,5
ORD001305,2023-03-25,CUST00191,52,PROD00114,Grocery,South,Website,Cash on Delivery,Returned,3,90.41,10,271.23,27.12,244.11,110.66,133.45,14.04,5.0,8
ORD004720,2023-03-26,CUST00094,26,PROD00111,Electronics,West,Mobile App,Bank Transfer,Cancelled,3,62.99,15,188.97,28.35,160.62,119.12,41.5,14.97,4.0,2
ORD004718,2023-03-26,CUST00452,33,PROD00598,Home & Kitchen,South,Website,Debit Card,Delivered,2,101.68,10,203.36,20.34,183.02,93.17,89.85,9.81,5.0,10
ORD001584,2023-03-26,CUST01293,32,PROD00639,Sports,East,Website,Bank Transfer,Delivered,4,16.54,0,66.16,0.0,66.16,35.9,30.26,7.7,3.1,3
ORD000684,2023-03-27,CUST01191,50,PROD00403,Beauty,North,Website,PayPal,Delivered,5,28.81,5,144.05,7.2,136.85,103.33,33.52,5.62,2.8,7
ORD001535,2023-03-27,CUST00607,67,PROD00263,Beauty,East,Website,Cash on Delivery,Returned,2,81.76,15,163.52,24.53,138.99,104.34,34.65,7.39,3.9,2
ORD002969,2023-03-27,CUST00494,41,PROD00428,Sports,North,Website,Cash on Delivery,Delivered,1,219.37,0,219.37,0.0,219.37,151.99,67.38,16.4,1.9,2
ORD003972,2023-03-28,CUST00637,40,PROD00168,Sports,West,Website,PayPal,Returned,5,25.15,20,125.75,25.15,100.6,73.54,27.06,4.26,4.9,9
ORD001404,2023-03-28,CUST00505,28,PROD00532,Grocery,Central,Website,Cash on Delivery,Cancelled,1,31.84,0,31.84,0.0,31.84,16.71,15.13,17.29,4.3,3
ORD003381,2023-03-28,CUST00199,31,PROD00084,Sports,North,Website,Bank Transfer,Shipped,4,39.0,10,156.0,15.6,140.4,89.09,51.31,13.54,4.0,3
ORD000931,2023-03-28,CUST00782,60,PROD00025,Grocery,South,Mobile App,PayPal,Delivered,5,25.28,15,126.4,18.96,107.44,50.14,57.3,5.88,3.9,5
ORD001916,2023-03-28,CUST00755,46,PROD00753,Electronics,Central,Mobile App,Bank Transfer,Delivered,1,27.75,5,27.75,1.39,26.36,12.12,14.24,14.53,3.5,10
ORD001912,2023-03-28,CUST00459,58,PROD00206,Sports,East,Mobile App,Bank Transfer,Delivered,3,125.98,10,377.94,37.79,340.15,160.32,179.83,12.48,3.9,5
ORD000007,2023-03-29,CUST00250,38,PROD00048,Grocery,South,Marketplace,PayPal,Delivered,2,64.5,5,129.0,6.45,122.55,95.33,27.22,6.35,2.9,4
ORD002001,2023-03-29,CUST00736,22,PROD00065,Sports,Central,Website,PayPal,Returned,1,9.45,20,9.45,1.89,7.56,5.4,2.16,2.01,4.1,9
ORD003712,2023-03-29,CUST00215,59,PROD00499,Beauty,South,Mobile App,Debit Card,Delivered,2,16.56,0,33.12,0.0,33.12,20.28,12.84,15.62,4.0,2
ORD003331,2023-03-29,CUST00237,30,PROD00408,Sports,North,Mobile App,Credit Card,Delivered,1,93.96,25,93.96,23.49,70.47,42.0,28.47,9.24,4.6,6
ORD004832,2023-03-30,CUST01375,23,PROD00540,Sports,East,Mobile App,Bank Transfer,Returned,2,29.13,10,58.26,5.83,52.43,39.04,13.39,6.24,2.8,6
ORD000780,2023-03-30,CUST00321,27,PROD00623,Beauty,South,Mobile App,Cash on Delivery,Delivered,4,89.04,20,356.16,71.23,284.93,154.85,130.08,5.26,4.7,3
ORD002388,2023-03-30,CUST00765,33,PROD00407,Electronics,Central,Marketplace,Debit Card,Delivered,3,33.0,15,99.0,14.85,84.15,46.97,37.18,8.8,3.9,4
ORD000508,2023-03-31,CUST01153,54,PROD00536,Electronics,West,Mobile App,Bank Transfer,Delivered,5,14.58,5,72.9,3.64,69.26,42.72,26.54,7.01,4.2,4
ORD004235,2023-03-31,CUST01105,40,PROD00556,Sports,West,Website,Cash on Delivery,Delivered,4,72.42,15,289.68,43.45,246.23,178.48,67.75,5.3,2.8,10
ORD001372,2023-03-31,CUST00673,66,PROD00407,Electronics,South,Website,Debit Card,Returned,4,10.65,15,42.6,6.39,36.21,17.54,18.67,9.06,4.0,9
ORD003686,2023-03-31,CUST00550,43,PROD00078,Home & Kitchen,West,Website,Credit Card,Delivered,1,52.4,25,52.4,13.1,39.3,29.34,9.96,2.92,5.0,8
ORD001627,2023-03-31,CUST00013,51,PROD00129,Fashion,West,Mobile App,Cash on Delivery,Delivered,3,45.41,10,136.23,13.62,122.61,73.44,49.17,16.12,4.1,2
ORD000387,2023-03-31,CUST00624,36,PROD00757,Home & Kitchen,Central,Website,Debit Card,Cancelled,4,33.48,5,133.92,6.7,127.22,98.4,28.82,6.16,4.2,1
ORD000744,2023-03-31,CUST01319,50,PROD00073,Grocery,Central,Marketplace,Credit Card,Delivered,4,20.63,5,82.52,4.13,78.39,41.23,37.16,7.78,4.3,3
ORD003997,2023-04-01,CUST01177,42,PROD00021,Fashion,East,Website,Cash on Delivery,Delivered,2,18.18,30,36.36,10.91,25.45,17.68,7.77,6.9,3.7,2
ORD000465,2023-04-01,CUST01456,64,PROD00374,Sports,East,Website,Bank Transfer,Delivered,3,73.77,15,221.31,33.2,188.11,109.22,78.89,4.27,3.7,10
ORD001214,2023-04-02,CUST00282,64,PROD00762,Home & Kitchen,Central,Mobile App,Bank Transfer,Shipped,1,29.68,10,29.68,2.97,26.71,16.99,9.72,11.64,3.0,1
ORD001804,2023-04-02,CUST00835,57,PROD00054,Sports,Central,Website,Credit Card,Returned,1,34.2,5,34.2,1.71,32.49,17.78,14.71,6.37,4.6,8
ORD000044,2023-04-02,CUST00195,68,PROD00199,Electronics,West,Marketplace,PayPal,Delivered,3,20.76,30,62.28,18.68,43.6,29.01,14.59,5.68,4.7,7
ORD001359,2023-04-02,CUST00528,35,PROD00370,Electronics,North,Marketplace,PayPal,Returned,2,137.9,5,275.8,13.79,262.01,153.77,108.24,14.83,4.4,8
ORD003323,2023-04-02,CUST01480,33,PROD00227,Home & Kitchen,North,Mobile App,PayPal,Shipped,5,13.45,5,67.25,3.36,63.89,31.36,32.53,9.48,3.2,10
ORD001846,2023-04-02,CUST00875,22,PROD00653,Fashion,South,Mobile App,Bank Transfer,Returned,2,34.51,10,69.02,6.9,62.12,43.28,18.84,16.64,3.7,10
ORD000627,2023-04-03,CUST00298,47,PROD00786,Home & Kitchen,Central,Mobile App,Bank Transfer,Delivered,3,9.22,5,27.66,1.38,26.28,13.85,12.43,8.36,2.6,8
ORD002449,2023-04-03,CUST00578,59,PROD00175,Sports,Central,Mobile App,Debit Card,Delivered,1,25.13,20,25.13,5.03,20.1,13.38,6.72,7.3,3.3,9
ORD002968,2023-04-03,CUST00099,36,PROD00452,Grocery,East,Mobile App,Bank Transfer,Shipped,2,73.62,25,147.24,36.81,110.43,53.76,56.67,11.17,3.0,8
ORD001423,2023-04-03,CUST00594,70,PROD00100,Home & Kitchen,East,Mobile App,Credit Card,Shipped,1,34.31,5,34.31,1.72,32.59,22.02,10.57,2.66,4.0,9
ORD003674,2023-04-03,CUST00086,41,PROD00799,Electronics,Central,Website,PayPal,Returned,4,22.35,5,89.4,4.47,84.93,53.99,30.94,9.95,4.3,8
ORD003435,2023-04-03,CUST00073,43,PROD00586,Beauty,Central,Website,Debit Card,Delivered,1,19.57,5,19.57,0.98,18.59,9.09,9.5,1.91,5.0,8
ORD000347,2023-04-04,CUST00776,49,PROD00261,Electronics,South,Marketplace,Credit Card,Returned,1,43.72,25,43.72,10.93,32.79,19.98,12.81,17.44,4.5,2
ORD000567,2023-04-05,CUST00372,53,PROD00520,Electronics,Central,Mobile App,Debit Card,Delivered,4,100.74,15,402.96,60.44,342.52,178.27,164.25,3.47,5.0,9
ORD000621,2023-04-05,CUST01033,44,PROD00117,Sports,Central,Website,PayPal,Cancelled,3,49.8,20,149.4,29.88,119.52,83.26,36.26,10.43,4.6,7
ORD000825,2023-04-05,CUST00969,55,PROD00544,Beauty,North,Website,Bank Transfer,Delivered,5,9.19,10,45.95,4.6,41.35,22.38,18.97,5.76,5.0,7
ORD001787,2023-04-05,CUST00810,60,PROD00430,Electronics,East,Website,Credit Card,Returned,5,27.8,30,139.0,41.7,97.3,61.28,36.02,7.26,3.6,6
ORD000944,2023-04-06,CUST00024,58,PROD00300,Home & Kitchen,North,Marketplace,Cash on Delivery,Delivered,4,46.02,5,184.08,9.2,174.88,109.93,64.95,12.52,3.5,1
ORD003763,2023-04-06,CUST00339,26,PROD00250,Sports,South,Mobile App,Bank Transfer,Delivered,2,41.69,15,83.38,12.51,70.87,45.95,24.92,14.22,3.5,6
ORD003511,2023-04-06,CUST01426,50,PROD00108,Electronics,South,Mobile App,Bank Transfer,Delivered,5,40.17,0,200.85,0.0,200.85,136.88,63.97,1.6,5.0,9
ORD000407,2023-04-06,CUST00468,49,PROD00080,Grocery,North,Website,Debit Card,Returned,5,22.94,25,114.7,28.68,86.02,39.78,46.24,7.18,4.1,1
ORD000118,2023-04-06,CUST01430,24,PROD00752,Sports,East,Marketplace,Cash on Delivery,Delivered,5,22.23,0,111.15,0.0,111.15,84.05,27.1,2.3,3.8,5
ORD004981,2023-04-07,CUST00064,31,PROD00531,Beauty,Central,Website,PayPal,Shipped,2,19.08,10,38.16,3.82,34.34,20.98,13.36,5.92,3.3,10
ORD003368,2023-04-07,CUST01078,29,PROD00514,Beauty,East,Website,Cash on Delivery,Shipped,2,20.69,10,41.38,4.14,37.24,27.2,10.04,17.99,4.7,5
ORD000593,2023-04-08,CUST01193,22,PROD00712,Fashion,Central,Mobile App,PayPal,Returned,1,26.89,0,26.89,0.0,26.89,20.15,6.74,1.73,2.9,2
ORD002196,2023-04-08,CUST01415,22,PROD00439,Fashion,Central,Website,Bank Transfer,Cancelled,1,17.01,10,17.01,1.7,15.31,7.37,7.94,15.14,3.3,9
ORD001032,2023-04-08,CUST00370,40,PROD00513,Home & Kitchen,North,Website,Credit Card,Delivered,4,39.64,10,158.56,15.86,142.7,107.11,35.59,8.52,5.0,7
ORD003207,2023-04-08,CUST00616,36,PROD00230,Grocery,North,Mobile App,PayPal,Shipped,5,12.02,0,60.1,0.0,60.1,39.14,20.96,14.01,3.5,5
ORD004189,2023-04-09,CUST01276,62,PROD00662,Grocery,South,Mobile App,Bank Transfer,Delivered,1,8.75,10,8.75,0.88,7.87,4.89,2.98,8.07,4.7,9
ORD000098,2023-04-09,CUST00470,35,PROD00689,Electronics,South,Website,Credit Card,Cancelled,1,185.89,5,185.89,9.29,176.6,83.37,93.23,8.12,3.5,1
ORD003018,2023-04-09,CUST01333,52,PROD00472,Electronics,Central,Website,Cash on Delivery,Delivered,2,32.17,25,64.34,16.08,48.26,36.92,11.34,5.86,4.7,5
ORD000206,2023-04-09,CUST00470,47,PROD00730,Fashion,North,Website,Debit Card,Delivered,3,9.39,25,28.17,7.04,21.13,11.12,10.01,7.59,3.5,2
ORD000247,2023-04-09,CUST01267,51,PROD00468,Grocery,East,Website,Debit Card,Returned,4,14.01,0,56.04,0.0,56.04,37.62,18.42,17.41,4.4,7
ORD001453,2023-04-10,CUST00302,60,PROD00432,Beauty,West,Website,Bank Transfer,Delivered,2,22.49,20,44.98,9.0,35.98,27.7,8.28,7.05,3.9,1
ORD003229,2023-04-10,CUST00376,25,PROD00705,Electronics,Central,Mobile App,PayPal,Returned,1,26.64,15,26.64,4.0,22.64,16.03,6.61,14.98,4.3,7
ORD001835,2023-04-11,CUST01104,61,PROD00098,Sports,South,Website,Debit Card,Returned,2,7.72,10,15.44,1.54,13.9,6.55,7.35,15.45,3.9,3
ORD003757,2023-04-11,CUST01447,18,PROD00695,Grocery,West,Mobile App,Credit Card,Cancelled,3,36.61,15,109.83,16.47,93.36,47.13,46.23,16.87,3.9,5
ORD004747,2023-04-11,CUST00740,20,PROD00046,Electronics,South,Website,Cash on Delivery,Delivered,4,49.56,10,198.24,19.82,178.42,110.96,67.46,2.31,4.3,6
ORD001913,2023-04-11,CUST00697,53,PROD00681,Fashion,West,Marketplace,Debit Card,Shipped,3,54.33,5,162.99,8.15,154.84,74.33,80.51,14.34,4.4,7
ORD001351,2023-04-12,CUST00247,65,PROD00041,Home & Kitchen,West,Mobile App,Credit Card,Delivered,2,108.23,5,216.46,10.82,205.64,147.38,58.26,15.34,3.2,8
ORD001576,2023-04-12,CUST00703,42,PROD00574,Beauty,West,Marketplace,Bank Transfer,Delivered,5,11.74,10,58.7,5.87,52.83,37.95,14.88,13.74,3.6,5
ORD001057,2023-04-12,CUST01408,20,PROD00641,Beauty,West,Mobile App,Debit Card,Shipped,5,21.54,10,107.7,10.77,96.93,52.43,44.5,5.67,4.6,3
ORD004123,2023-04-13,CUST00539,61,PROD00085,Home & Kitchen,East,Website,Cash on Delivery,Delivered,4,28.08,10,112.32,11.23,101.09,47.62,53.47,16.52,4.3,2
ORD000589,2023-04-13,CUST00869,50,PROD00169,Beauty,East,Mobile App,Credit Card,Delivered,5,26.38,15,131.9,19.78,112.12,74.69,37.43,17.09,3.1,5
ORD002487,2023-04-13,CUST01252,62,PROD00505,Beauty,South,Website,PayPal,Delivered,3,37.07,25,111.21,27.8,83.41,45.47,37.94,8.25,4.5,4
ORD003596,2023-04-14,CUST00705,26,PROD00323,Electronics,North,Mobile App,PayPal,Shipped,3,23.52,30,70.56,21.17,49.39,26.7,22.69,2.87,4.7,5
ORD002850,2023-04-14,CUST00243,35,PROD00723,Sports,South,Website,Debit Card,Delivered,1,31.59,10,31.59,3.16,28.43,16.33,12.1,3.33,4.7,10
ORD002616,2023-04-14,CUST01500,37,PROD00374,Grocery,West,Mobile App,Cash on Delivery,Delivered,1,34.22,20,34.22,6.84,27.38,19.16,8.22,11.0,3.7,5
ORD003107,2023-04-14,CUST00111,53,PROD00531,Beauty,South,Mobile App,PayPal,Delivered,2,31.2,15,62.4,9.36,53.04,26.14,26.9,3.35,2.8,3
ORD000203,2023-04-14,CUST00572,45,PROD00191,Fashion,North,Mobile App,PayPal,Returned,1,87.88,10,87.88,8.79,79.09,54.8,24.29,1.95,3.9,9
ORD003919,2023-04-14,CUST00593,33,PROD00104,Home & Kitchen,North,Mobile App,Debit Card,Returned,4,26.54,5,106.16,5.31,100.85,66.54,34.31,6.56,3.9,10
ORD000795,2023-04-14,CUST01325,39,PROD00343,Electronics,East,Mobile App,Debit Card,Delivered,1,33.2,10,33.2,3.32,29.88,22.86,7.02,4.97,3.6,7
ORD003966,2023-04-15,CUST01409,44,PROD00776,Electronics,South,Marketplace,PayPal,Delivered,2,8.61,20,17.22,3.44,13.78,6.75,7.03,11.65,2.9,6
ORD003009,2023-04-15,CUST00997,48,PROD00116,Beauty,South,Mobile App,Bank Transfer,Delivered,3,15.75,5,47.25,2.36,44.89,25.0,19.89,3.03,4.7,2
ORD002507,2023-04-15,CUST00030,23,PROD00767,Fashion,North,Website,Cash on Delivery,Cancelled,4,22.83,30,91.32,27.4,63.92,34.34,29.58,4.41,3.3,8
ORD001886,2023-04-15,CUST01128,67,PROD00183,Beauty,West,Website,Cash on Delivery,Returned,2,61.48,5,122.96,6.15,116.81,78.77,38.04,11.23,4.1,6
ORD000544,2023-04-15,CUST00790,26,PROD00292,Fashion,East,Mobile App,Cash on Delivery,Delivered,3,28.97,0,86.91,0.0,86.91,51.38,35.53,7.63,4.1,10
ORD003772,2023-04-16,CUST01295,23,PROD00607,Home & Kitchen,South,Website,PayPal,Delivered,4,17.3,15,69.2,10.38,58.82,28.92,29.9,7.91,3.6,7
ORD001622,2023-04-16,CUST01407,22,PROD00600,Grocery,East,Mobile App,Credit Card,Delivered,3,71.81,0,215.43,0.0,215.43,157.15,58.28,1.88,3.8,6
ORD001376,2023-04-16,CUST01379,30,PROD00488,Grocery,West,Marketplace,Debit Card,Delivered,1,8.43,25,8.43,2.11,6.32,3.82,2.5,2.7,3.7,3
ORD003782,2023-04-16,CUST01359,52,PROD00608,Grocery,South,Marketplace,Bank Transfer,Cancelled,4,48.82,10,195.28,19.53,175.75,91.71,84.04,11.48,3.1,5
ORD004988,2023-04-16,CUST00479,70,PROD00383,Electronics,North,Website,Cash on Delivery,Cancelled,2,39.79,25,79.58,19.9,59.68,28.79,30.89,5.76,2.7,3
ORD000650,2023-04-17,CUST01130,56,PROD00381,Sports,North,Website,Cash on Delivery,Cancelled,1,11.55,15,11.55,1.73,9.82,6.34,3.48,11.55,4.1,7
ORD003895,2023-04-17,CUST01035,47,PROD00014,Sports,West,Mobile App,Credit Card,Cancelled,2,11.8,20,23.6,4.72,18.88,12.58,6.3,10.69,3.1,3
ORD004560,2023-04-18,CUST00786,69,PROD00163,Home & Kitchen,North,Website,Cash on Delivery,Shipped,4,60.1,15,240.4,36.06,204.34,108.79,95.55,5.07,3.4,3
ORD002013,2023-04-18,CUST00794,67,PROD00710,Home & Kitchen,North,Website,PayPal,Returned,2,25.83,15,51.66,7.75,43.91,29.41,14.5,17.17,4.2,6
ORD004022,2023-04-18,CUST00248,41,PROD00670,Home & Kitchen,Central,Website,Cash on Delivery,Delivered,1,20.76,5,20.76,1.04,19.72,11.14,8.58,3.64,3.0,10
ORD001055,2023-04-18,CUST00457,36,PROD00677,Fashion,North,Marketplace,PayPal,Delivered,1,33.49,25,33.49,8.37,25.12,17.12,8.0,3.51,3.9,8
ORD003123,2023-04-19,CUST00129,66,PROD00284,Home & Kitchen,East,Mobile App,Debit Card,Delivered,4,152.86,20,611.44,122.29,489.15,301.23,187.92,17.53,4.8,1
ORD000692,2023-04-19,CUST00362,45,PROD00691,Fashion,North,Mobile App,Credit Card,Returned,3,20.18,10,60.54,6.05,54.49,36.85,17.64,10.53,3.5,7
ORD000438,2023-04-19,CUST01081,47,PROD00197,Electronics,West,Mobile App,Debit Card,Shipped,3,21.41,5,64.23,3.21,61.02,33.39,27.63,17.16,4.1,3
ORD002588,2023-04-19,CUST01379,61,PROD00691,Home & Kitchen,Central,Website,PayPal,Delivered,4,15.45,10,61.8,6.18,55.62,33.15,22.47,7.67,3.1,4
ORD003854,2023-04-19,CUST00047,48,PROD00277,Home & Kitchen,South,Website,PayPal,Delivered,2,46.01,5,92.02,4.6,87.42,43.19,44.23,13.06,4.4,4
ORD003374,2023-04-19,CUST00965,60,PROD00097,Electronics,Central,Website,Cash on Delivery,Shipped,2,49.51,25,99.02,24.76,74.26,34.41,39.85,2.44,4.3,7
ORD004742,2023-04-19,CUST00079,21,PROD00310,Beauty,South,Mobile App,Debit Card,Cancelled,2,64.91,10,129.82,12.98,116.84,77.6,39.24,11.3,4.1,8
ORD004401,2023-04-19,CUST01395,30,PROD00120,Fashion,North,Website,Cash on Delivery,Delivered,3,34.44,25,103.32,25.83,77.49,57.15,20.34,8.83,3.2,5
ORD003745,2023-04-20,CUST00514,28,PROD00648,Electronics,West,Website,PayPal,Delivered,5,54.25,0,271.25,0.0,271.25,145.83,125.42,9.0,4.6,1
ORD000695,2023-04-21,CUST01201,57,PROD00070,Grocery,East,Mobile App,Bank Transfer,Delivered,5,22.53,10,112.65,11.26,101.39,54.97,46.42,15.67,3.1,9
ORD002837,2023-04-21,CUST01325,42,PROD00060,Fashion,West,Website,Bank Transfer,Cancelled,4,12.44,0,49.76,0.0,49.76,23.1,26.66,12.94,3.7,7
ORD000693,2023-04-21,CUST00096,24,PROD00327,Home & Kitchen,West,Website,Cash on Delivery,Delivered,5,86.18,10,430.9,43.09,387.81,215.52,172.29,7.23,3.0,9
ORD000618,2023-04-21,CUST00546,39,PROD00744,Beauty,South,Website,Bank Transfer,Returned,1,12.89,15,12.89,1.93,10.96,5.41,5.55,11.26,3.7,8
ORD004863,2023-04-21,CUST00301,22,PROD00098,Home & Kitchen,East,Mobile App,Credit Card,Cancelled,2,13.49,15,26.98,4.05,22.93,15.04,7.89,13.33,3.6,7
ORD001386,2023-04-21,CUST01271,22,PROD00772,Beauty,South,Website,PayPal,Returned,1,26.89,15,26.89,4.03,22.86,11.38,11.48,9.98,3.4,3
ORD004039,2023-04-21,CUST00426,44,PROD00412,Beauty,South,Marketplace,Bank Transfer,Delivered,1,72.69,5,72.69,3.63,69.06,52.61,16.45,17.14,4.6,2
ORD004450,2023-04-21,CUST00532,46,PROD00653,Sports,Central,Mobile App,PayPal,Delivered,3,139.41,5,418.23,20.91,397.32,304.41,92.91,5.5,2.5,6
ORD004657,2023-04-21,CUST00299,40,PROD00044,Electronics,Central,Website,PayPal,Shipped,2,64.48,0,128.96,0.0,128.96,65.82,63.14,8.65,4.0,8
ORD002717,2023-04-21,CUST00329,50,PROD00017,Beauty,West,Mobile App,Bank Transfer,Delivered,4,49.45,0,197.8,0.0,197.8,139.27,58.53,15.76,3.3,5
ORD002027,2023-04-22,CUST00255,29,PROD00734,Beauty,South,Mobile App,PayPal,Shipped,1,28.76,15,28.76,4.31,24.45,18.24,6.21,3.45,3.8,3
ORD004745,2023-04-22,CUST00264,64,PROD00663,Home & Kitchen,West,Website,Bank Transfer,Returned,3,19.43,0,58.29,0.0,58.29,40.36,17.93,10.78,3.5,8
ORD003037,2023-04-22,CUST00279,63,PROD00077,Grocery,East,Website,Credit Card,Returned,3,25.79,5,77.37,3.87,73.5,39.07,34.43,15.47,4.6,1
ORD004167,2023-04-23,CUST00550,51,PROD00651,Electronics,North,Website,Credit Card,Delivered,1,29.92,25,29.92,7.48,22.44,14.32,8.12,16.36,3.7,3
ORD000740,2023-04-23,CUST00111,19,PROD00406,Electronics,North,Website,Debit Card,Delivered,4,24.36,15,97.44,14.62,82.82,53.83,28.99,6.54,2.7,6
ORD002685,2023-04-23,CUST00554,68,PROD00665,Grocery,Central,Mobile App,Credit Card,Delivered,1,67.0,15,67.0,10.05,56.95,27.92,29.03,6.34,2.9,8
ORD003165,2023-04-23,CUST00400,35,PROD00742,Sports,North,Mobile App,PayPal,Delivered,4,23.71,20,94.84,18.97,75.87,47.65,28.22,12.84,4.1,10
ORD005000,2023-04-23,CUST00478,33,PROD00428,Fashion,North,Marketplace,Bank Transfer,Delivered,4,37.7,20,150.8,30.16,120.64,64.06,56.58,1.79,3.6,1
ORD002086,2023-04-23,CUST01104,29,PROD00763,Sports,West,Marketplace,PayPal,Shipped,2,35.03,10,70.06,7.01,63.05,32.86,30.19,13.66,4.1,1
ORD000145,2023-04-23,CUST00456,47,PROD00301,Electronics,South,Website,PayPal,Cancelled,3,18.07,5,54.21,2.71,51.5,27.82,23.68,2.4,3.9,6
ORD001973,2023-04-23,CUST01129,51,PROD00229,Grocery,South,Marketplace,Cash on Delivery,Returned,2,23.43,5,46.86,2.34,44.52,26.12,18.4,6.19,5.0,9
ORD004641,2023-04-23,CUST00658,63,PROD00501,Sports,West,Mobile App,Cash on Delivery,Shipped,5,23.04,5,115.2,5.76,109.44,77.72,31.72,15.33,3.5,2
ORD003627,2023-04-24,CUST00802,60,PROD00038,Beauty,East,Mobile App,Bank Transfer,Delivered,5,32.82,10,164.1,16.41,147.69,74.01,73.68,10.35,3.7,7
ORD001751,2023-04-24,CUST00818,38,PROD00261,Electronics,South,Marketplace,Bank Transfer,Delivered,5,68.61,15,343.05,51.46,291.59,223.3,68.29,5.35,4.3,1
ORD000923,2023-04-24,CUST01242,41,PROD00194,Sports,South,Mobile App,Debit Card,Delivered,2,12.86,10,25.72,2.57,23.15,17.59,5.56,8.8,3.7,6
ORD001538,2023-04-24,CUST00749,56,PROD00591,Grocery,South,Website,Bank Transfer,Delivered,3,13.49,0,40.47,0.0,40.47,24.09,16.38,12.43,3.3,1
ORD003004,2023-04-24,CUST01018,67,PROD00346,Fashion,East,Mobile App,Bank Transfer,Delivered,2,30.74,10,61.48,6.15,55.33,34.37,20.96,2.69,4.0,2
ORD003412,2023-04-25,CUST00884,32,PROD00524,Electronics,East,Mobile App,Credit Card,Delivered,1,91.82,5,91.82,4.59,87.23,45.86,41.37,14.55,3.4,8
ORD001208,2023-04-25,CUST00858,18,PROD00491,Grocery,West,Website,PayPal,Shipped,5,65.14,0,325.7,0.0,325.7,173.94,151.76,4.8,5.0,8
ORD000393,2023-04-25,CUST01016,27,PROD00195,Home & Kitchen,West,Website,Debit Card,Shipped,2,64.68,25,129.36,32.34,97.02,47.63,49.39,10.83,4.4,4
ORD004187,2023-04-26,CUST00315,32,PROD00316,Home & Kitchen,Central,Mobile App,Debit Card,Delivered,4,37.57,5,150.28,7.51,142.77,109.41,33.36,13.04,3.6,6
ORD004489,2023-04-26,CUST01496,32,PROD00325,Home & Kitchen,South,Mobile App,PayPal,Shipped,5,21.79,30,108.95,32.68,76.27,43.77,32.5,8.89,5.0,10
ORD001716,2023-04-26,CUST00489,19,PROD00800,Fashion,East,Mobile App,PayPal,Delivered,1,117.46,15,117.46,17.62,99.84,73.33,26.51,11.33,4.4,2
ORD004913,2023-04-26,CUST00744,65,PROD00388,Fashion,East,Mobile App,Cash on Delivery,Returned,1,12.92,0,12.92,0.0,12.92,8.55,4.37,3.24,3.6,1
ORD003489,2023-04-26,CUST00395,30,PROD00358,Fashion,Central,Website,Bank Transfer,Cancelled,5,36.5,10,182.5,18.25,164.25,109.48,54.77,12.49,4.0,3
ORD002659,2023-04-26,CUST01021,26,PROD00015,Sports,West,Website,Bank Transfer,Delivered,5,18.49,0,92.45,0.0,92.45,58.75,33.7,2.29,4.9,8
ORD002999,2023-04-26,CUST01347,70,PROD00276,Electronics,East,Website,Debit Card,Returned,4,23.43,5,93.72,4.69,89.03,68.37,20.66,11.96,3.8,9
ORD001368,2023-04-26,CUST00888,51,PROD00756,Electronics,West,Mobile App,Debit Card,Returned,3,49.29,15,147.87,22.18,125.69,92.38,33.31,12.07,3.6,3
ORD001337,2023-04-27,CUST00848,63,PROD00764,Beauty,South,Marketplace,Cash on Delivery,Shipped,2,64.15,0,128.3,0.0,128.3,67.74,60.56,5.58,3.7,10
ORD000326,2023-04-27,CUST00421,52,PROD00431,Grocery,Central,Website,Bank Transfer,Returned,4,65.14,15,260.56,39.08,221.48,167.49,53.99,10.7,3.8,2
ORD000870,2023-04-27,CUST01386,18,PROD00459,Sports,Central,Mobile App,PayPal,Cancelled,4,24.0,0,96.0,0.0,96.0,71.7,24.3,2.56,4.3,10
ORD002827,2023-04-28,CUST00452,39,PROD00614,Beauty,West,Website,Debit Card,Cancelled,4,44.63,0,178.52,0.0,178.52,93.32,85.2,3.54,5.0,5
ORD004488,2023-04-28,CUST00332,41,PROD00477,Electronics,West,Website,Credit Card,Shipped,2,29.54,30,59.08,17.72,41.36,27.66,13.7,4.18,5.0,2
ORD003174,2023-04-28,CUST00771,38,PROD00238,Home & Kitchen,South,Marketplace,Cash on Delivery,Delivered,5,39.68,25,198.4,49.6,148.8,98.42,50.38,6.41,4.0,9
ORD000573,2023-04-28,CUST01418,53,PROD00339,Home & Kitchen,North,Website,Debit Card,Cancelled,3,31.3,10,93.9,9.39,84.51,50.26,34.25,15.81,3.5,5
ORD003420,2023-04-28,CUST00466,65,PROD00431,Sports,Central,Marketplace,Debit Card,Shipped,1,29.38,0,29.38,0.0,29.38,18.19,11.19,14.58,5.0,10
ORD000725,2023-04-28,CUST00476,37,PROD00755,Grocery,Central,Mobile App,Cash on Delivery,Delivered,5,93.08,15,465.4,69.81,395.59,304.19,91.4,5.8,5.0,7
ORD001505,2023-04-29,CUST00746,61,PROD00286,Fashion,West,Marketplace,Debit Card,Delivered,5,51.15,10,255.75,25.58,230.17,131.97,98.2,9.08,4.3,2
ORD002847,2023-04-29,CUST00720,23,PROD00762,Grocery,East,Mobile App,Credit Card,Shipped,5,31.5,20,157.5,31.5,126.0,72.97,53.03,12.42,4.0,3
ORD001948,2023-04-29,CUST00161,66,PROD00481,Grocery,North,Marketplace,PayPal,Delivered,1,28.32,5,28.32,1.42,26.9,18.43,8.47,9.37,3.7,4
ORD003816,2023-04-30,CUST00139,23,PROD00576,Electronics,West,Website,Credit Card,Cancelled,4,82.48,10,329.92,32.99,296.93,217.64,79.29,12.14,4.8,2
ORD000322,2023-04-30,CUST01270,46,PROD00654,Sports,Central,Mobile App,Cash on Delivery,Delivered,3,36.38,20,109.14,21.83,87.31,55.13,32.18,13.29,3.2,5
ORD004197,2023-05-01,CUST01341,21,PROD00236,Fashion,East,Mobile App,Credit Card,Delivered,2,17.83,0,35.66,0.0,35.66,26.3,9.36,3.68,3.4,4
ORD003337,2023-05-01,CUST01014,67,PROD00744,Grocery,East,Website,Bank Transfer,Returned,1,32.98,5,32.98,1.65,31.33,20.85,10.48,6.73,4.6,2
ORD000004,2023-05-02,CUST00001,28,PROD00610,Fashion,West,Mobile App,Cash on Delivery,Delivered,2,13.36,0,26.72,0.0,26.72,14.98,11.74,3.11,4.9,9
ORD004092,2023-05-02,CUST00499,50,PROD00320,Home & Kitchen,East,Website,PayPal,Delivered,1,23.27,20,23.27,4.65,18.62,12.08,6.54,12.44,4.3,5
ORD004627,2023-05-02,CUST00642,20,PROD00258,Sports,North,Website,Cash on Delivery,Shipped,4,67.26,20,269.04,53.81,215.23,109.85,105.38,5.11,3.7,7
ORD001975,2023-05-02,CUST00552,35,PROD00466,Beauty,East,Mobile App,Cash on Delivery,Returned,3,26.36,15,79.08,11.86,67.22,38.15,29.07,16.25,2.8,1
ORD001406,2023-05-02,CUST00470,23,PROD00152,Sports,North,Website,Credit Card,Returned,4,25.75,5,103.0,5.15,97.85,64.28,33.57,4.14,4.3,3
ORD001373,2023-05-02,CUST00372,68,PROD00416,Grocery,West,Website,Debit Card,Shipped,5,23.86,5,119.3,5.96,113.34,52.49,60.85,2.16,4.7,8
ORD002574,2023-05-02,CUST00962,27,PROD00320,Home & Kitchen,East,Mobile App,Bank Transfer,Delivered,2,58.45,5,116.9,5.84,111.06,85.21,25.85,16.06,3.9,6
ORD000156,2023-05-03,CUST01311,26,PROD00383,Home & Kitchen,South,Website,Credit Card,Returned,2,26.92,10,53.84,5.38,48.46,28.38,20.08,14.89,3.7,10
ORD004616,2023-05-03,CUST00243,25,PROD00009,Electronics,Central,Website,Debit Card,Returned,4,36.54,30,146.16,43.85,102.31,71.2,31.11,9.8,2.8,4
ORD003319,2023-05-03,CUST01486,27,PROD00535,Grocery,South,Website,Credit Card,Returned,3,19.1,20,57.3,11.46,45.84,21.23,24.61,14.26,3.4,8
ORD004388,2023-05-03,CUST01411,43,PROD00116,Electronics,West,Mobile App,Cash on Delivery,Delivered,2,32.42,0,64.84,0.0,64.84,45.93,18.91,9.41,4.7,2
ORD002101,2023-05-04,CUST00052,44,PROD00700,Fashion,East,Website,Cash on Delivery,Returned,5,35.4,5,177.0,8.85,168.15,83.44,84.71,6.21,4.8,9
ORD002577,2023-05-04,CUST01113,47,PROD00391,Beauty,Central,Marketplace,PayPal,Returned,4,22.79,5,91.16,4.56,86.6,56.42,30.18,8.73,4.4,5
ORD001968,2023-05-04,CUST00850,41,PROD00630,Electronics,West,Marketplace,Debit Card,Delivered,2,4.33,5,8.66,0.43,8.23,5.6,2.63,5.66,3.2,8
ORD002330,2023-05-04,CUST00263,68,PROD00075,Beauty,North,Website,Bank Transfer,Delivered,4,170.19,15,680.76,102.11,578.65,269.19,309.46,10.47,3.9,2
ORD001839,2023-05-04,CUST01318,24,PROD00508,Grocery,South,Marketplace,Bank Transfer,Returned,1,26.22,5,26.22,1.31,24.91,15.9,9.01,10.82,4.3,5
ORD004171,2023-05-05,CUST01447,51,PROD00695,Sports,East,Website,PayPal,Cancelled,3,16.61,5,49.83,2.49,47.34,25.3,22.04,15.77,3.0,7
ORD002569,2023-05-05,CUST00227,23,PROD00552,Electronics,North,Mobile App,Debit Card,Shipped,3,152.08,0,456.24,0.0,456.24,241.41,214.83,12.04,3.2,10
ORD004365,2023-05-05,CUST00919,35,PROD00398,Sports,South,Mobile App,Cash on Delivery,Delivered,3,34.84,15,104.52,15.68,88.84,57.29,31.55,17.13,3.8,1
ORD004984,2023-05-05,CUST01379,58,PROD00774,Grocery,Central,Website,Debit Card,Shipped,2,32.93,0,65.86,0.0,65.86,50.4,15.46,8.73,4.1,5
ORD002575,2023-05-05,CUST00569,55,PROD00318,Fashion,West,Website,Bank Transfer,Cancelled,5,17.07,20,85.35,17.07,68.28,47.26,21.02,10.42,4.6,7
ORD002952,2023-05-05,CUST00931,30,PROD00645,Electronics,South,Website,Bank Transfer,Cancelled,2,47.91,5,95.82,4.79,91.03,52.55,38.48,5.86,4.6,4
ORD002677,2023-05-06,CUST00460,41,PROD00530,Grocery,West,Website,Debit Card,Shipped,3,54.31,15,162.93,24.44,138.49,68.34,70.15,13.66,4.2,3
ORD000616,2023-05-06,CUST00561,19,PROD00586,Beauty,South,Website,Debit Card,Delivered,1,68.93,10,68.93,6.89,62.04,41.65,20.39,8.95,3.9,5
ORD002552,2023-05-06,CUST00912,31,PROD00568,Grocery,Central,Website,Debit Card,Returned,1,13.28,25,13.28,3.32,9.96,6.69,3.27,2.07,3.9,2
ORD001518,2023-05-06,CUST01256,48,PROD00480,Grocery,West,Website,Cash on Delivery,Returned,2,212.29,25,424.58,106.14,318.44,216.92,101.52,4.49,4.2,1
ORD000685,2023-05-06,CUST00607,31,PROD00729,Fashion,South,Mobile App,Credit Card,Returned,5,28.17,15,140.85,21.13,119.72,78.25,41.47,6.67,2.7,7
ORD004704,2023-05-07,CUST01016,49,PROD00025,Home & Kitchen,South,Website,Bank Transfer,Delivered,4,189.03,5,756.12,37.81,718.31,545.69,172.62,16.71,4.7,9
ORD000851,2023-05-07,CUST01470,59,PROD00117,Electronics,East,Marketplace,Cash on Delivery,Cancelled,5,32.21,10,161.05,16.1,144.95,108.39,36.56,17.68,3.4,6
ORD002479,2023-05-07,CUST00793,69,PROD00151,Beauty,South,Website,Credit Card,Returned,3,50.89,0,152.67,0.0,152.67,109.7,42.97,17.98,3.1,2
ORD000260,2023-05-08,CUST01473,38,PROD00647,Sports,North,Mobile App,PayPal,Cancelled,1,11.54,5,11.54,0.58,10.96,6.29,4.67,1.87,3.9,4
ORD000982,2023-05-08,CUST00527,63,PROD00534,Home & Kitchen,North,Website,Bank Transfer,Shipped,1,30.99,20,30.99,6.2,24.79,11.37,13.42,7.14,3.0,6
ORD000998,2023-05-08,CUST01097,52,PROD00626,Sports,Central,Mobile App,Cash on Delivery,Delivered,4,37.79,5,151.16,7.56,143.6,111.1,32.5,10.63,4.0,6
ORD003188,2023-05-08,CUST00628,33,PROD00746,Electronics,Central,Website,Debit Card,Delivered,2,23.58,10,47.16,4.72,42.44,21.53,20.91,4.29,3.3,4
ORD001803,2023-05-08,CUST01238,61,PROD00037,Grocery,West,Mobile App,Bank Transfer,Delivered,5,38.4,20,192.0,38.4,153.6,102.96,50.64,12.28,4.5,5
ORD003975,2023-05-09,CUST00544,21,PROD00069,Fashion,South,Website,Debit Card,Cancelled,5,40.76,5,203.8,10.19,193.61,88.73,104.88,15.3,2.1,10
ORD004432,2023-05-09,CUST00631,35,PROD00027,Fashion,South,Website,PayPal,Delivered,4,76.81,20,307.24,61.45,245.79,117.74,128.05,16.44,4.7,1
ORD001891,2023-05-09,CUST01209,49,PROD00093,Electronics,West,Website,Credit Card,Cancelled,2,25.55,20,51.1,10.22,40.88,18.66,22.22,2.77,3.6,5
ORD002016,2023-05-09,CUST00277,59,PROD00570,Fashion,Central,Website,PayPal,Shipped,3,43.3,25,129.9,32.47,97.43,52.47,44.96,9.51,4.3,1
ORD002988,2023-05-09,CUST00300,29,PROD00461,Beauty,South,Mobile App,Debit Card,Shipped,2,91.72,25,183.44,45.86,137.58,104.6,32.98,11.65,3.5,3
ORD004308,2023-05-09,CUST00244,30,PROD00205,Fashion,Central,Mobile App,Debit Card,Cancelled,5,125.2,0,626.0,0.0,626.0,485.8,140.2,8.03,3.5,4
ORD001531,2023-05-09,CUST00501,24,PROD00181,Electronics,East,Website,Bank Transfer,Delivered,3,45.94,5,137.82,6.89,130.93,82.77,48.16,2.31,2.7,2
ORD004960,2023-05-10,CUST00959,20,PROD00671,Sports,West,Mobile App,Debit Card,Returned,3,6.88,0,20.64,0.0,20.64,10.42,10.22,10.78,4.4,7
ORD001470,2023-05-10,CUST00043,67,PROD00617,Sports,Central,Website,Cash on Delivery,Delivered,5,56.65,0,283.25,0.0,283.25,141.33,141.92,17.39,4.3,1
ORD001780,2023-05-10,CUST01105,70,PROD00365,Sports,South,Mobile App,Cash on Delivery,Delivered,2,57.13,0,114.26,0.0,114.26,61.6,52.66,7.32,3.4,3
ORD004300,2023-05-10,CUST00695,42,PROD00596,Electronics,South,Mobile App,Debit Card,Delivered,2,23.4,15,46.8,7.02,39.78,24.6,15.18,11.7,4.6,7
ORD001020,2023-05-10,CUST00060,19,PROD00753,Beauty,North,Marketplace,Cash on Delivery,Delivered,2,120.28,25,240.56,60.14,180.42,135.36,45.06,4.28,4.0,5
ORD000824,2023-05-10,CUST00461,20,PROD00450,Home & Kitchen,South,Mobile App,Debit Card,Returned,2,16.27,25,32.54,8.14,24.4,12.54,11.86,2.2,4.7,10
ORD000009,2023-05-11,CUST00738,25,PROD00438,Grocery,North,Website,Bank Transfer,Delivered,1,23.71,15,23.71,3.56,20.15,13.97,6.18,15.32,3.8,7
ORD004438,2023-05-11,CUST00834,35,PROD00681,Home & Kitchen,Central,Website,Cash on Delivery,Shipped,3,42.6,10,127.8,12.78,115.02,74.18,40.84,16.38,3.8,4
ORD002284,2023-05-11,CUST00403,49,PROD00506,Electronics,North,Website,Debit Card,Delivered,5,25.81,0,129.05,0.0,129.05,79.4,49.65,17.82,3.8,8
ORD001054,2023-05-11,CUST00569,64,PROD00551,Beauty,West,Website,Debit Card,Returned,2,132.04,15,264.08,39.61,224.47,160.97,63.5,6.79,3.7,9
ORD001100,2023-05-11,CUST00558,64,PROD00275,Home & Kitchen,South,Website,PayPal,Returned,4,26.24,10,104.96,10.5,94.46,73.04,21.42,10.38,4.3,3
ORD000777,2023-05-12,CUST01287,42,PROD00086,Grocery,East,Website,PayPal,Delivered,4,84.57,10,338.28,33.83,304.45,218.78,85.67,12.66,4.8,5
ORD002044,2023-05-12,CUST01264,70,PROD00223,Fashion,South,Mobile App,Cash on Delivery,Delivered,2,108.82,20,217.64,43.53,174.11,79.52,94.59,7.54,4.4,3
ORD003029,2023-05-12,CUST00748,22,PROD00439,Beauty,North,Website,Bank Transfer,Delivered,2,31.77,0,63.54,0.0,63.54,41.93,21.61,17.36,4.4,5
ORD002431,2023-05-12,CUST00954,52,PROD00099,Sports,South,Website,Cash on Delivery,Returned,1,40.94,15,40.94,6.14,34.8,26.78,8.02,8.21,3.7,9
ORD000605,2023-05-13,CUST01124,58,PROD00549,Electronics,East,Mobile App,Credit Card,Delivered,1,29.46,15,29.46,4.42,25.04,17.89,7.15,5.25,4.8,7
ORD001486,2023-05-13,CUST00459,27,PROD00132,Sports,West,Mobile App,Debit Card,Returned,3,132.29,10,396.87,39.69,357.18,202.8,154.38,2.77,4.4,8
ORD001226,2023-05-13,CUST00471,61,PROD00789,Home & Kitchen,North,Website,Bank Transfer,Delivered,2,98.97,30,197.94,59.38,138.56,64.0,74.56,15.15,2.5,2
ORD001772,2023-05-14,CUST00151,49,PROD00199,Grocery,East,Mobile App,Credit Card,Cancelled,5,159.41,10,797.05,79.7,717.35,559.45,157.9,4.46,2.9,9
ORD004753,2023-05-14,CUST00175,29,PROD00083,Home & Kitchen,North,Mobile App,Credit Card,Cancelled,4,32.86,10,131.44,13.14,118.3,60.02,58.28,17.9,3.1,5
ORD004598,2023-05-14,CUST01236,45,PROD00599,Grocery,East,Mobile App,Bank Transfer,Returned,4,5.38,10,21.52,2.15,19.37,10.11,9.26,5.52,4.1,10
ORD004651,2023-05-14,CUST00944,25,PROD00386,Sports,North,Mobile App,Debit Card,Returned,2,39.43,25,78.86,19.72,59.14,27.0,32.14,16.61,5.0,10
ORD004875,2023-05-14,CUST01033,36,PROD00775,Sports,West,Website,PayPal,Delivered,2,22.08,15,44.16,6.62,37.54,22.46,15.08,3.81,3.5,6
ORD000484,2023-05-14,CUST00614,64,PROD00320,Fashion,West,Website,Bank Transfer,Shipped,1,57.14,15,57.14,8.57,48.57,26.45,22.12,1.92,2.4,10
ORD000089,2023-05-15,CUST00327,20,PROD00470,Home & Kitchen,East,Mobile App,Credit Card,Cancelled,5,24.5,5,122.5,6.12,116.38,72.72,43.66,14.3,3.8,10
ORD003328,2023-05-15,CUST00475,47,PROD00516,Beauty,South,Marketplace,Credit Card,Delivered,3,44.2,10,132.6,13.26,119.34,79.42,39.92,4.77,3.7,7
ORD004290,2023-05-15,CUST01498,38,PROD00074,Home & Kitchen,West,Mobile App,Debit Card,Shipped,2,18.09,15,36.18,5.43,30.75,15.34,15.41,6.82,3.2,2
ORD002014,2023-05-16,CUST01106,70,PROD00067,Electronics,East,Website,Cash on Delivery,Cancelled,1,44.51,10,44.51,4.45,40.06,26.04,14.02,13.06,3.2,9
ORD004114,2023-05-16,CUST01417,26,PROD00571,Electronics,South,Marketplace,Cash on Delivery,Delivered,4,85.72,0,342.88,0.0,342.88,257.38,85.5,6.6,4.3,9
ORD004459,2023-05-17,CUST00905,69,PROD00044,Beauty,East,Website,PayPal,Returned,1,13.18,20,13.18,2.64,10.54,7.02,3.52,4.0,4.2,6
ORD003423,2023-05-17,CUST01178,52,PROD00412,Home & Kitchen,Central,Website,Bank Transfer,Delivered,2,34.69,15,69.38,10.41,58.97,45.7,13.27,8.48,2.8,6
ORD003371,2023-05-17,CUST00185,39,PROD00032,Grocery,West,Website,Cash on Delivery,Delivered,4,87.57,5,350.28,17.51,332.77,196.63,136.14,1.62,3.2,1
ORD002103,2023-05-17,CUST00294,50,PROD00756,Home & Kitchen,East,Mobile App,Bank Transfer,Cancelled,3,15.91,20,47.73,9.55,38.18,25.29,12.89,11.09,3.8,8
ORD001085,2023-05-17,CUST01456,29,PROD00079,Grocery,West,Mobile App,Credit Card,Delivered,4,20.56,10,82.24,8.22,74.02,53.06,20.96,9.49,4.7,3
ORD003946,2023-05-17,CUST00934,27,PROD00209,Sports,South,Website,Credit Card,Delivered,5,25.35,10,126.75,12.68,114.07,78.63,35.44,13.24,2.8,5
ORD002767,2023-05-17,CUST00936,45,PROD00753,Home & Kitchen,South,Website,Debit Card,Returned,4,42.81,25,171.24,42.81,128.43,60.81,67.62,7.4,3.6,2
ORD002971,2023-05-17,CUST00110,67,PROD00486,Electronics,Central,Marketplace,Cash on Delivery,Delivered,3,4.67,15,14.01,2.1,11.91,5.7,6.21,17.65,4.2,10
ORD004658,2023-05-17,CUST00277,37,PROD00201,Grocery,West,Website,Credit Card,Cancelled,5,138.19,25,690.95,172.74,518.21,371.67,146.54,11.53,5.0,7
ORD002107,2023-05-18,CUST00194,19,PROD00344,Sports,Central,Website,PayPal,Delivered,2,34.65,30,69.3,20.79,48.51,25.64,22.87,9.72,4.5,3
ORD003632,2023-05-18,CUST00090,25,PROD00493,Beauty,North,Website,Cash on Delivery,Shipped,4,33.97,0,135.88,0.0,135.88,102.23,33.65,3.17,3.9,1
ORD001934,2023-05-18,CUST00650,57,PROD00003,Electronics,West,Mobile App,PayPal,Cancelled,5,52.09,15,260.45,39.07,221.38,121.63,99.75,7.7,4.0,2
ORD000608,2023-05-18,CUST00982,53,PROD00512,Fashion,Central,Website,Debit Card,Cancelled,4,27.37,0,109.48,0.0,109.48,56.63,52.85,16.04,4.8,5
ORD004004,2023-05-18,CUST00717,21,PROD00168,Home & Kitchen,East,Website,PayPal,Cancelled,2,38.62,15,77.24,11.59,65.65,47.92,17.73,7.06,2.8,7
ORD000747,2023-05-19,CUST00895,21,PROD00022,Beauty,Central,Mobile App,Bank Transfer,Shipped,1,26.79,0,26.79,0.0,26.79,15.19,11.6,9.16,4.9,4
ORD003898,2023-05-19,CUST00638,34,PROD00413,Fashion,West,Mobile App,Credit Card,Delivered,5,68.67,15,343.35,51.5,291.85,157.33,134.52,8.31,4.0,4
ORD002605,2023-05-19,CUST00243,34,PROD00295,Home & Kitchen,East,Mobile App,PayPal,Cancelled,3,33.05,5,99.15,4.96,94.19,68.74,25.45,4.46,4.3,10
ORD003473,2023-05-19,CUST01202,54,PROD00670,Electronics,Central,Mobile App,PayPal,Shipped,3,48.4,0,145.2,0.0,145.2,73.17,72.03,9.03,5.0,4
ORD003915,2023-05-19,CUST00969,63,PROD00068,Grocery,South,Marketplace,Cash on Delivery,Delivered,5,99.5,10,497.5,49.75,447.75,216.79,230.96,15.3,4.1,6
ORD002611,2023-05-19,CUST00319,39,PROD00044,Electronics,West,Mobile App,Bank Transfer,Returned,4,26.97,0,107.88,0.0,107.88,70.58,37.3,10.27,3.4,5
ORD003354,2023-05-20,CUST01144,65,PROD00154,Grocery,West,Marketplace,Bank Transfer,Shipped,2,17.54,10,35.08,3.51,31.57,22.82,8.75,4.24,5.0,5
ORD003889,2023-05-20,CUST01373,29,PROD00690,Grocery,Central,Marketplace,Credit Card,Shipped,2,49.92,10,99.84,9.98,89.86,49.98,39.88,11.67,3.4,3
ORD003168,2023-05-20,CUST01325,57,PROD00693,Grocery,West,Marketplace,Credit Card,Cancelled,3,21.51,30,64.53,19.36,45.17,27.16,18.01,7.5,3.7,8
ORD003971,2023-05-20,CUST00706,32,PROD00236,Fashion,West,Mobile App,Cash on Delivery,Shipped,2,33.6,30,67.2,20.16,47.04,31.66,15.38,16.57,4.1,10
ORD000741,2023-05-20,CUST00604,24,PROD00446,Sports,North,Website,Credit Card,Delivered,3,97.67,10,293.01,29.3,263.71,181.78,81.93,3.68,3.6,7
ORD002772,2023-05-21,CUST00817,41,PROD00495,Electronics,Central,Website,PayPal,Shipped,3,86.31,5,258.93,12.95,245.98,177.02,68.96,8.85,4.0,4
ORD003432,2023-05-21,CUST01084,49,PROD00238,Sports,North,Mobile App,Bank Transfer,Cancelled,2,34.5,20,69.0,13.8,55.2,41.52,13.68,2.77,4.5,7
ORD001640,2023-05-21,CUST00586,31,PROD00408,Grocery,East,Website,Cash on Delivery,Delivered,1,14.62,20,14.62,2.92,11.7,6.34,5.36,9.86,3.7,7
ORD002693,2023-05-21,CUST00590,58,PROD00013,Electronics,North,Mobile App,Bank Transfer,Cancelled,4,26.74,30,106.96,32.09,74.87,47.74,27.13,15.41,5.0,8
ORD004227,2023-05-21,CUST00819,40,PROD00775,Beauty,Central,Mobile App,Cash on Delivery,Delivered,5,44.84,30,224.2,67.26,156.94,90.17,66.77,14.07,4.3,8
ORD000841,2023-05-21,CUST00772,42,PROD00031,Electronics,North,Website,Debit Card,Delivered,4,18.08,0,72.32,0.0,72.32,42.21,30.11,9.16,4.7,2
ORD001613,2023-05-21,CUST00406,27,PROD00689,Fashion,East,Mobile App,Cash on Delivery,Delivered,2,59.73,0,119.46,0.0,119.46,74.17,45.29,10.03,3.8,1
ORD002159,2023-05-22,CUST01096,50,PROD00461,Grocery,South,Website,Debit Card,Delivered,1,55.54,0,55.54,0.0,55.54,36.75,18.79,10.92,3.5,7
ORD002353,2023-05-22,CUST00361,22,PROD00380,Electronics,West,Website,PayPal,Delivered,5,40.6,0,203.0,0.0,203.0,117.69,85.31,4.65,5.0,3
ORD002452,2023-05-22,CUST00983,69,PROD00298,Grocery,West,Website,Credit Card,Delivered,3,51.82,15,155.46,23.32,132.14,76.66,55.48,8.92,3.4,4
ORD001569,2023-05-23,CUST01283,61,PROD00296,Electronics,West,Marketplace,Bank Transfer,Delivered,5,39.21,10,196.05,19.6,176.45,112.21,64.24,6.32,5.0,3
ORD001374,2023-05-23,CUST00736,45,PROD00685,Sports,West,Website,PayPal,Delivered,4,22.53,15,90.12,13.52,76.6,42.83,33.77,15.27,5.0,3
ORD001763,2023-05-23,CUST00971,18,PROD00255,Fashion,West,Mobile App,Debit Card,Cancelled,1,21.41,15,21.41,3.21,18.2,8.97,9.23,7.21,4.2,2
ORD002338,2023-05-23,CUST00644,67,PROD00661,Grocery,Central,Website,Bank Transfer,Delivered,2,58.01,20,116.02,23.2,92.82,48.62,44.2,8.52,3.9,7
ORD003876,2023-05-23,CUST01140,64,PROD00520,Grocery,East,Website,Debit Card,Delivered,5,14.96,20,74.8,14.96,59.84,42.2,17.64,13.44,2.8,1
ORD000788,2023-05-23,CUST01480,58,PROD00486,Beauty,West,Website,PayPal,Delivered,3,114.36,15,343.08,51.46,291.62,145.18,146.44,7.0,4.6,5
ORD004803,2023-05-23,CUST00345,24,PROD00158,Electronics,East,Marketplace,Debit Card,Cancelled,5,16.11,5,80.55,4.03,76.52,56.89,19.63,6.03,4.2,10
ORD004303,2023-05-24,CUST00547,22,PROD00501,Home & Kitchen,South,Website,Bank Transfer,Delivered,5,89.92,20,449.6,89.92,359.68,243.96,115.72,8.3,3.7,8
ORD004601,2023-05-24,CUST00534,70,PROD00138,Electronics,East,Website,Debit Card,Delivered,5,45.87,15,229.35,34.4,194.95,145.13,49.82,8.25,3.3,8
ORD004850,2023-05-24,CUST01430,37,PROD00099,Sports,South,Website,Bank Transfer,Cancelled,4,39.61,0,158.44,0.0,158.44,87.78,70.66,16.04,4.6,2
ORD000165,2023-05-24,CUST00581,55,PROD00487,Home & Kitchen,West,Mobile App,Debit Card,Cancelled,5,68.8,15,344.0,51.6,292.4,158.63,133.77,1.66,1.8,9
ORD000429,2023-05-24,CUST01018,25,PROD00796,Sports,South,Mobile App,Debit Card,Delivered,5,10.66,20,53.3,10.66,42.64,29.17,13.47,7.03,3.4,9
ORD000184,2023-05-24,CUST01002,31,PROD00541,Fashion,South,Website,Credit Card,Delivered,4,32.9,0,131.6,0.0,131.6,82.92,48.68,12.15,4.5,8
ORD000688,2023-05-25,CUST00997,40,PROD00405,Home & Kitchen,East,Mobile App,Bank Transfer,Delivered,2,19.48,10,38.96,3.9,35.06,22.25,12.81,15.1,3.9,2
ORD000791,2023-05-25,CUST00987,29,PROD00554,Fashion,Central,Website,Cash on Delivery,Returned,2,46.59,25,93.18,23.3,69.88,51.49,18.39,15.86,5.0,2
ORD004096,2023-05-25,CUST00913,43,PROD00658,Grocery,West,Mobile App,PayPal,Cancelled,4,62.99,30,251.96,75.59,176.37,101.16,75.21,3.63,4.1,5
ORD000536,2023-05-26,CUST00125,45,PROD00315,Sports,Central,Mobile App,Debit Card,Shipped,1,20.19,15,20.19,3.03,17.16,8.61,8.55,12.06,3.8,6
ORD001141,2023-05-26,CUST00661,44,PROD00090,Beauty,Central,Mobile App,Credit Card,Returned,4,39.08,25,156.32,39.08,117.24,82.49,34.75,8.22,5.0,7
ORD004760,2023-05-26,CUST00843,63,PROD00286,Home & Kitchen,East,Website,Credit Card,Shipped,5,23.65,10,118.25,11.82,106.43,58.33,48.1,2.49,4.7,2
ORD001659,2023-05-26,CUST00351,40,PROD00057,Grocery,West,Marketplace,Debit Card,Returned,4,37.35,15,149.4,22.41,126.99,71.53,55.46,11.15,3.7,10
ORD004078,2023-05-26,CUST00553,66,PROD00204,Fashion,East,Mobile App,Cash on Delivery,Cancelled,5,36.1,25,180.5,45.12,135.38,66.96,68.42,15.67,3.4,5
ORD002636,2023-05-27,CUST00641,38,PROD00765,Beauty,West,Mobile App,Debit Card,Delivered,3,34.5,25,103.5,25.88,77.62,38.5,39.12,14.22,4.4,6
ORD003419,2023-05-27,CUST00319,29,PROD00083,Electronics,Central,Mobile App,Bank Transfer,Delivered,2,18.84,25,37.68,9.42,28.26,17.95,10.31,17.49,4.1,7
ORD002665,2023-05-27,CUST00669,19,PROD00191,Grocery,Central,Mobile App,Debit Card,Shipped,1,14.1,0,14.1,0.0,14.1,8.18,5.92,8.33,3.4,8
ORD000173,2023-05-27,CUST00861,35,PROD00195,Fashion,South,Website,Bank Transfer,Shipped,2,5.13,10,10.26,1.03,9.23,4.94,4.29,11.32,4.2,9
ORD000959,2023-05-27,CUST00797,67,PROD00555,Fashion,West,Mobile App,PayPal,Shipped,3,67.28,0,201.84,0.0,201.84,151.63,50.21,11.35,5.0,2
ORD004672,2023-05-28,CUST01082,60,PROD00039,Sports,South,Website,Credit Card,Cancelled,4,29.2,5,116.8,5.84,110.96,81.04,29.92,13.47,3.1,9
ORD004383,2023-05-28,CUST00183,53,PROD00745,Beauty,West,Mobile App,PayPal,Returned,2,44.35,5,88.7,4.43,84.27,54.98,29.29,2.32,3.1,7
ORD003219,2023-05-28,CUST00689,33,PROD00046,Home & Kitchen,Central,Mobile App,Cash on Delivery,Delivered,3,115.53,15,346.59,51.99,294.6,153.79,140.81,16.12,4.7,9
ORD004279,2023-05-28,CUST01171,61,PROD00670,Electronics,North,Website,Credit Card,Delivered,2,31.12,30,62.24,18.67,43.57,21.19,22.38,8.97,5.0,5
ORD001921,2023-05-28,CUST00736,40,PROD00792,Beauty,Central,Mobile App,Credit Card,Delivered,5,42.11,15,210.55,31.58,178.97,118.49,60.48,12.26,5.0,7
ORD000899,2023-05-28,CUST01137,23,PROD00408,Grocery,East,Marketplace,Cash on Delivery,Returned,5,18.74,10,93.7,9.37,84.33,48.16,36.17,1.75,4.0,4
ORD003977,2023-05-29,CUST00690,70,PROD00564,Electronics,East,Mobile App,Cash on Delivery,Returned,1,30.3,20,30.3,6.06,24.24,11.48,12.76,4.78,5.0,1
ORD001827,2023-05-29,CUST00209,19,PROD00007,Grocery,South,Mobile App,Debit Card,Shipped,2,27.73,25,55.46,13.86,41.6,19.26,22.34,9.59,4.5,9
ORD001705,2023-05-29,CUST01370,32,PROD00175,Grocery,East,Mobile App,PayPal,Delivered,4,50.29,0,201.16,0.0,201.16,104.78,96.38,5.99,3.2,9
ORD001740,2023-05-29,CUST00074,45,PROD00640,Grocery,Central,Website,Credit Card,Delivered,5,42.1,10,210.5,21.05,189.45,144.21,45.24,11.11,2.6,10
ORD001952,2023-05-29,CUST00490,58,PROD00643,Electronics,Central,Website,Cash on Delivery,Delivered,2,27.97,0,55.94,0.0,55.94,32.18,23.76,10.38,4.8,10
ORD001980,2023-05-29,CUST01294,47,PROD00315,Fashion,West,Mobile App,Bank Transfer,Delivered,5,14.34,10,71.7,7.17,64.53,45.18,19.35,16.74,4.3,3
ORD001026,2023-05-29,CUST00196,47,PROD00505,Fashion,East,Mobile App,Bank Transfer,Cancelled,4,10.69,0,42.76,0.0,42.76,21.15,21.61,5.46,3.0,4
ORD004158,2023-05-30,CUST00190,67,PROD00357,Sports,North,Website,Bank Transfer,Cancelled,1,182.3,20,182.3,36.46,145.84,110.86,34.98,2.83,3.6,4
ORD000294,2023-05-30,CUST00007,66,PROD00432,Beauty,North,Website,Bank Transfer,Delivered,3,35.65,20,106.95,21.39,85.56,65.69,19.87,11.06,5.0,5
ORD000958,2023-05-31,CUST01439,42,PROD00111,Grocery,South,Website,Bank Transfer,Delivered,5,77.69,5,388.45,19.42,369.03,198.76,170.27,2.49,3.8,5
ORD000182,2023-05-31,CUST01051,30,PROD00051,Fashion,North,Marketplace,Credit Card,Delivered,5,27.88,15,139.4,20.91,118.49,62.98,55.51,12.36,2.5,7
ORD001524,2023-05-31,CUST01246,45,PROD00749,Fashion,South,Mobile App,Credit Card,Delivered,3,10.44,25,31.32,7.83,23.49,16.63,6.86,9.0,4.7,7
ORD003278,2023-05-31,CUST00693,55,PROD00596,Beauty,West,Website,Debit Card,Cancelled,3,27.41,0,82.23,0.0,82.23,48.78,33.45,17.78,4.8,3
ORD003961,2023-06-01,CUST01313,41,PROD00117,Home & Kitchen,Central,Mobile App,Credit Card,Delivered,5,17.45,5,87.25,4.36,82.89,57.8,25.09,2.58,3.8,10
ORD001436,2023-06-01,CUST01228,47,PROD00779,Home & Kitchen,South,Mobile App,PayPal,Returned,5,31.07,25,155.35,38.84,116.51,82.52,33.99,16.16,2.4,10
ORD000199,2023-06-01,CUST00840,47,PROD00071,Sports,North,Mobile App,PayPal,Shipped,3,45.98,20,137.94,27.59,110.35,56.39,53.96,17.7,5.0,2
ORD001650,2023-06-01,CUST00231,44,PROD00765,Beauty,North,Website,Cash on Delivery,Delivered,3,14.3,0,42.9,0.0,42.9,22.13,20.77,3.48,4.3,8
ORD003100,2023-06-02,CUST00280,58,PROD00787,Home & Kitchen,Central,Website,PayPal,Delivered,4,46.55,5,186.2,9.31,176.89,115.42,61.47,15.55,2.8,1
ORD000207,2023-06-02,CUST00243,24,PROD00089,Electronics,East,Mobile App,Bank Transfer,Delivered,3,170.58,15,511.74,76.76,434.98,323.66,111.32,7.02,4.5,10
ORD003361,2023-06-02,CUST00092,21,PROD00369,Electronics,North,Website,Credit Card,Shipped,5,35.26,5,176.3,8.82,167.48,78.87,88.61,12.89,2.6,6
ORD004766,2023-06-02,CUST00234,51,PROD00379,Fashion,West,Mobile App,Bank Transfer,Delivered,4,29.83,10,119.32,11.93,107.39,78.54,28.85,3.29,3.9,2
ORD000341,2023-06-03,CUST01014,52,PROD00271,Beauty,South,Mobile App,Cash on Delivery,Returned,5,75.07,15,375.35,56.3,319.05,166.63,152.42,10.0,3.8,7
ORD004801,2023-06-03,CUST00413,66,PROD00522,Electronics,North,Mobile App,Credit Card,Shipped,3,63.85,20,191.55,38.31,153.24,109.55,43.69,7.53,4.1,2
ORD003025,2023-06-03,CUST00206,62,PROD00115,Sports,West,Mobile App,Cash on Delivery,Shipped,1,86.31,15,86.31,12.95,73.36,34.52,38.84,15.96,3.5,10
ORD003212,2023-06-03,CUST00175,65,PROD00575,Electronics,East,Mobile App,Cash on Delivery,Delivered,1,11.2,5,11.2,0.56,10.64,5.69,4.95,5.09,4.5,3
ORD003006,2023-06-03,CUST00231,56,PROD00160,Fashion,North,Website,Cash on Delivery,Shipped,3,110.08,5,330.24,16.51,313.73,199.21,114.52,10.66,3.5,1
ORD000569,2023-06-03,CUST00596,19,PROD00301,Fashion,North,Website,Debit Card,Cancelled,5,45.1,10,225.5,22.55,202.95,150.94,52.01,6.84,3.9,9
ORD002363,2023-06-03,CUST00873,44,PROD00023,Sports,Central,Website,Credit Card,Delivered,2,44.58,5,89.16,4.46,84.7,59.36,25.34,1.57,4.9,2
ORD002948,2023-06-03,CUST00555,38,PROD00115,Beauty,South,Mobile App,Cash on Delivery,Delivered,4,20.13,30,80.52,24.16,56.36,27.25,29.11,16.19,3.8,5
ORD001044,2023-06-03,CUST00323,55,PROD00154,Grocery,Central,Mobile App,Bank Transfer,Shipped,4,27.63,15,110.52,16.58,93.94,70.56,23.38,1.74,5.0,1
ORD003711,2023-06-04,CUST00014,54,PROD00344,Electronics,West,Marketplace,Bank Transfer,Cancelled,2,54.3,5,108.6,5.43,103.17,60.04,43.13,12.65,4.6,8
ORD004578,2023-06-04,CUST01156,44,PROD00789,Sports,Central,Marketplace,Cash on Delivery,Cancelled,2,7.83,10,15.66,1.57,14.09,9.09,5.0,1.95,3.9,4
ORD000268,2023-06-04,CUST01060,25,PROD00006,Grocery,South,Mobile App,PayPal,Returned,2,62.33,20,124.66,24.93,99.73,63.73,36.0,11.02,4.7,6
ORD001845,2023-06-04,CUST01297,67,PROD00206,Home & Kitchen,Central,Marketplace,Bank Transfer,Delivered,5,180.94,25,904.7,226.18,678.52,517.43,161.09,5.4,3.4,3
ORD002326,2023-06-05,CUST00514,63,PROD00206,Home & Kitchen,East,Mobile App,Credit Card,Cancelled,4,24.54,5,98.16,4.91,93.25,51.36,41.89,16.32,4.4,8
ORD003859,2023-06-05,CUST00679,43,PROD00093,Fashion,East,Marketplace,Bank Transfer,Delivered,1,35.88,25,35.88,8.97,26.91,17.83,9.08,2.76,3.3,6
ORD001495,2023-06-05,CUST00519,70,PROD00696,Electronics,East,Website,PayPal,Delivered,2,8.86,5,17.72,0.89,16.83,11.36,5.47,3.0,3.9,2
ORD000894,2023-06-05,CUST01002,64,PROD00397,Beauty,North,Marketplace,Cash on Delivery,Delivered,5,35.11,20,175.55,35.11,140.44,77.88,62.56,15.75,4.6,3
ORD003570,2023-06-05,CUST00349,54,PROD00756,Sports,North,Website,PayPal,Returned,4,48.27,10,193.08,19.31,173.77,132.11,41.66,12.86,3.5,9
ORD002302,2023-06-05,CUST00200,23,PROD00336,Fashion,East,Mobile App,Cash on Delivery,Shipped,5,31.23,30,156.15,46.84,109.31,64.66,44.65,14.47,4.5,3
ORD001295,2023-06-06,CUST00113,60,PROD00589,Home & Kitchen,North,Marketplace,Bank Transfer,Shipped,4,11.91,15,47.64,7.15,40.49,29.42,11.07,6.9,4.5,3
ORD004974,2023-06-06,CUST00981,60,PROD00459,Home & Kitchen,West,Marketplace,Credit Card,Delivered,3,17.34,20,52.02,10.4,41.62,28.67,12.95,7.87,4.2,7
ORD002880,2023-06-06,CUST00045,23,PROD00249,Sports,Central,Website,PayPal,Returned,4,79.96,0,319.84,0.0,319.84,144.05,175.79,7.91,2.8,4
ORD000805,2023-06-06,CUST00011,59,PROD00538,Sports,Central,Website,Credit Card,Returned,4,76.4,5,305.6,15.28,290.32,218.79,71.53,5.62,4.8,4
ORD000243,2023-06-07,CUST00052,62,PROD00142,Sports,East,Website,Bank Transfer,Delivered,5,43.27,10,216.35,21.64,194.71,113.98,80.73,1.74,3.4,9
ORD002072,2023-06-08,CUST00625,68,PROD00572,Grocery,West,Mobile App,PayPal,Returned,3,37.95,10,113.85,11.38,102.47,49.96,52.51,17.42,4.2,10
ORD002908,2023-06-08,CUST00931,38,PROD00616,Sports,North,Mobile App,Bank Transfer,Delivered,2,26.71,30,53.42,16.03,37.39,26.08,11.31,2.3,3.4,5
ORD001427,2023-06-08,CUST00434,34,PROD00587,Home & Kitchen,South,Mobile App,Debit Card,Delivered,3,110.94,15,332.82,49.92,282.9,148.72,134.18,4.53,3.6,8
ORD001631,2023-06-08,CUST00309,21,PROD00318,Sports,Central,Website,PayPal,Delivered,2,87.02,0,174.04,0.0,174.04,96.63,77.41,14.16,2.9,1
ORD004117,2023-06-08,CUST00369,66,PROD00482,Sports,East,Mobile App,PayPal,Delivered,5,28.73,15,143.65,21.55,122.1,72.58,49.52,15.57,2.2,3
ORD002738,2023-06-09,CUST00680,21,PROD00241,Beauty,East,Mobile App,Bank Transfer,Delivered,1,65.28,5,65.28,3.26,62.02,36.0,26.02,15.31,3.8,1
ORD001179,2023-06-09,CUST00277,29,PROD00745,Home & Kitchen,East,Mobile App,Debit Card,Delivered,1,37.46,5,37.46,1.87,35.59,25.7,9.89,12.11,3.6,8
ORD000372,2023-06-09,CUST00116,62,PROD00247,Home & Kitchen,North,Mobile App,PayPal,Cancelled,1,29.67,0,29.67,0.0,29.67,21.63,8.04,5.16,4.3,8
ORD002868,2023-06-09,CUST01425,21,PROD00705,Grocery,West,Mobile App,Debit Card,Cancelled,3,21.84,20,65.52,13.1,52.42,37.85,14.57,15.48,3.8,10
ORD001957,2023-06-09,CUST01213,21,PROD00528,Beauty,East,Website,Cash on Delivery,Returned,5,55.64,0,278.2,0.0,278.2,160.27,117.93,12.84,3.9,1
ORD001704,2023-06-09,CUST00950,47,PROD00116,Sports,North,Mobile App,Debit Card,Returned,5,21.64,10,108.2,10.82,97.38,47.47,49.91,7.59,5.0,3
ORD003581,2023-06-10,CUST00235,20,PROD00704,Electronics,South,Marketplace,Credit Card,Delivered,2,15.03,5,30.06,1.5,28.56,18.52,10.04,8.81,4.2,1
ORD002094,2023-06-10,CUST00905,43,PROD00384,Beauty,East,Mobile App,Debit Card,Delivered,4,31.04,10,124.16,12.42,111.74,52.59,59.15,5.61,4.0,9
ORD000213,2023-06-10,CUST00052,58,PROD00301,Sports,North,Website,PayPal,Delivered,5,124.57,0,622.85,0.0,622.85,316.8,306.05,17.1,4.3,10
ORD004986,2023-06-10,CUST00329,21,PROD00074,Sports,East,Mobile App,PayPal,Shipped,2,60.99,20,121.98,24.4,97.58,56.06,41.52,2.12,4.2,9
ORD002170,2023-06-10,CUST00443,50,PROD00299,Beauty,West,Mobile App,Debit Card,Delivered,4,33.95,15,135.8,20.37,115.43,63.73,51.7,11.39,3.7,5
ORD000930,2023-06-11,CUST00102,23,PROD00606,Electronics,South,Mobile App,Cash on Delivery,Delivered,2,24.96,10,49.92,4.99,44.93,21.83,23.1,17.84,3.6,3
ORD002812,2023-06-11,CUST00731,20,PROD00106,Home & Kitchen,South,Mobile App,Credit Card,Delivered,3,9.99,0,29.97,0.0,29.97,20.18,9.79,3.12,4.3,1
ORD002070,2023-06-11,CUST00791,56,PROD00222,Grocery,North,Website,Debit Card,Delivered,3,12.59,10,37.77,3.78,33.99,22.87,11.12,9.18,3.8,1
ORD000056,2023-06-11,CUST00805,23,PROD00711,Grocery,South,Marketplace,Credit Card,Returned,4,5.27,5,21.08,1.05,20.03,9.4,10.63,5.03,4.2,3
ORD002712,2023-06-11,CUST00406,66,PROD00564,Grocery,East,Marketplace,Credit Card,Returned,1,35.44,0,35.44,0.0,35.44,18.85,16.59,12.87,4.1,6
ORD004349,2023-06-11,CUST01033,31,PROD00331,Home & Kitchen,West,Website,Debit Card,Returned,1,16.84,0,16.84,0.0,16.84,9.9,6.94,9.32,3.2,9
ORD003090,2023-06-11,CUST00927,18,PROD00544,Beauty,South,Website,Cash on Delivery,Delivered,2,23.07,20,46.14,9.23,36.91,18.52,18.39,12.27,3.9,3
ORD003967,2023-06-11,CUST01462,43,PROD00222,Home & Kitchen,South,Mobile App,Cash on Delivery,Shipped,4,97.32,5,389.28,19.46,369.82,217.91,151.91,7.97,3.4,4
ORD002656,2023-06-12,CUST01216,68,PROD00410,Fashion,Central,Mobile App,Debit Card,Delivered,2,89.07,5,178.14,8.91,169.23,117.51,51.72,8.0,3.9,9
ORD004295,2023-06-12,CUST01036,53,PROD00691,Home & Kitchen,East,Website,Cash on Delivery,Delivered,2,88.74,10,177.48,17.75,159.73,119.38,40.35,17.54,3.2,8
ORD002140,2023-06-12,CUST00321,35,PROD00250,Beauty,South,Mobile App,PayPal,Cancelled,5,10.93,15,54.65,8.2,46.45,25.57,20.88,14.8,4.0,8
ORD004058,2023-06-12,CUST01289,59,PROD00638,Beauty,Central,Marketplace,Credit Card,Returned,2,23.72,15,47.44,7.12,40.32,23.66,16.66,13.28,3.5,9
ORD002243,2023-06-13,CUST00152,21,PROD00542,Fashion,North,Website,PayPal,Shipped,4,187.94,10,751.76,75.18,676.58,359.35,317.23,11.32,4.2,8
ORD001786,2023-06-13,CUST00778,69,PROD00368,Sports,South,Website,Credit Card,Shipped,2,26.9,5,53.8,2.69,51.11,26.51,24.6,13.32,3.1,2
ORD001866,2023-06-13,CUST00570,66,PROD00035,Grocery,North,Mobile App,Credit Card,Shipped,2,41.71,15,83.42,12.51,70.91,37.15,33.76,9.06,2.9,3
ORD004382,2023-06-13,CUST00912,31,PROD00765,Electronics,South,Marketplace,Bank Transfer,Delivered,5,17.53,5,87.65,4.38,83.27,38.23,45.04,5.33,3.2,3
ORD002625,2023-06-13,CUST01480,22,PROD00372,Electronics,South,Website,Bank Transfer,Delivered,3,17.2,0,51.6,0.0,51.6,33.87,17.73,13.11,3.8,4
ORD001493,2023-06-14,CUST00819,67,PROD00618,Electronics,West,Mobile App,Cash on Delivery,Cancelled,2,48.04,30,96.08,28.82,67.26,41.74,25.52,2.97,4.4,5
ORD004906,2023-06-14,CUST00552,37,PROD00777,Beauty,North,Marketplace,Cash on Delivery,Delivered,2,37.26,0,74.52,0.0,74.52,51.67,22.85,3.15,4.1,2
ORD004252,2023-06-14,CUST01251,18,PROD00534,Beauty,East,Website,Bank Transfer,Returned,3,20.87,15,62.61,9.39,53.22,34.87,18.35,11.1,3.9,10
ORD002619,2023-06-14,CUST00289,68,PROD00004,Beauty,Central,Mobile App,PayPal,Cancelled,5,30.47,15,152.35,22.85,129.5,67.59,61.91,12.89,3.7,3
ORD002160,2023-06-14,CUST00182,26,PROD00356,Home & Kitchen,North,Mobile App,Debit Card,Returned,1,42.18,15,42.18,6.33,35.85,20.39,15.46,2.96,3.8,6
ORD000948,2023-06-14,CUST00081,37,PROD00349,Electronics,West,Mobile App,PayPal,Delivered,4,12.44,0,49.76,0.0,49.76,29.75,20.01,17.07,5.0,5
ORD000599,2023-06-15,CUST00549,64,PROD00616,Sports,North,Website,Debit Card,Delivered,4,39.48,0,157.92,0.0,157.92,101.71,56.21,12.72,4.0,1
ORD004052,2023-06-15,CUST00198,35,PROD00500,Home & Kitchen,East,Website,Debit Card,Delivered,3,7.14,0,21.42,0.0,21.42,14.56,6.86,14.62,4.8,3
ORD003684,2023-06-15,CUST01213,39,PROD00616,Electronics,West,Website,Bank Transfer,Cancelled,4,21.83,25,87.32,21.83,65.49,42.73,22.76,5.29,3.1,1
ORD003624,2023-06-15,CUST00896,59,PROD00609,Beauty,North,Website,PayPal,Delivered,1,64.65,30,64.65,19.4,45.25,23.6,21.65,17.78,2.7,4
ORD003210,2023-06-15,CUST00272,53,PROD00800,Sports,North,Website,Cash on Delivery,Returned,2,75.73,20,151.46,30.29,121.17,58.14,63.03,11.28,3.3,6
ORD001347,2023-06-15,CUST01309,18,PROD00366,Fashion,South,Website,Credit Card,Delivered,5,67.46,5,337.3,16.86,320.44,163.15,157.29,14.87,3.3,4
ORD003758,2023-06-15,CUST00132,19,PROD00260,Grocery,East,Website,PayPal,Returned,5,28.81,10,144.05,14.4,129.65,99.84,29.81,2.24,4.2,6
ORD003111,2023-06-16,CUST00155,39,PROD00391,Electronics,Central,Marketplace,Bank Transfer,Shipped,3,47.73,20,143.19,28.64,114.55,73.93,40.62,14.09,4.9,6
ORD000464,2023-06-16,CUST00726,32,PROD00725,Fashion,South,Marketplace,Bank Transfer,Delivered,5,118.56,0,592.8,0.0,592.8,305.1,287.7,13.98,3.7,5
ORD000035,2023-06-16,CUST00968,34,PROD00019,Home & Kitchen,North,Website,PayPal,Delivered,3,20.1,10,60.3,6.03,54.27,38.19,16.08,7.22,3.1,9
ORD001010,2023-06-17,CUST00939,39,PROD00441,Grocery,Central,Website,PayPal,Cancelled,5,25.75,0,128.75,0.0,128.75,100.19,28.56,4.34,4.1,3
ORD001945,2023-06-18,CUST01312,67,PROD00234,Beauty,Central,Website,Credit Card,Shipped,3,15.39,0,46.17,0.0,46.17,30.67,15.5,9.47,3.6,7
ORD000452,2023-06-19,CUST00055,48,PROD00399,Sports,East,Website,Credit Card,Delivered,2,22.6,20,45.2,9.04,36.16,23.04,13.12,5.66,3.3,3
ORD003273,2023-06-19,CUST00165,32,PROD00310,Grocery,North,Mobile App,Credit Card,Delivered,2,76.76,10,153.52,15.35,138.17,100.88,37.29,5.39,5.0,2
ORD002576,2023-06-19,CUST01335,67,PROD00487,Home & Kitchen,West,Mobile App,Credit Card,Delivered,4,55.91,15,223.64,33.55,190.09,139.29,50.8,12.61,4.6,1
ORD001189,2023-06-19,CUST00421,59,PROD00153,Grocery,West,Mobile App,PayPal,Delivered,4,72.22,20,288.88,57.78,231.1,111.65,119.45,5.64,4.7,2
ORD003651,2023-06-19,CUST01262,62,PROD00660,Fashion,South,Website,Debit Card,Delivered,4,11.04,0,44.16,0.0,44.16,26.26,17.9,15.34,4.5,4
ORD002975,2023-06-19,CUST00840,34,PROD00601,Sports,Central,Website,PayPal,Shipped,4,46.93,15,187.72,28.16,159.56,101.55,58.01,3.25,4.4,9
ORD002842,2023-06-20,CUST00119,24,PROD00341,Beauty,North,Website,Bank Transfer,Delivered,2,15.26,10,30.52,3.05,27.47,20.27,7.2,9.27,3.9,5
ORD004132,2023-06-20,CUST00174,34,PROD00398,Sports,East,Website,PayPal,Delivered,2,15.48,5,30.96,1.55,29.41,18.5,10.91,2.54,3.8,8
ORD004116,2023-06-20,CUST00428,36,PROD00304,Electronics,Central,Mobile App,Debit Card,Delivered,2,78.94,0,157.88,0.0,157.88,96.49,61.39,8.26,3.9,1
ORD004446,2023-06-20,CUST01100,66,PROD00330,Electronics,Central,Website,PayPal,Shipped,1,28.99,15,28.99,4.35,24.64,14.38,10.26,7.81,2.9,4
ORD003453,2023-06-20,CUST01147,20,PROD00781,Grocery,West,Website,Credit Card,Delivered,2,10.46,25,20.92,5.23,15.69,7.41,8.28,5.81,5.0,9
ORD004650,2023-06-20,CUST00167,65,PROD00160,Grocery,North,Mobile App,Bank Transfer,Returned,5,50.54,10,252.7,25.27,227.43,140.18,87.25,9.05,4.2,7
ORD002974,2023-06-20,CUST01424,39,PROD00060,Grocery,West,Mobile App,Bank Transfer,Delivered,1,10.99,5,10.99,0.55,10.44,7.24,3.2,6.54,4.5,3
ORD004585,2023-06-21,CUST00336,55,PROD00510,Electronics,West,Marketplace,PayPal,Shipped,2,39.54,25,79.08,19.77,59.31,43.25,16.06,1.97,3.9,9
ORD001056,2023-06-21,CUST00311,51,PROD00099,Electronics,East,Marketplace,Credit Card,Returned,1,32.85,5,32.85,1.64,31.21,16.21,15.0,15.19,4.0,5
ORD000754,2023-06-21,CUST01199,45,PROD00567,Fashion,West,Website,Credit Card,Delivered,2,34.4,5,68.8,3.44,65.36,30.69,34.67,17.13,4.4,8
ORD004902,2023-06-21,CUST01457,42,PROD00255,Home & Kitchen,South,Mobile App,Debit Card,Delivered,4,18.09,20,72.36,14.47,57.89,27.73,30.16,4.84,4.0,10
ORD002371,2023-06-22,CUST01099,66,PROD00360,Electronics,East,Website,Debit Card,Returned,3,32.45,5,97.35,4.87,92.48,59.3,33.18,4.09,2.1,1
ORD001864,2023-06-22,CUST00077,37,PROD00124,Electronics,Central,Mobile App,Bank Transfer,Delivered,1,39.24,25,39.24,9.81,29.43,19.47,9.96,2.02,4.0,7
ORD000488,2023-06-22,CUST00181,40,PROD00308,Fashion,Central,Mobile App,Debit Card,Delivered,1,87.69,15,87.69,13.15,74.54,50.54,24.0,14.24,4.1,7
ORD000734,2023-06-22,CUST00694,40,PROD00280,Home & Kitchen,West,Marketplace,Credit Card,Cancelled,1,39.94,10,39.94,3.99,35.95,27.99,7.96,6.7,4.0,8
ORD004867,2023-06-22,CUST00353,38,PROD00616,Sports,South,Mobile App,PayPal,Returned,2,12.26,15,24.52,3.68,20.84,11.79,9.05,11.74,4.6,9
ORD004133,2023-06-22,CUST01439,35,PROD00049,Electronics,West,Website,Debit Card,Returned,4,29.13,20,116.52,23.3,93.22,56.88,36.34,14.5,4.8,5
ORD000468,2023-06-22,CUST01362,54,PROD00214,Beauty,East,Mobile App,Cash on Delivery,Cancelled,4,29.93,5,119.72,5.99,113.73,68.02,45.71,12.71,3.3,10
ORD002419,2023-06-23,CUST00478,33,PROD00755,Grocery,Central,Mobile App,Credit Card,Cancelled,5,49.75,0,248.75,0.0,248.75,127.91,120.84,17.62,5.0,6
ORD002491,2023-06-23,CUST00785,66,PROD00159,Grocery,South,Mobile App,Bank Transfer,Cancelled,4,48.81,0,195.24,0.0,195.24,115.33,79.91,5.78,4.7,7
ORD003428,2023-06-24,CUST01264,37,PROD00075,Electronics,South,Website,Debit Card,Cancelled,5,46.82,5,234.1,11.7,222.4,109.11,113.29,10.84,3.9,7
ORD002852,2023-06-24,CUST01369,25,PROD00279,Beauty,North,Marketplace,Debit Card,Returned,3,89.21,15,267.63,40.14,227.49,141.05,86.44,6.13,4.5,5
ORD004629,2023-06-24,CUST00564,36,PROD00132,Home & Kitchen,West,Mobile App,PayPal,Returned,3,52.36,0,157.08,0.0,157.08,116.57,40.51,2.14,3.5,4
ORD003122,2023-06-24,CUST00872,65,PROD00336,Fashion,East,Marketplace,Credit Card,Delivered,4,47.96,15,191.84,28.78,163.06,100.36,62.7,10.22,3.3,2
ORD004678,2023-06-24,CUST00819,40,PROD00206,Beauty,Central,Website,Cash on Delivery,Cancelled,5,14.25,20,71.25,14.25,57.0,33.42,23.58,3.47,4.8,5
ORD002784,2023-06-24,CUST00399,18,PROD00150,Electronics,West,Mobile App,Debit Card,Delivered,2,28.42,0,56.84,0.0,56.84,28.36,28.48,12.94,4.6,5
ORD003258,2023-06-25,CUST00133,48,PROD00781,Grocery,North,Website,Credit Card,Delivered,1,138.44,10,138.44,13.84,124.6,83.19,41.41,5.2,5.0,6
ORD000538,2023-06-26,CUST01393,19,PROD00083,Beauty,West,Website,Credit Card,Delivered,3,4.79,5,14.37,0.72,13.65,7.69,5.96,2.03,4.0,3
ORD002185,2023-06-26,CUST00474,64,PROD00581,Grocery,West,Website,Debit Card,Delivered,4,27.93,25,111.72,27.93,83.79,41.92,41.87,4.57,4.4,6
ORD002773,2023-06-26,CUST01185,45,PROD00217,Grocery,West,Mobile App,PayPal,Delivered,2,33.88,25,67.76,16.94,50.82,39.37,11.45,7.15,3.6,3
ORD000888,2023-06-26,CUST00834,22,PROD00275,Home & Kitchen,South,Mobile App,Credit Card,Cancelled,1,54.81,15,54.81,8.22,46.59,26.1,20.49,15.65,3.6,1
ORD003927,2023-06-26,CUST00462,30,PROD00348,Electronics,North,Marketplace,Credit Card,Delivered,1,46.78,0,46.78,0.0,46.78,35.88,10.9,6.94,3.0,2
ORD000420,2023-06-26,CUST00905,29,PROD00378,Grocery,East,Mobile App,Credit Card,Delivered,5,60.82,15,304.1,45.62,258.48,190.05,68.43,14.16,4.0,8
ORD004829,2023-06-28,CUST01071,50,PROD00335,Beauty,East,Website,PayPal,Delivered,3,40.16,25,120.48,30.12,90.36,56.12,34.24,13.81,4.8,7
ORD004887,2023-06-28,CUST01113,63,PROD00526,Fashion,South,Website,Cash on Delivery,Shipped,5,43.12,0,215.6,0.0,215.6,142.58,73.02,11.48,4.1,9
ORD004604,2023-06-28,CUST00575,20,PROD00474,Beauty,North,Website,PayPal,Shipped,4,54.58,25,218.32,54.58,163.74,83.74,80.0,14.75,4.1,3
ORD002430,2023-06-28,CUST00427,40,PROD00474,Fashion,East,Mobile App,Credit Card,Cancelled,3,21.45,25,64.35,16.09,48.26,30.19,18.07,13.46,4.1,2
ORD004655,2023-06-28,CUST00408,62,PROD00621,Grocery,Central,Mobile App,Cash on Delivery,Delivered,2,83.33,0,166.66,0.0,166.66,107.89,58.77,12.17,4.5,8
ORD003714,2023-06-28,CUST01044,24,PROD00613,Home & Kitchen,West,Website,Debit Card,Returned,5,16.94,0,84.7,0.0,84.7,63.46,21.24,15.0,4.5,8
ORD000252,2023-06-30,CUST01466,63,PROD00185,Home & Kitchen,West,Website,Credit Card,Delivered,5,42.23,0,211.15,0.0,211.15,144.28,66.87,9.45,3.4,5
ORD003059,2023-06-30,CUST00001,42,PROD00128,Sports,Central,Website,Debit Card,Delivered,1,27.9,20,27.9,5.58,22.32,12.61,9.71,12.16,2.6,10
ORD003773,2023-06-30,CUST00563,25,PROD00489,Grocery,East,Website,Credit Card,Delivered,1,28.81,25,28.81,7.2,21.61,15.27,6.34,6.64,3.5,7
ORD004330,2023-07-01,CUST00960,54,PROD00760,Electronics,East,Marketplace,Cash on Delivery,Delivered,2,59.37,20,118.74,23.75,94.99,56.45,38.54,9.86,4.5,5
ORD000949,2023-07-01,CUST01379,59,PROD00699,Sports,West,Website,PayPal,Delivered,5,77.77,5,388.85,19.44,369.41,205.54,163.87,9.39,4.6,9
ORD003124,2023-07-02,CUST00280,40,PROD00174,Fashion,East,Mobile App,Credit Card,Delivered,4,67.07,10,268.28,26.83,241.45,182.23,59.22,14.97,4.6,2
ORD002085,2023-07-02,CUST00339,58,PROD00422,Home & Kitchen,West,Website,Cash on Delivery,Returned,5,28.61,15,143.05,21.46,121.59,77.58,44.01,15.23,4.6,7
ORD002474,2023-07-02,CUST00804,64,PROD00527,Fashion,West,Website,Bank Transfer,Delivered,1,8.81,30,8.81,2.64,6.17,3.58,2.59,2.44,4.3,6
ORD001965,2023-07-02,CUST00520,18,PROD00774,Electronics,South,Website,Bank Transfer,Cancelled,2,59.25,15,118.5,17.77,100.73,76.51,24.22,7.73,3.9,3
ORD003973,2023-07-02,CUST00899,42,PROD00495,Fashion,West,Website,Credit Card,Delivered,3,30.91,25,92.73,23.18,69.55,46.05,23.5,12.73,4.4,6
ORD001104,2023-07-02,CUST00581,60,PROD00783,Home & Kitchen,North,Marketplace,Cash on Delivery,Delivered,2,33.02,15,66.04,9.91,56.13,37.11,19.02,17.03,4.7,8
ORD002733,2023-07-02,CUST00005,30,PROD00557,Sports,East,Mobile App,Cash on Delivery,Delivered,2,31.85,10,63.7,6.37,57.33,43.51,13.82,15.25,2.7,7
ORD004857,2023-07-02,CUST01195,48,PROD00094,Sports,Central,Website,Cash on Delivery,Shipped,1,28.47,15,28.47,4.27,24.2,11.64,12.56,16.96,3.7,9
ORD001874,2023-07-02,CUST00410,19,PROD00589,Electronics,Central,Mobile App,Debit Card,Shipped,1,41.82,20,41.82,8.36,33.46,16.08,17.38,10.75,4.8,8
ORD003774,2023-07-03,CUST00306,57,PROD00294,Electronics,North,Mobile App,Debit Card,Shipped,4,20.4,5,81.6,4.08,77.52,43.17,34.35,13.12,4.1,4
ORD003924,2023-07-03,CUST00992,22,PROD00304,Beauty,Central,Mobile App,Credit Card,Delivered,5,15.16,10,75.8,7.58,68.22,31.71,36.51,14.1,4.1,6
ORD000609,2023-07-03,CUST00598,36,PROD00200,Fashion,West,Website,Cash on Delivery,Delivered,2,7.21,20,14.42,2.88,11.54,6.79,4.75,3.98,4.7,7
ORD003949,2023-07-03,CUST00088,25,PROD00371,Home & Kitchen,South,Mobile App,Bank Transfer,Delivered,2,22.95,10,45.9,4.59,41.31,27.1,14.21,14.46,4.0,7
ORD002716,2023-07-03,CUST01358,41,PROD00777,Sports,South,Marketplace,Debit Card,Cancelled,1,29.82,5,29.82,1.49,28.33,21.35,6.98,8.74,4.9,10
ORD004344,2023-07-04,CUST00678,37,PROD00474,Beauty,East,Mobile App,Debit Card,Returned,4,28.81,15,115.24,17.29,97.95,50.85,47.1,5.67,4.1,7
ORD003829,2023-07-04,CUST01167,52,PROD00122,Electronics,North,Mobile App,Credit Card,Returned,4,33.59,15,134.36,20.15,114.21,83.04,31.17,8.81,3.7,2
ORD003486,2023-07-04,CUST00734,59,PROD00261,Grocery,East,Mobile App,Bank Transfer,Returned,5,31.55,30,157.75,47.32,110.43,54.46,55.97,15.21,3.5,3
ORD001446,2023-07-05,CUST01496,60,PROD00495,Beauty,West,Website,PayPal,Shipped,1,61.43,15,61.43,9.21,52.22,35.12,17.1,8.23,3.8,1
ORD004299,2023-07-06,CUST00977,19,PROD00382,Fashion,Central,Marketplace,Bank Transfer,Returned,4,81.18,10,324.72,32.47,292.25,196.34,95.91,2.77,4.6,4
ORD001150,2023-07-06,CUST00139,31,PROD00319,Grocery,South,Mobile App,Credit Card,Delivered,4,41.35,25,165.4,41.35,124.05,88.28,35.77,10.72,3.6,9
ORD004206,2023-07-06,CUST00215,53,PROD00315,Fashion,South,Website,Credit Card,Delivered,4,24.48,5,97.92,4.9,93.02,63.56,29.46,16.26,3.7,6
ORD003801,2023-07-06,CUST01417,22,PROD00118,Fashion,North,Website,Debit Card,Delivered,2,25.46,5,50.92,2.55,48.37,30.83,17.54,8.52,4.4,7
ORD000167,2023-07-06,CUST00839,48,PROD00227,Electronics,West,Website,Debit Card,Cancelled,3,38.29,15,114.87,17.23,97.64,46.52,51.12,15.24,4.3,7
ORD004107,2023-07-06,CUST00206,41,PROD00021,Home & Kitchen,Central,Marketplace,Bank Transfer,Returned,4,51.26,15,205.04,30.76,174.28,112.21,62.07,6.26,4.4,3
ORD001029,2023-07-06,CUST00905,52,PROD00517,Grocery,West,Website,PayPal,Delivered,4,126.8,25,507.2,126.8,380.4,230.51,149.89,2.68,3.8,5
ORD002966,2023-07-06,CUST00313,24,PROD00741,Sports,West,Marketplace,Cash on Delivery,Delivered,3,10.87,5,32.61,1.63,30.98,19.11,11.87,6.57,3.3,3
ORD002055,2023-07-07,CUST01395,57,PROD00390,Sports,South,Mobile App,Debit Card,Cancelled,2,91.72,0,183.44,0.0,183.44,110.64,72.8,6.89,4.9,1
ORD003810,2023-07-07,CUST01302,38,PROD00458,Grocery,North,Mobile App,Debit Card,Delivered,2,43.28,5,86.56,4.33,82.23,40.82,41.41,14.14,5.0,5
ORD000071,2023-07-07,CUST01032,61,PROD00694,Grocery,North,Website,Cash on Delivery,Returned,3,57.44,15,172.32,25.85,146.47,112.85,33.62,6.01,2.8,5
ORD002695,2023-07-07,CUST00800,29,PROD00575,Electronics,Central,Website,Debit Card,Cancelled,1,25.94,15,25.94,3.89,22.05,14.95,7.1,5.29,5.0,10
ORD002705,2023-07-07,CUST01038,54,PROD00401,Sports,East,Website,Bank Transfer,Returned,5,10.86,5,54.3,2.72,51.58,39.27,12.31,5.2,5.0,5
ORD004439,2023-07-07,CUST00588,31,PROD00559,Electronics,West,Mobile App,Bank Transfer,Delivered,3,89.57,0,268.71,0.0,268.71,179.17,89.54,2.55,4.8,5
ORD002131,2023-07-07,CUST00874,69,PROD00011,Home & Kitchen,West,Marketplace,Bank Transfer,Delivered,2,70.7,10,141.4,14.14,127.26,57.52,69.74,12.45,3.0,4
ORD001099,2023-07-07,CUST01314,44,PROD00397,Home & Kitchen,Central,Website,Credit Card,Cancelled,5,27.92,5,139.6,6.98,132.62,101.95,30.67,13.04,5.0,9
ORD004448,2023-07-07,CUST00948,39,PROD00138,Sports,South,Marketplace,Bank Transfer,Delivered,2,26.13,5,52.26,2.61,49.65,26.39,23.26,4.7,4.3,2
ORD003654,2023-07-08,CUST00089,25,PROD00353,Sports,Central,Mobile App,Debit Card,Cancelled,5,57.38,10,286.9,28.69,258.21,197.09,61.12,11.64,3.7,4
ORD004543,2023-07-08,CUST00375,25,PROD00208,Electronics,Central,Mobile App,Bank Transfer,Delivered,1,43.12,25,43.12,10.78,32.34,22.23,10.11,17.39,4.0,4
ORD003046,2023-07-08,CUST00395,30,PROD00643,Grocery,East,Website,Debit Card,Shipped,5,116.11,10,580.55,58.06,522.49,358.14,164.35,8.31,4.4,2
ORD001949,2023-07-09,CUST00127,67,PROD00092,Electronics,South,Mobile App,Bank Transfer,Returned,2,25.64,10,51.28,5.13,46.15,27.57,18.58,1.67,3.9,6
ORD004413,2023-07-09,CUST01084,21,PROD00529,Sports,West,Mobile App,Cash on Delivery,Delivered,2,29.84,10,59.68,5.97,53.71,25.76,27.95,2.38,3.6,3
ORD002303,2023-07-09,CUST00026,53,PROD00586,Fashion,East,Website,Debit Card,Returned,5,46.06,5,230.3,11.52,218.78,103.4,115.38,4.84,4.0,1
ORD001828,2023-07-09,CUST01250,33,PROD00698,Fashion,East,Marketplace,Credit Card,Delivered,2,6.63,10,13.26,1.33,11.93,8.51,3.42,1.6,4.3,6
ORD000132,2023-07-09,CUST00321,64,PROD00218,Fashion,South,Website,PayPal,Returned,2,78.2,15,156.4,23.46,132.94,76.63,56.31,8.41,4.7,7
ORD000026,2023-07-09,CUST01492,38,PROD00488,Home & Kitchen,East,Website,Bank Transfer,Delivered,3,176.16,10,528.48,52.85,475.63,288.64,186.99,9.78,3.6,6
ORD000479,2023-07-09,CUST00351,56,PROD00494,Beauty,West,Mobile App,PayPal,Delivered,1,77.64,0,77.64,0.0,77.64,49.2,28.44,16.04,4.2,9
ORD004799,2023-07-10,CUST01044,29,PROD00192,Grocery,Central,Mobile App,Credit Card,Delivered,5,15.63,20,78.15,15.63,62.52,41.39,21.13,3.13,4.3,5
ORD001222,2023-07-10,CUST01323,21,PROD00482,Grocery,East,Marketplace,Cash on Delivery,Delivered,5,9.95,10,49.75,4.97,44.78,21.6,23.18,12.04,4.1,8
ORD000256,2023-07-10,CUST01433,60,PROD00577,Electronics,West,Marketplace,Debit Card,Delivered,3,24.41,0,73.23,0.0,73.23,52.29,20.94,4.51,3.4,3
ORD002335,2023-07-10,CUST01023,25,PROD00574,Grocery,Central,Marketplace,Cash on Delivery,Cancelled,2,12.44,15,24.88,3.73,21.15,14.75,6.4,12.78,3.4,6
ORD004891,2023-07-10,CUST00271,48,PROD00121,Fashion,East,Mobile App,Bank Transfer,Shipped,4,34.36,15,137.44,20.62,116.82,68.11,48.71,8.19,4.1,2
ORD004815,2023-07-10,CUST01296,51,PROD00017,Home & Kitchen,Central,Website,Bank Transfer,Returned,3,14.89,20,44.67,8.93,35.74,17.99,17.75,7.93,3.9,2
ORD003746,2023-07-11,CUST01092,24,PROD00652,Home & Kitchen,North,Mobile App,Credit Card,Delivered,1,35.07,5,35.07,1.75,33.32,22.5,10.82,16.32,3.7,2
ORD001887,2023-07-11,CUST00364,65,PROD00272,Sports,South,Website,Credit Card,Delivered,1,31.09,5,31.09,1.55,29.54,20.67,8.87,2.99,2.8,5
ORD000403,2023-07-11,CUST00835,43,PROD00630,Fashion,North,Marketplace,Bank Transfer,Delivered,1,22.77,10,22.77,2.28,20.49,14.18,6.31,16.47,2.4,5
ORD003125,2023-07-11,CUST00427,58,PROD00307,Grocery,South,Marketplace,Debit Card,Cancelled,2,31.71,10,63.42,6.34,57.08,31.15,25.93,14.39,2.7,8
ORD004003,2023-07-11,CUST00261,46,PROD00266,Sports,North,Website,Debit Card,Delivered,1,77.71,10,77.71,7.77,69.94,47.77,22.17,2.77,3.9,1
ORD003911,2023-07-11,CUST00512,64,PROD00563,Grocery,East,Website,Debit Card,Cancelled,3,17.17,15,51.51,7.73,43.78,30.59,13.19,7.26,4.9,9
ORD003765,2023-07-11,CUST01459,48,PROD00509,Electronics,West,Mobile App,Credit Card,Delivered,1,49.67,0,49.67,0.0,49.67,28.49,21.18,11.29,4.7,7
ORD001261,2023-07-11,CUST00385,68,PROD00292,Fashion,West,Website,Credit Card,Cancelled,5,135.98,0,679.9,0.0,679.9,335.31,344.59,8.16,3.0,2
ORD004010,2023-07-11,CUST00160,18,PROD00757,Electronics,Central,Website,Bank Transfer,Returned,1,43.2,10,43.2,4.32,38.88,25.11,13.77,3.39,5.0,7
ORD003669,2023-07-12,CUST00081,60,PROD00680,Beauty,West,Mobile App,Cash on Delivery,Cancelled,4,13.01,0,52.04,0.0,52.04,23.85,28.19,12.08,3.6,4
ORD003144,2023-07-12,CUST00138,39,PROD00473,Home & Kitchen,West,Mobile App,Cash on Delivery,Delivered,3,38.83,5,116.49,5.82,110.67,73.11,37.56,11.6,4.0,1
ORD003451,2023-07-12,CUST00722,50,PROD00281,Grocery,East,Website,PayPal,Delivered,4,45.75,25,183.0,45.75,137.25,94.44,42.81,7.01,5.0,1
ORD004430,2023-07-12,CUST01398,58,PROD00646,Electronics,West,Mobile App,Credit Card,Delivered,1,41.28,5,41.28,2.06,39.22,23.04,16.18,12.3,3.1,4
ORD000920,2023-07-13,CUST00808,46,PROD00172,Beauty,North,Website,Debit Card,Delivered,2,14.91,15,29.82,4.47,25.35,19.34,6.01,8.58,3.4,5
ORD002438,2023-07-13,CUST01071,46,PROD00611,Beauty,West,Marketplace,Debit Card,Shipped,2,61.9,30,123.8,37.14,86.66,45.56,41.1,3.99,2.7,2
ORD002699,2023-07-13,CUST00915,25,PROD00030,Fashion,North,Website,Credit Card,Delivered,5,63.76,20,318.8,63.76,255.04,185.77,69.27,12.72,3.7,3
ORD002679,2023-07-13,CUST01102,47,PROD00071,Sports,Central,Website,Bank Transfer,Shipped,4,11.8,15,47.2,7.08,40.12,25.41,14.71,10.57,2.3,2
ORD001370,2023-07-13,CUST00646,59,PROD00429,Fashion,South,Website,Cash on Delivery,Returned,5,51.66,15,258.3,38.74,219.56,140.09,79.47,5.23,3.0,4
ORD004301,2023-07-13,CUST00567,57,PROD00077,Fashion,Central,Marketplace,Cash on Delivery,Cancelled,1,126.93,15,126.93,19.04,107.89,82.55,25.34,9.55,2.3,7
ORD003481,2023-07-13,CUST01192,65,PROD00066,Grocery,Central,Website,Credit Card,Delivered,3,5.91,15,17.73,2.66,15.07,11.51,3.56,6.31,3.7,10
ORD000730,2023-07-13,CUST01465,45,PROD00685,Beauty,Central,Mobile App,Bank Transfer,Delivered,1,34.09,15,34.09,5.11,28.98,17.53,11.45,12.27,4.6,2
ORD002878,2023-07-14,CUST00985,63,PROD00101,Beauty,South,Marketplace,Cash on Delivery,Delivered,5,12.37,5,61.85,3.09,58.76,29.64,29.12,2.8,3.9,2
ORD002535,2023-07-14,CUST01170,41,PROD00483,Fashion,West,Marketplace,Cash on Delivery,Delivered,3,14.22,10,42.66,4.27,38.39,29.05,9.34,5.51,4.5,7
ORD004326,2023-07-14,CUST01167,28,PROD00430,Electronics,Central,Mobile App,Credit Card,Delivered,3,50.03,5,150.09,7.5,142.59,65.58,77.01,3.71,4.5,8
ORD003565,2023-07-14,CUST01400,43,PROD00131,Beauty,Central,Mobile App,Debit Card,Delivered,3,69.87,10,209.61,20.96,188.65,98.46,90.19,15.04,3.4,1
ORD004385,2023-07-14,CUST01352,29,PROD00799,Sports,South,Marketplace,Credit Card,Returned,1,61.23,15,61.23,9.18,52.05,37.13,14.92,7.75,4.3,8
ORD004246,2023-07-14,CUST01119,42,PROD00284,Electronics,Central,Mobile App,Cash on Delivery,Cancelled,4,7.35,10,29.4,2.94,26.46,14.58,11.88,11.27,2.9,6
ORD003426,2023-07-14,CUST01484,48,PROD00656,Grocery,Central,Marketplace,Bank Transfer,Returned,1,76.41,10,76.41,7.64,68.77,52.8,15.97,3.14,4.9,1
ORD002286,2023-07-15,CUST00129,40,PROD00599,Home & Kitchen,North,Website,Debit Card,Delivered,1,100.15,25,100.15,25.04,75.11,46.66,28.45,7.61,3.9,9
ORD002150,2023-07-15,CUST00862,55,PROD00725,Fashion,West,Mobile App,Bank Transfer,Delivered,1,133.46,0,133.46,0.0,133.46,95.25,38.21,15.44,2.3,2
ORD000811,2023-07-15,CUST00773,20,PROD00758,Grocery,West,Website,Debit Card,Shipped,2,35.07,20,70.14,14.03,56.11,30.91,25.2,12.93,4.2,10
ORD003353,2023-07-15,CUST00378,24,PROD00735,Grocery,West,Marketplace,Debit Card,Cancelled,1,9.45,10,9.45,0.94,8.51,4.6,3.91,7.6,4.9,9
ORD004611,2023-07-16,CUST01253,24,PROD00510,Beauty,Central,Website,Debit Card,Cancelled,4,11.43,5,45.72,2.29,43.43,33.59,9.84,10.85,3.1,5
ORD004830,2023-07-16,CUST00801,33,PROD00379,Sports,East,Mobile App,Bank Transfer,Delivered,1,12.8,30,12.8,3.84,8.96,4.07,4.89,4.52,4.0,1
ORD003181,2023-07-16,CUST01316,50,PROD00323,Home & Kitchen,West,Website,Bank Transfer,Cancelled,4,12.36,25,49.44,12.36,37.08,25.92,11.16,10.54,3.8,9
ORD002774,2023-07-17,CUST00045,58,PROD00214,Home & Kitchen,North,Website,Debit Card,Shipped,2,44.1,15,88.2,13.23,74.97,57.18,17.79,13.17,3.5,1
ORD002188,2023-07-17,CUST01069,43,PROD00480,Fashion,North,Website,Cash on Delivery,Cancelled,5,104.38,25,521.9,130.48,391.42,178.84,212.58,8.62,4.1,8
ORD000162,2023-07-17,CUST00877,37,PROD00273,Home & Kitchen,East,Marketplace,Credit Card,Delivered,2,48.79,0,97.58,0.0,97.58,65.01,32.57,8.74,4.3,5
ORD001507,2023-07-17,CUST00436,53,PROD00051,Beauty,East,Mobile App,Bank Transfer,Shipped,2,131.33,0,262.66,0.0,262.66,135.32,127.34,10.1,4.3,2
ORD002096,2023-07-17,CUST01313,54,PROD00404,Beauty,South,Website,PayPal,Cancelled,2,34.55,25,69.1,17.27,51.83,29.87,21.96,2.06,5.0,2
ORD000797,2023-07-17,CUST00961,25,PROD00057,Sports,West,Website,Bank Transfer,Delivered,2,14.84,15,29.68,4.45,25.23,17.42,7.81,6.26,4.2,5
ORD002156,2023-07-18,CUST00516,21,PROD00605,Fashion,Central,Website,Cash on Delivery,Returned,5,91.0,15,455.0,68.25,386.75,238.67,148.08,16.44,4.0,4
ORD001319,2023-07-18,CUST00883,36,PROD00341,Fashion,West,Website,Debit Card,Delivered,3,17.62,20,52.86,10.57,42.29,24.55,17.74,11.87,4.2,9
ORD004826,2023-07-18,CUST00223,29,PROD00176,Beauty,West,Website,Bank Transfer,Delivered,1,32.52,15,32.52,4.88,27.64,15.5,12.14,10.41,3.7,8
ORD003023,2023-07-18,CUST01366,52,PROD00643,Electronics,East,Marketplace,PayPal,Delivered,1,100.2,25,100.2,25.05,75.15,39.45,35.7,6.77,5.0,6
ORD001903,2023-07-19,CUST00766,52,PROD00318,Sports,South,Mobile App,Cash on Delivery,Delivered,4,15.5,10,62.0,6.2,55.8,38.75,17.05,13.01,3.4,1
ORD003792,2023-07-20,CUST01122,57,PROD00385,Beauty,North,Website,Bank Transfer,Delivered,4,39.72,20,158.88,31.78,127.1,68.74,58.36,1.87,5.0,4
ORD002696,2023-07-20,CUST00100,37,PROD00510,Home & Kitchen,South,Mobile App,Credit Card,Delivered,1,35.63,15,35.63,5.34,30.29,21.2,9.09,10.25,4.7,6
ORD001043,2023-07-20,CUST00798,20,PROD00796,Grocery,West,Website,PayPal,Delivered,4,7.63,15,30.52,4.58,25.94,16.39,9.55,8.91,3.8,2
ORD002329,2023-07-20,CUST00838,48,PROD00136,Grocery,South,Website,Cash on Delivery,Delivered,5,54.45,20,272.25,54.45,217.8,156.69,61.11,6.41,5.0,9
ORD004352,2023-07-20,CUST01018,68,PROD00504,Home & Kitchen,South,Marketplace,Debit Card,Delivered,4,218.59,15,874.36,131.15,743.21,482.52,260.69,8.65,3.9,7
ORD004118,2023-07-20,CUST01001,22,PROD00567,Beauty,South,Website,Debit Card,Delivered,1,22.39,15,22.39,3.36,19.03,8.74,10.29,7.75,5.0,5
ORD000090,2023-07-20,CUST01233,42,PROD00361,Sports,North,Website,PayPal,Delivered,3,68.75,20,206.25,41.25,165.0,103.47,61.53,5.95,3.2,1
ORD002581,2023-07-20,CUST00797,69,PROD00199,Home & Kitchen,North,Mobile App,Debit Card,Cancelled,1,59.45,10,59.45,5.94,53.51,26.02,27.49,4.21,2.7,6
ORD000868,2023-07-21,CUST01426,66,PROD00687,Home & Kitchen,East,Website,Bank Transfer,Cancelled,1,13.6,5,13.6,0.68,12.92,8.11,4.81,7.08,3.0,3
ORD000057,2023-07-21,CUST00683,43,PROD00326,Sports,West,Website,PayPal,Delivered,3,39.43,0,118.29,0.0,118.29,55.97,62.32,7.26,4.5,6
ORD002052,2023-07-21,CUST00809,23,PROD00405,Grocery,Central,Mobile App,Bank Transfer,Shipped,4,40.03,25,160.12,40.03,120.09,78.94,41.15,14.38,3.7,6
ORD003198,2023-07-21,CUST00305,53,PROD00586,Electronics,Central,Marketplace,Credit Card,Returned,2,24.59,10,49.18,4.92,44.26,21.01,23.25,3.92,5.0,5
ORD002508,2023-07-21,CUST00151,59,PROD00132,Beauty,West,Marketplace,Debit Card,Delivered,4,5.13,10,20.52,2.05,18.47,11.17,7.3,13.65,3.5,1
ORD000155,2023-07-22,CUST01430,27,PROD00785,Home & Kitchen,South,Mobile App,Bank Transfer,Delivered,4,29.7,10,118.8,11.88,106.92,59.61,47.31,1.86,4.0,3
ORD003287,2023-07-22,CUST00081,27,PROD00197,Electronics,North,Website,PayPal,Delivered,2,17.83,0,35.66,0.0,35.66,24.83,10.83,8.22,3.9,10
ORD000492,2023-07-22,CUST00114,21,PROD00111,Sports,East,Mobile App,Cash on Delivery,Delivered,3,20.52,0,61.56,0.0,61.56,31.77,29.79,15.82,3.4,8
ORD001988,2023-07-22,CUST00610,35,PROD00654,Grocery,Central,Website,PayPal,Delivered,5,56.73,10,283.65,28.36,255.29,182.11,73.18,10.53,5.0,10
ORD004008,2023-07-22,CUST01140,38,PROD00657,Home & Kitchen,East,Mobile App,Debit Card,Shipped,5,22.26,10,111.3,11.13,100.17,69.43,30.74,7.69,4.4,6
ORD003580,2023-07-23,CUST00921,62,PROD00364,Electronics,East,Website,Bank Transfer,Cancelled,2,16.12,20,32.24,6.45,25.79,19.37,6.42,4.7,5.0,1
ORD003437,2023-07-24,CUST00416,46,PROD00083,Beauty,West,Website,PayPal,Delivered,3,33.11,25,99.33,24.83,74.5,36.42,38.08,3.64,3.7,9
ORD002144,2023-07-24,CUST01462,28,PROD00611,Electronics,North,Mobile App,Credit Card,Delivered,1,28.82,5,28.82,1.44,27.38,18.17,9.21,3.94,4.8,5
ORD000615,2023-07-24,CUST00965,61,PROD00092,Electronics,East,Mobile App,Cash on Delivery,Delivered,4,26.94,10,107.76,10.78,96.98,50.29,46.69,8.0,4.8,1
ORD004406,2023-07-25,CUST01487,65,PROD00800,Grocery,East,Website,PayPal,Returned,4,36.01,0,144.04,0.0,144.04,105.23,38.81,3.07,5.0,2
ORD003077,2023-07-25,CUST00063,51,PROD00123,Sports,West,Website,Credit Card,Delivered,1,67.53,30,67.53,20.26,47.27,24.86,22.41,5.81,3.8,2
ORD001329,2023-07-25,CUST00210,34,PROD00739,Beauty,East,Website,Bank Transfer,Cancelled,5,13.02,10,65.1,6.51,58.59,29.53,29.06,14.76,4.0,3
ORD000049,2023-07-25,CUST00786,38,PROD00180,Home & Kitchen,East,Mobile App,Credit Card,Delivered,2,28.16,25,56.32,14.08,42.24,26.55,15.69,9.24,2.4,5
ORD004376,2023-07-25,CUST01371,47,PROD00524,Home & Kitchen,East,Mobile App,Debit Card,Delivered,3,31.56,5,94.68,4.73,89.95,48.49,41.46,8.19,4.6,2
ORD003416,2023-07-25,CUST00606,25,PROD00411,Fashion,Central,Marketplace,Debit Card,Returned,3,21.65,5,64.95,3.25,61.7,28.4,33.3,5.64,4.2,1
ORD003503,2023-07-25,CUST00345,66,PROD00240,Beauty,West,Marketplace,PayPal,Returned,4,31.6,0,126.4,0.0,126.4,78.47,47.93,4.97,3.7,6
ORD000111,2023-07-26,CUST00154,23,PROD00238,Beauty,East,Marketplace,Debit Card,Shipped,4,12.38,15,49.52,7.43,42.09,26.23,15.86,16.73,3.6,6
ORD003629,2023-07-26,CUST01111,59,PROD00706,Grocery,North,Mobile App,PayPal,Shipped,3,43.97,15,131.91,19.79,112.12,86.82,25.3,10.04,3.4,3
ORD003681,2023-07-26,CUST01376,25,PROD00080,Electronics,East,Marketplace,Bank Transfer,Shipped,3,24.05,25,72.15,18.04,54.11,25.67,28.44,14.65,4.4,5
ORD001391,2023-07-27,CUST00779,21,PROD00653,Electronics,North,Marketplace,PayPal,Shipped,1,19.79,10,19.79,1.98,17.81,12.38,5.43,10.55,4.0,1
ORD000197,2023-07-27,CUST00694,25,PROD00366,Beauty,West,Mobile App,Bank Transfer,Returned,2,35.28,15,70.56,10.58,59.98,27.4,32.58,9.13,3.0,7
ORD003208,2023-07-27,CUST00523,67,PROD00789,Fashion,North,Website,Credit Card,Cancelled,3,78.49,10,235.47,23.55,211.92,154.61,57.31,4.06,3.6,4
ORD001312,2023-07-27,CUST00864,58,PROD00565,Sports,Central,Mobile App,PayPal,Delivered,4,32.83,25,131.32,32.83,98.49,64.17,34.32,1.82,4.1,4
ORD001722,2023-07-27,CUST00467,34,PROD00523,Grocery,North,Website,PayPal,Returned,4,23.54,10,94.16,9.42,84.74,54.93,29.81,16.17,4.2,6
ORD004908,2023-07-28,CUST00914,37,PROD00624,Sports,West,Website,PayPal,Delivered,3,6.63,25,19.89,4.97,14.92,10.96,3.96,2.39,4.6,8
ORD004836,2023-07-28,CUST00445,30,PROD00783,Sports,Central,Mobile App,PayPal,Cancelled,5,22.57,30,112.85,33.85,79.0,57.07,21.93,3.81,4.3,5
ORD002037,2023-07-28,CUST01428,22,PROD00725,Grocery,West,Mobile App,Bank Transfer,Delivered,2,20.27,20,40.54,8.11,32.43,19.91,12.52,7.36,4.1,9
ORD002758,2023-07-28,CUST00253,58,PROD00633,Grocery,West,Marketplace,Credit Card,Delivered,5,28.39,20,141.95,28.39,113.56,51.72,61.84,15.61,4.6,2
ORD002924,2023-07-29,CUST00149,26,PROD00501,Fashion,North,Mobile App,Credit Card,Cancelled,4,44.65,15,178.6,26.79,151.81,80.32,71.49,9.58,4.4,5
ORD003936,2023-07-29,CUST00572,55,PROD00249,Beauty,Central,Marketplace,PayPal,Cancelled,1,43.03,0,43.03,0.0,43.03,20.33,22.7,16.49,3.7,6
ORD002346,2023-07-29,CUST00933,69,PROD00251,Grocery,West,Website,Debit Card,Cancelled,2,90.94,0,181.88,0.0,181.88,139.31,42.57,6.86,2.4,4
ORD002511,2023-07-29,CUST01145,54,PROD00691,Home & Kitchen,North,Mobile App,Bank Transfer,Delivered,3,13.7,15,41.1,6.16,34.94,17.16,17.78,6.23,5.0,5
ORD002803,2023-07-29,CUST00521,30,PROD00080,Grocery,North,Mobile App,PayPal,Delivered,1,115.02,10,115.02,11.5,103.52,49.15,54.37,8.09,4.3,5
ORD001270,2023-07-29,CUST00727,65,PROD00242,Grocery,West,Mobile App,Cash on Delivery,Cancelled,5,14.75,20,73.75,14.75,59.0,35.2,23.8,11.21,4.1,4
ORD003643,2023-07-30,CUST01041,53,PROD00204,Sports,East,Mobile App,Bank Transfer,Returned,3,19.4,15,58.2,8.73,49.47,26.37,23.1,14.31,4.5,5
ORD002075,2023-07-30,CUST00706,63,PROD00770,Sports,North,Mobile App,Credit Card,Returned,3,27.66,0,82.98,0.0,82.98,56.0,26.98,8.89,3.7,8
ORD004462,2023-07-30,CUST00257,38,PROD00045,Electronics,West,Mobile App,Credit Card,Delivered,5,29.84,5,149.2,7.46,141.74,66.51,75.23,13.84,3.8,5
ORD004453,2023-07-30,CUST00648,59,PROD00300,Home & Kitchen,Central,Mobile App,Debit Card,Delivered,2,38.31,15,76.62,11.49,65.13,41.52,23.61,16.97,4.7,1
ORD002294,2023-07-30,CUST00725,69,PROD00775,Sports,West,Website,PayPal,Delivered,1,43.7,10,43.7,4.37,39.33,19.64,19.69,6.82,4.8,2
ORD003274,2023-07-31,CUST00561,38,PROD00186,Beauty,East,Website,Credit Card,Cancelled,3,53.83,0,161.49,0.0,161.49,93.96,67.53,3.91,4.4,4
ORD003715,2023-07-31,CUST00928,34,PROD00501,Sports,West,Marketplace,Credit Card,Delivered,5,30.8,5,154.0,7.7,146.3,100.41,45.89,12.11,3.6,5
ORD004441,2023-07-31,CUST00226,36,PROD00514,Home & Kitchen,East,Mobile App,Bank Transfer,Returned,1,26.14,10,26.14,2.61,23.53,15.29,8.24,5.91,2.4,8
ORD003066,2023-07-31,CUST00729,23,PROD00463,Electronics,West,Website,Debit Card,Returned,1,19.48,0,19.48,0.0,19.48,13.6,5.88,17.12,3.7,10
ORD002216,2023-08-01,CUST01102,43,PROD00599,Beauty,North,Mobile App,Bank Transfer,Cancelled,5,40.28,25,201.4,50.35,151.05,101.89,49.16,16.47,4.1,2
ORD001860,2023-08-01,CUST00136,69,PROD00342,Home & Kitchen,North,Website,PayPal,Returned,2,36.7,15,73.4,11.01,62.39,32.43,29.96,6.69,4.3,5
ORD003082,2023-08-01,CUST00727,27,PROD00269,Sports,South,Website,Cash on Delivery,Delivered,2,21.45,20,42.9,8.58,34.32,25.63,8.69,9.8,3.8,1
ORD001997,2023-08-01,CUST00033,30,PROD00551,Electronics,South,Mobile App,Bank Transfer,Delivered,3,33.59,15,100.77,15.12,85.65,47.38,38.27,2.6,5.0,8
ORD002441,2023-08-02,CUST00747,19,PROD00667,Sports,East,Mobile App,Cash on Delivery,Delivered,3,11.5,15,34.5,5.18,29.32,17.15,12.17,8.11,3.7,6
ORD000646,2023-08-02,CUST00855,62,PROD00538,Beauty,South,Website,Debit Card,Returned,3,42.17,5,126.51,6.33,120.18,69.17,51.01,5.57,4.0,10
ORD004717,2023-08-02,CUST00940,34,PROD00796,Fashion,North,Website,Cash on Delivery,Shipped,1,73.59,5,73.59,3.68,69.91,39.8,30.11,5.36,4.7,8
ORD002213,2023-08-02,CUST00036,29,PROD00086,Sports,Central,Mobile App,PayPal,Cancelled,4,15.7,25,62.8,15.7,47.1,27.18,19.92,9.12,3.1,3
ORD001353,2023-08-02,CUST00811,69,PROD00643,Beauty,Central,Mobile App,Credit Card,Delivered,1,34.62,10,34.62,3.46,31.16,19.52,11.64,17.3,3.7,2
ORD004874,2023-08-03,CUST00866,55,PROD00137,Grocery,East,Mobile App,Credit Card,Returned,1,11.66,15,11.66,1.75,9.91,4.91,5.0,9.95,2.2,3
ORD000906,2023-08-03,CUST00483,25,PROD00498,Grocery,South,Marketplace,Debit Card,Delivered,4,28.62,0,114.48,0.0,114.48,88.91,25.57,7.34,4.0,5
ORD003187,2023-08-03,CUST00506,53,PROD00516,Fashion,Central,Mobile App,Debit Card,Delivered,3,17.89,10,53.67,5.37,48.3,29.24,19.06,11.98,5.0,4
ORD003186,2023-08-03,CUST00767,34,PROD00036,Fashion,South,Website,Debit Card,Delivered,5,19.62,15,98.1,14.72,83.38,37.78,45.6,15.34,3.5,1
ORD001212,2023-08-04,CUST00539,62,PROD00610,Sports,East,Marketplace,Bank Transfer,Delivered,4,16.27,10,65.08,6.51,58.57,34.44,24.13,14.88,4.7,8
ORD004983,2023-08-04,CUST00518,45,PROD00150,Beauty,South,Website,Cash on Delivery,Delivered,4,7.51,15,30.04,4.51,25.53,19.72,5.81,1.76,4.3,1
ORD001177,2023-08-04,CUST00039,45,PROD00725,Fashion,Central,Mobile App,Cash on Delivery,Delivered,3,9.74,5,29.22,1.46,27.76,12.82,14.94,11.0,4.2,6
ORD004852,2023-08-04,CUST00242,39,PROD00010,Electronics,East,Website,Cash on Delivery,Cancelled,3,55.13,10,165.39,16.54,148.85,112.17,36.68,15.46,3.9,4
ORD001067,2023-08-04,CUST01275,44,PROD00617,Grocery,South,Website,Debit Card,Shipped,1,53.95,20,53.95,10.79,43.16,27.12,16.04,5.86,4.3,9
ORD002906,2023-08-04,CUST01253,50,PROD00060,Home & Kitchen,Central,Mobile App,Credit Card,Returned,4,40.01,5,160.04,8.0,152.04,105.55,46.49,13.83,3.5,7
ORD000818,2023-08-04,CUST01233,62,PROD00017,Electronics,Central,Mobile App,Credit Card,Delivered,3,39.12,20,117.36,23.47,93.89,57.93,35.96,6.13,2.8,2
ORD001946,2023-08-05,CUST00508,37,PROD00439,Electronics,Central,Mobile App,Credit Card,Delivered,2,86.9,15,173.8,26.07,147.73,103.42,44.31,3.4,3.4,5
ORD004855,2023-08-05,CUST00020,21,PROD00636,Electronics,West,Marketplace,Credit Card,Shipped,5,8.24,15,41.2,6.18,35.02,19.43,15.59,3.13,4.2,5
ORD000069,2023-08-05,CUST00898,36,PROD00588,Electronics,West,Marketplace,PayPal,Delivered,1,12.35,15,12.35,1.85,10.5,5.78,4.72,3.65,4.3,3
ORD000460,2023-08-05,CUST01386,61,PROD00071,Beauty,West,Mobile App,PayPal,Delivered,3,60.64,5,181.92,9.1,172.82,81.64,91.18,13.3,3.5,2
ORD001519,2023-08-05,CUST00468,47,PROD00306,Beauty,West,Website,Cash on Delivery,Delivered,1,17.91,0,17.91,0.0,17.91,8.13,9.78,1.98,3.3,2
ORD000411,2023-08-05,CUST01352,45,PROD00393,Beauty,East,Mobile App,PayPal,Shipped,5,59.44,10,297.2,29.72,267.48,136.65,130.83,16.8,4.8,2
ORD004523,2023-08-05,CUST01100,33,PROD00237,Electronics,West,Website,Cash on Delivery,Returned,5,48.69,15,243.45,36.52,206.93,147.56,59.37,15.51,5.0,1
ORD001163,2023-08-06,CUST00220,37,PROD00119,Sports,Central,Website,PayPal,Delivered,5,59.05,15,295.25,44.29,250.96,166.1,84.86,17.14,4.6,7
ORD003197,2023-08-06,CUST00566,43,PROD00360,Home & Kitchen,Central,Website,Debit Card,Returned,2,25.23,5,50.46,2.52,47.94,32.65,15.29,13.29,3.7,4
ORD002779,2023-08-06,CUST01132,20,PROD00095,Sports,South,Website,PayPal,Delivered,4,42.33,5,169.32,8.47,160.85,110.36,50.49,5.1,3.7,6
ORD000840,2023-08-06,CUST00705,39,PROD00343,Electronics,East,Website,Credit Card,Delivered,1,55.17,0,55.17,0.0,55.17,40.9,14.27,16.82,3.8,9
ORD000352,2023-08-06,CUST00175,43,PROD00359,Beauty,East,Website,Cash on Delivery,Delivered,3,7.55,5,22.65,1.13,21.52,12.46,9.06,8.36,5.0,7
ORD003213,2023-08-07,CUST00158,31,PROD00397,Electronics,South,Mobile App,Debit Card,Cancelled,3,37.89,0,113.67,0.0,113.67,64.5,49.17,11.58,3.6,5
ORD002348,2023-08-07,CUST00766,32,PROD00349,Home & Kitchen,North,Marketplace,Debit Card,Cancelled,5,16.64,5,83.2,4.16,79.04,43.63,35.41,11.99,5.0,7
ORD003817,2023-08-08,CUST01245,23,PROD00274,Sports,North,Website,Credit Card,Delivered,3,86.72,5,260.16,13.01,247.15,181.74,65.41,5.31,4.0,5
ORD000148,2023-08-08,CUST00334,22,PROD00749,Fashion,East,Mobile App,PayPal,Delivered,2,35.81,25,71.62,17.9,53.72,26.13,27.59,11.31,3.8,10
ORD003529,2023-08-08,CUST00965,52,PROD00596,Electronics,Central,Mobile App,Credit Card,Returned,4,48.95,10,195.8,19.58,176.22,105.32,70.9,8.15,3.4,5
ORD002263,2023-08-08,CUST01270,40,PROD00655,Beauty,North,Mobile App,PayPal,Returned,4,44.75,15,179.0,26.85,152.15,106.77,45.38,2.8,4.5,4
ORD004603,2023-08-08,CUST01270,65,PROD00138,Sports,Central,Marketplace,Debit Card,Returned,1,57.53,30,57.53,17.26,40.27,26.28,13.99,11.57,3.6,5
ORD004771,2023-08-09,CUST01348,52,PROD00340,Grocery,West,Website,Debit Card,Delivered,3,67.14,10,201.42,20.14,181.28,137.01,44.27,10.53,3.2,6
ORD003499,2023-08-09,CUST01229,48,PROD00040,Home & Kitchen,East,Mobile App,Bank Transfer,Delivered,1,10.83,15,10.83,1.62,9.21,5.58,3.63,11.5,3.6,2
ORD004270,2023-08-09,CUST00776,40,PROD00759,Home & Kitchen,South,Mobile App,PayPal,Cancelled,2,25.0,5,50.0,2.5,47.5,26.79,20.71,4.63,4.7,6
ORD003035,2023-08-09,CUST00799,67,PROD00636,Sports,East,Mobile App,Credit Card,Delivered,2,14.57,10,29.14,2.91,26.23,12.81,13.42,16.42,4.1,1
ORD002392,2023-08-10,CUST00318,37,PROD00467,Beauty,Central,Marketplace,Bank Transfer,Shipped,4,83.26,20,333.04,66.61,266.43,139.63,126.8,7.65,4.4,6
ORD004562,2023-08-10,CUST00395,58,PROD00196,Grocery,Central,Website,Cash on Delivery,Delivered,1,37.82,25,37.82,9.46,28.36,19.43,8.93,7.45,5.0,5
ORD001383,2023-08-11,CUST01351,30,PROD00578,Fashion,West,Website,PayPal,Delivered,5,33.25,15,166.25,24.94,141.31,76.31,65.0,6.31,3.8,3
ORD002527,2023-08-11,CUST01070,44,PROD00574,Beauty,Central,Mobile App,Cash on Delivery,Delivered,1,8.81,30,8.81,2.64,6.17,4.13,2.04,2.31,3.2,5
ORD004260,2023-08-12,CUST00870,50,PROD00174,Fashion,Central,Website,Cash on Delivery,Returned,4,5.0,20,20.0,4.0,16.0,8.84,7.16,4.32,3.7,10
ORD004909,2023-08-12,CUST00279,60,PROD00030,Beauty,East,Website,Bank Transfer,Delivered,3,61.83,10,185.49,18.55,166.94,125.92,41.02,16.48,4.2,1
ORD001205,2023-08-12,CUST00539,39,PROD00538,Fashion,Central,Website,Debit Card,Delivered,5,185.27,25,926.35,231.59,694.76,509.07,185.69,8.06,3.2,6
ORD003803,2023-08-12,CUST00983,68,PROD00677,Grocery,Central,Website,PayPal,Shipped,2,47.01,10,94.02,9.4,84.62,40.01,44.61,8.02,4.2,5
ORD004602,2023-08-12,CUST01093,44,PROD00335,Fashion,North,Marketplace,PayPal,Delivered,4,22.24,15,88.96,13.34,75.62,44.25,31.37,16.14,3.8,7
ORD000537,2023-08-12,CUST00212,56,PROD00266,Grocery,East,Website,Cash on Delivery,Delivered,1,15.74,0,15.74,0.0,15.74,7.12,8.62,15.02,4.8,4
ORD002871,2023-08-13,CUST00038,51,PROD00106,Home & Kitchen,North,Website,Bank Transfer,Cancelled,5,22.71,15,113.55,17.03,96.52,64.63,31.89,11.64,4.4,3
ORD000738,2023-08-13,CUST00651,61,PROD00351,Beauty,Central,Website,Bank Transfer,Shipped,5,59.41,15,297.05,44.56,252.49,157.39,95.1,12.94,5.0,3
ORD001365,2023-08-13,CUST00664,34,PROD00517,Electronics,West,Marketplace,Cash on Delivery,Cancelled,2,26.9,15,53.8,8.07,45.73,23.68,22.05,12.69,5.0,4
ORD004166,2023-08-13,CUST00607,51,PROD00586,Fashion,West,Website,Bank Transfer,Shipped,3,158.87,20,476.61,95.32,381.29,253.32,127.97,9.5,3.4,3
ORD001157,2023-08-14,CUST00783,70,PROD00112,Grocery,East,Mobile App,Cash on Delivery,Delivered,5,29.06,30,145.3,43.59,101.71,75.79,25.92,1.73,5.0,3
ORD000231,2023-08-14,CUST00642,45,PROD00217,Home & Kitchen,North,Website,Debit Card,Delivered,4,44.34,10,177.36,17.74,159.62,102.88,56.74,4.63,4.0,5
ORD003775,2023-08-14,CUST00623,42,PROD00509,Beauty,East,Mobile App,PayPal,Delivered,5,34.94,25,174.7,43.68,131.02,64.79,66.23,5.79,3.7,1
ORD004640,2023-08-14,CUST01343,47,PROD00297,Home & Kitchen,East,Website,PayPal,Delivered,1,78.92,5,78.92,3.95,74.97,35.71,39.26,2.08,4.4,9
ORD001161,2023-08-14,CUST00201,69,PROD00143,Electronics,West,Mobile App,Debit Card,Cancelled,2,29.67,5,59.34,2.97,56.37,37.69,18.68,17.81,4.7,6
ORD003797,2023-08-15,CUST00621,38,PROD00543,Beauty,North,Mobile App,Credit Card,Cancelled,3,47.26,10,141.78,14.18,127.6,64.07,63.53,17.88,3.9,7
ORD002799,2023-08-15,CUST01027,39,PROD00305,Fashion,North,Website,Bank Transfer,Returned,2,24.85,10,49.7,4.97,44.73,30.5,14.23,1.98,4.0,1
ORD002825,2023-08-15,CUST00447,22,PROD00212,Grocery,North,Mobile App,Bank Transfer,Delivered,2,14.77,10,29.54,2.95,26.59,17.61,8.98,13.45,5.0,6
ORD002340,2023-08-15,CUST00757,58,PROD00097,Home & Kitchen,West,Mobile App,Bank Transfer,Delivered,2,140.83,15,281.66,42.25,239.41,127.42,111.99,2.98,4.6,9
ORD003914,2023-08-15,CUST00407,63,PROD00329,Grocery,West,Website,Cash on Delivery,Cancelled,3,45.5,0,136.5,0.0,136.5,106.12,30.38,4.99,4.0,2
ORD002048,2023-08-15,CUST00091,59,PROD00608,Home & Kitchen,North,Marketplace,Cash on Delivery,Delivered,4,51.7,15,206.8,31.02,175.78,136.7,39.08,11.0,5.0,7
ORD002230,2023-08-15,CUST01181,20,PROD00772,Sports,North,Mobile App,Credit Card,Returned,5,18.87,25,94.35,23.59,70.76,42.09,28.67,5.68,4.1,5
ORD002290,2023-08-15,CUST01480,36,PROD00223,Grocery,East,Website,Debit Card,Returned,4,11.7,20,46.8,9.36,37.44,24.6,12.84,15.66,4.2,6
ORD000817,2023-08-16,CUST01108,67,PROD00397,Fashion,South,Website,Cash on Delivery,Cancelled,3,49.88,15,149.64,22.45,127.19,71.67,55.52,2.28,4.0,6
ORD004989,2023-08-16,CUST00391,42,PROD00351,Fashion,West,Website,Cash on Delivery,Returned,1,76.04,0,76.04,0.0,76.04,34.25,41.79,13.38,3.7,2
ORD004247,2023-08-16,CUST00919,23,PROD00623,Sports,East,Website,Cash on Delivery,Delivered,2,45.23,5,90.46,4.52,85.94,66.68,19.26,17.4,4.4,2
ORD000694,2023-08-16,CUST00292,62,PROD00035,Home & Kitchen,North,Marketplace,PayPal,Delivered,5,48.55,30,242.75,72.82,169.93,107.82,62.11,15.31,3.4,3
ORD000717,2023-08-17,CUST01180,70,PROD00204,Home & Kitchen,North,Website,PayPal,Delivered,3,42.55,10,127.65,12.76,114.89,56.25,58.64,10.87,4.8,2
ORD002846,2023-08-18,CUST00428,58,PROD00234,Home & Kitchen,West,Mobile App,PayPal,Cancelled,4,38.66,20,154.64,30.93,123.71,84.08,39.63,6.99,4.6,1
ORD000227,2023-08-18,CUST01369,51,PROD00636,Sports,South,Website,PayPal,Returned,5,9.6,15,48.0,7.2,40.8,31.1,9.7,11.94,3.9,1
ORD003215,2023-08-18,CUST00234,55,PROD00556,Beauty,South,Website,Debit Card,Returned,1,14.95,15,14.95,2.24,12.71,9.04,3.67,10.28,2.6,9
ORD003598,2023-08-18,CUST00236,39,PROD00589,Fashion,North,Mobile App,Cash on Delivery,Delivered,1,40.79,10,40.79,4.08,36.71,27.96,8.75,13.18,4.0,4
ORD002023,2023-08-19,CUST00157,34,PROD00780,Beauty,North,Website,PayPal,Shipped,4,35.35,15,141.4,21.21,120.19,87.96,32.23,17.88,4.0,3
ORD000120,2023-08-19,CUST01079,20,PROD00665,Sports,South,Website,Cash on Delivery,Delivered,2,138.8,0,277.6,0.0,277.6,151.95,125.65,14.85,3.9,10
ORD001469,2023-08-19,CUST00349,46,PROD00297,Sports,South,Website,Debit Card,Returned,5,26.64,0,133.2,0.0,133.2,75.5,57.7,8.08,3.3,2
ORD000085,2023-08-19,CUST01261,64,PROD00673,Sports,Central,Website,Debit Card,Delivered,3,20.44,10,61.32,6.13,55.19,43.03,12.16,17.7,4.0,5
ORD002427,2023-08-20,CUST01299,67,PROD00752,Electronics,West,Website,Cash on Delivery,Delivered,1,8.68,10,8.68,0.87,7.81,4.5,3.31,5.75,3.3,2
ORD001896,2023-08-20,CUST01255,37,PROD00293,Electronics,South,Website,Credit Card,Delivered,4,47.69,10,190.76,19.08,171.68,112.63,59.05,10.57,2.4,6
ORD004865,2023-08-20,CUST00781,28,PROD00579,Fashion,North,Website,Bank Transfer,Shipped,1,28.54,5,28.54,1.43,27.11,18.09,9.02,3.33,4.0,10
ORD001923,2023-08-20,CUST00704,65,PROD00140,Grocery,East,Mobile App,Credit Card,Delivered,1,76.92,0,76.92,0.0,76.92,57.45,19.47,14.99,4.1,9
ORD004659,2023-08-20,CUST00816,70,PROD00284,Grocery,South,Marketplace,Credit Card,Cancelled,1,15.25,10,15.25,1.52,13.73,10.28,3.45,15.45,4.1,9
ORD000638,2023-08-21,CUST00850,33,PROD00491,Fashion,South,Website,PayPal,Delivered,2,66.28,0,132.56,0.0,132.56,78.41,54.15,2.03,3.2,5
ORD002469,2023-08-21,CUST00456,19,PROD00439,Beauty,Central,Website,PayPal,Delivered,5,19.62,5,98.1,4.9,93.2,69.2,24.0,11.31,4.2,5
ORD000691,2023-08-21,CUST01098,28,PROD00637,Sports,West,Website,PayPal,Delivered,2,247.54,25,495.08,123.77,371.31,212.6,158.71,12.87,4.4,6
ORD002892,2023-08-21,CUST01148,63,PROD00408,Sports,South,Website,Credit Card,Delivered,2,152.91,0,305.82,0.0,305.82,167.99,137.83,14.1,2.9,7
ORD004689,2023-08-21,CUST01268,39,PROD00250,Fashion,North,Website,Credit Card,Delivered,2,19.68,20,39.36,7.87,31.49,24.48,7.01,2.81,3.9,3
ORD002032,2023-08-22,CUST00108,40,PROD00796,Beauty,West,Marketplace,Credit Card,Delivered,3,14.52,20,43.56,8.71,34.85,26.35,8.5,16.81,4.1,6
ORD002824,2023-08-23,CUST00980,53,PROD00730,Beauty,East,Mobile App,Debit Card,Delivered,2,165.01,10,330.02,33.0,297.02,137.33,159.69,15.07,3.1,5
ORD002523,2023-08-23,CUST00252,39,PROD00345,Grocery,East,Mobile App,PayPal,Cancelled,5,13.12,20,65.6,13.12,52.48,28.05,24.43,16.07,2.1,9
ORD001992,2023-08-23,CUST00593,58,PROD00507,Grocery,Central,Mobile App,Cash on Delivery,Cancelled,2,60.34,20,120.68,24.14,96.54,68.06,28.48,1.86,3.5,2
ORD002786,2023-08-23,CUST00665,53,PROD00215,Home & Kitchen,West,Marketplace,Credit Card,Returned,1,10.77,15,10.77,1.62,9.15,6.83,2.32,9.41,2.6,6
ORD000444,2023-08-23,CUST00423,32,PROD00780,Home & Kitchen,Central,Website,Debit Card,Shipped,3,24.92,0,74.76,0.0,74.76,50.25,24.51,16.24,5.0,7
ORD003405,2023-08-23,CUST00598,70,PROD00574,Home & Kitchen,South,Mobile App,Credit Card,Delivered,1,11.96,20,11.96,2.39,9.57,6.99,2.58,16.19,4.5,1
ORD000577,2023-08-24,CUST00181,63,PROD00509,Home & Kitchen,East,Website,Cash on Delivery,Shipped,1,51.67,0,51.67,0.0,51.67,38.58,13.09,3.16,3.8,3
ORD003742,2023-08-24,CUST00806,59,PROD00009,Home & Kitchen,West,Website,Credit Card,Cancelled,3,36.77,10,110.31,11.03,99.28,70.92,28.36,7.08,3.4,10
ORD004716,2023-08-24,CUST01210,31,PROD00180,Grocery,East,Marketplace,Credit Card,Cancelled,4,80.86,25,323.44,80.86,242.58,113.62,128.96,13.46,4.2,2
ORD001987,2023-08-24,CUST00076,38,PROD00040,Sports,Central,Marketplace,Cash on Delivery,Delivered,3,8.72,20,26.16,5.23,20.93,16.04,4.89,11.99,4.4,2
ORD000763,2023-08-24,CUST00566,34,PROD00273,Sports,North,Mobile App,Debit Card,Shipped,3,25.37,15,76.11,11.42,64.69,34.47,30.22,5.56,4.4,5
ORD004896,2023-08-25,CUST00722,54,PROD00021,Fashion,South,Mobile App,Bank Transfer,Delivered,1,19.55,25,19.55,4.89,14.66,8.55,6.11,11.99,4.6,5
ORD000988,2023-08-25,CUST00424,50,PROD00048,Beauty,West,Mobile App,Cash on Delivery,Delivered,1,47.47,15,47.47,7.12,40.35,30.66,9.69,10.11,4.7,3
ORD004111,2023-08-25,CUST00975,50,PROD00048,Sports,North,Website,Bank Transfer,Delivered,2,33.03,20,66.06,13.21,52.85,34.11,18.74,1.8,4.6,8
ORD001733,2023-08-25,CUST00956,54,PROD00763,Beauty,West,Website,Credit Card,Delivered,5,42.72,0,213.6,0.0,213.6,133.46,80.14,15.2,4.4,5
ORD002249,2023-08-26,CUST00172,35,PROD00129,Home & Kitchen,North,Mobile App,Debit Card,Returned,4,18.09,5,72.36,3.62,68.74,36.72,32.02,4.58,3.7,9
ORD003869,2023-08-26,CUST00177,43,PROD00411,Grocery,Central,Mobile App,PayPal,Delivered,5,32.99,20,164.95,32.99,131.96,100.92,31.04,9.7,3.1,3
ORD001984,2023-08-26,CUST01229,63,PROD00353,Fashion,East,Website,Bank Transfer,Delivered,4,74.83,20,299.32,59.86,239.46,183.1,56.36,12.58,4.4,5
ORD001791,2023-08-26,CUST00448,30,PROD00215,Fashion,West,Website,PayPal,Cancelled,2,53.21,25,106.42,26.6,79.82,43.36,36.46,5.7,3.4,3
ORD003767,2023-08-26,CUST00462,19,PROD00513,Fashion,North,Mobile App,Debit Card,Delivered,2,46.7,5,93.4,4.67,88.73,61.48,27.25,3.58,4.6,10
ORD004212,2023-08-27,CUST00261,41,PROD00791,Fashion,Central,Marketplace,Debit Card,Delivered,1,49.57,20,49.57,9.91,39.66,19.37,20.29,11.33,3.4,1
ORD004277,2023-08-27,CUST00393,57,PROD00001,Electronics,East,Marketplace,Credit Card,Delivered,4,17.54,15,70.16,10.52,59.64,27.32,32.32,11.37,4.0,10
ORD000647,2023-08-27,CUST00363,47,PROD00317,Grocery,North,Website,Credit Card,Cancelled,3,18.53,5,55.59,2.78,52.81,28.76,24.05,8.9,3.6,7
ORD003564,2023-08-27,CUST01406,65,PROD00501,Beauty,North,Website,Credit Card,Delivered,2,21.98,15,43.96,6.59,37.37,25.91,11.46,1.66,3.8,7
ORD003436,2023-08-27,CUST01263,34,PROD00567,Grocery,Central,Website,Bank Transfer,Cancelled,5,15.24,5,76.2,3.81,72.39,36.0,36.39,9.66,4.0,7
ORD004203,2023-08-29,CUST00542,36,PROD00342,Electronics,East,Mobile App,PayPal,Returned,4,11.65,10,46.6,4.66,41.94,30.17,11.77,6.5,4.7,5
ORD001662,2023-08-30,CUST01293,19,PROD00733,Sports,Central,Website,Bank Transfer,Returned,4,26.34,5,105.36,5.27,100.09,45.42,54.67,14.36,4.3,2
ORD001363,2023-08-30,CUST01408,50,PROD00117,Fashion,Central,Marketplace,Debit Card,Delivered,3,40.26,25,120.78,30.2,90.58,66.95,23.63,11.27,4.7,4
ORD001517,2023-08-30,CUST01045,41,PROD00659,Sports,East,Mobile App,Debit Card,Cancelled,5,27.51,20,137.55,27.51,110.04,53.2,56.84,4.31,4.4,2
ORD003345,2023-08-30,CUST00876,60,PROD00488,Grocery,East,Marketplace,Credit Card,Delivered,4,48.21,25,192.84,48.21,144.63,89.26,55.37,15.4,5.0,10
ORD001895,2023-08-30,CUST01441,54,PROD00789,Grocery,North,Mobile App,Cash on Delivery,Delivered,1,24.93,30,24.93,7.48,17.45,8.9,8.55,4.1,4.1,5
ORD001861,2023-08-30,CUST00333,45,PROD00005,Home & Kitchen,East,Marketplace,Credit Card,Delivered,1,70.04,0,70.04,0.0,70.04,38.12,31.92,9.13,3.5,3
ORD000040,2023-08-30,CUST00270,67,PROD00767,Grocery,West,Marketplace,Credit Card,Shipped,3,79.36,15,238.08,35.71,202.37,108.83,93.54,6.65,3.3,7
ORD002203,2023-08-31,CUST00808,64,PROD00166,Fashion,East,Mobile App,PayPal,Delivered,5,99.11,5,495.55,24.78,470.77,277.95,192.82,15.42,3.4,4
ORD000714,2023-08-31,CUST00240,42,PROD00229,Electronics,South,Website,Credit Card,Shipped,1,10.48,25,10.48,2.62,7.86,3.72,4.14,5.89,4.6,6
ORD004443,2023-08-31,CUST00690,33,PROD00532,Sports,Central,Mobile App,Debit Card,Returned,1,50.78,0,50.78,0.0,50.78,30.05,20.73,15.26,3.5,10
ORD000873,2023-09-01,CUST01052,40,PROD00144,Beauty,South,Website,Cash on Delivery,Cancelled,3,10.98,10,32.94,3.29,29.65,18.01,11.64,8.81,5.0,8
ORD004520,2023-09-01,CUST00195,51,PROD00592,Beauty,Central,Mobile App,Debit Card,Delivered,4,50.98,25,203.92,50.98,152.94,96.98,55.96,9.45,4.1,8
ORD001765,2023-09-01,CUST00083,45,PROD00409,Fashion,East,Website,Cash on Delivery,Delivered,3,47.26,0,141.78,0.0,141.78,69.99,71.79,12.62,3.3,3
ORD004306,2023-09-02,CUST01092,32,PROD00707,Sports,North,Mobile App,PayPal,Delivered,5,47.41,5,237.05,11.85,225.2,152.2,73.0,7.0,4.2,4
ORD001127,2023-09-02,CUST01088,61,PROD00769,Home & Kitchen,North,Website,PayPal,Cancelled,4,23.9,10,95.6,9.56,86.04,43.38,42.66,12.44,3.4,6
ORD002954,2023-09-02,CUST00842,58,PROD00181,Grocery,Central,Mobile App,Bank Transfer,Delivered,2,47.81,15,95.62,14.34,81.28,52.31,28.97,3.96,2.4,10
ORD004741,2023-09-02,CUST01375,32,PROD00728,Electronics,South,Website,Cash on Delivery,Delivered,4,69.37,20,277.48,55.5,221.98,108.33,113.65,15.93,3.4,10
ORD003120,2023-09-02,CUST00399,43,PROD00047,Beauty,Central,Website,Debit Card,Delivered,5,24.73,10,123.65,12.36,111.29,51.3,59.99,10.46,5.0,1
ORD003439,2023-09-02,CUST01091,39,PROD00318,Beauty,West,Marketplace,Credit Card,Delivered,5,25.1,0,125.5,0.0,125.5,71.11,54.39,1.67,5.0,8
ORD002571,2023-09-02,CUST00702,21,PROD00079,Beauty,North,Website,Cash on Delivery,Delivered,4,39.85,5,159.4,7.97,151.43,69.92,81.51,2.6,2.9,4
ORD001853,2023-09-03,CUST00275,18,PROD00611,Grocery,South,Website,Credit Card,Returned,2,21.79,25,43.58,10.9,32.68,23.28,9.4,17.93,4.4,3
ORD000271,2023-09-03,CUST01068,36,PROD00667,Fashion,South,Website,Cash on Delivery,Delivered,3,20.26,5,60.78,3.04,57.74,29.49,28.25,6.87,4.3,9
ORD002628,2023-09-03,CUST00133,27,PROD00365,Electronics,East,Website,Credit Card,Delivered,5,44.3,15,221.5,33.22,188.28,100.42,87.86,8.76,3.0,1
ORD000340,2023-09-04,CUST01316,66,PROD00064,Sports,South,Website,Credit Card,Delivered,2,8.82,30,17.64,5.29,12.35,6.88,5.47,10.22,4.8,2
ORD000153,2023-09-04,CUST01499,56,PROD00370,Sports,West,Website,Credit Card,Returned,5,16.79,20,83.95,16.79,67.16,47.88,19.28,16.78,2.8,10
ORD002283,2023-09-04,CUST00781,23,PROD00216,Sports,West,Website,Debit Card,Shipped,4,56.08,25,224.32,56.08,168.24,95.98,72.26,15.34,3.6,3
ORD003417,2023-09-04,CUST00552,28,PROD00004,Home & Kitchen,North,Marketplace,Bank Transfer,Returned,5,33.09,10,165.45,16.55,148.9,108.88,40.02,2.61,3.2,2
ORD004805,2023-09-04,CUST00467,46,PROD00547,Beauty,West,Website,PayPal,Shipped,4,20.13,5,80.52,4.03,76.49,35.87,40.62,4.49,3.0,5
ORD004925,2023-09-04,CUST00184,49,PROD00192,Electronics,North,Marketplace,PayPal,Returned,1,21.84,0,21.84,0.0,21.84,15.59,6.25,6.89,3.5,9
ORD003827,2023-09-04,CUST00646,25,PROD00434,Electronics,South,Website,PayPal,Delivered,1,40.86,5,40.86,2.04,38.82,28.43,10.39,16.68,4.2,6
ORD002915,2023-09-05,CUST01330,56,PROD00218,Sports,North,Website,Credit Card,Shipped,4,19.86,10,79.44,7.94,71.5,37.26,34.24,2.11,4.4,1
ORD002325,2023-09-05,CUST00459,65,PROD00158,Electronics,Central,Marketplace,Cash on Delivery,Cancelled,1,155.71,10,155.71,15.57,140.14,63.45,76.69,16.66,4.7,3
ORD004754,2023-09-06,CUST00676,67,PROD00245,Sports,North,Website,Credit Card,Returned,5,8.42,10,42.1,4.21,37.89,17.41,20.48,4.49,3.4,5
ORD000598,2023-09-06,CUST00988,53,PROD00117,Sports,West,Website,Debit Card,Delivered,4,88.44,25,353.76,88.44,265.32,181.48,83.84,10.76,3.7,10
ORD000644,2023-09-06,CUST00336,44,PROD00517,Sports,North,Mobile App,Cash on Delivery,Delivered,2,8.2,15,16.4,2.46,13.94,7.63,6.31,4.35,3.9,2
ORD000570,2023-09-07,CUST00508,70,PROD00505,Grocery,West,Website,Cash on Delivery,Delivered,2,26.98,10,53.96,5.4,48.56,29.31,19.25,10.66,3.4,3
ORD001081,2023-09-07,CUST01005,34,PROD00578,Grocery,Central,Marketplace,Credit Card,Returned,1,17.08,25,17.08,4.27,12.81,6.53,6.28,9.34,4.9,8
ORD003984,2023-09-07,CUST00755,60,PROD00685,Grocery,North,Mobile App,Cash on Delivery,Delivered,2,17.43,5,34.86,1.74,33.12,21.85,11.27,10.61,4.2,8
ORD003521,2023-09-07,CUST00609,64,PROD00556,Sports,East,Website,Cash on Delivery,Cancelled,4,10.66,25,42.64,10.66,31.98,21.82,10.16,9.93,3.6,8
ORD002148,2023-09-07,CUST00743,37,PROD00338,Sports,South,Marketplace,Cash on Delivery,Delivered,2,10.27,15,20.54,3.08,17.46,9.27,8.19,2.46,4.7,9
ORD004416,2023-09-08,CUST00568,24,PROD00166,Electronics,North,Website,Credit Card,Shipped,5,45.59,15,227.95,34.19,193.76,133.69,60.07,10.07,3.9,7
ORD003454,2023-09-08,CUST01057,59,PROD00254,Beauty,North,Website,Credit Card,Delivered,3,14.55,10,43.65,4.36,39.29,27.68,11.61,10.23,2.6,10
ORD001119,2023-09-08,CUST00945,64,PROD00211,Electronics,North,Marketplace,Bank Transfer,Shipped,1,142.55,0,142.55,0.0,142.55,104.56,37.99,4.05,2.9,1
ORD001387,2023-09-08,CUST01013,29,PROD00124,Grocery,Central,Mobile App,Credit Card,Returned,1,55.84,5,55.84,2.79,53.05,35.0,18.05,17.35,5.0,6
ORD004975,2023-09-08,CUST01481,59,PROD00369,Grocery,West,Website,PayPal,Delivered,2,26.43,30,52.86,15.86,37.0,17.03,19.97,7.25,4.8,3
ORD004168,2023-09-08,CUST01180,59,PROD00736,Electronics,Central,Mobile App,Debit Card,Delivered,3,6.35,15,19.05,2.86,16.19,7.64,8.55,15.39,4.3,5
ORD003933,2023-09-09,CUST00911,66,PROD00792,Fashion,West,Mobile App,Debit Card,Delivered,1,47.25,20,47.25,9.45,37.8,24.56,13.24,3.0,3.9,9
ORD003612,2023-09-10,CUST01022,20,PROD00059,Beauty,South,Website,Debit Card,Shipped,2,33.58,15,67.16,10.07,57.09,43.84,13.25,10.45,4.4,8
ORD004701,2023-09-10,CUST00307,50,PROD00490,Fashion,North,Marketplace,Debit Card,Delivered,1,29.96,15,29.96,4.49,25.47,19.14,6.33,15.95,4.5,9
ORD000257,2023-09-10,CUST01395,39,PROD00052,Sports,North,Mobile App,PayPal,Returned,5,81.9,20,409.5,81.9,327.6,192.61,134.99,13.54,3.3,6
ORD001784,2023-09-10,CUST01108,51,PROD00232,Grocery,Central,Marketplace,Credit Card,Delivered,3,24.12,25,72.36,18.09,54.27,42.21,12.06,8.98,3.7,8
ORD004230,2023-09-10,CUST00762,47,PROD00417,Fashion,West,Marketplace,Bank Transfer,Returned,2,33.05,5,66.1,3.3,62.8,32.81,29.99,15.98,3.3,4
ORD000018,2023-09-10,CUST00943,23,PROD00324,Grocery,West,Mobile App,Credit Card,Delivered,3,72.62,5,217.86,10.89,206.97,143.56,63.41,5.71,3.3,6
ORD004565,2023-09-10,CUST01093,41,PROD00255,Sports,North,Marketplace,Credit Card,Delivered,1,22.34,20,22.34,4.47,17.87,13.12,4.75,2.59,4.4,2
ORD003058,2023-09-11,CUST00977,43,PROD00739,Electronics,Central,Website,Bank Transfer,Cancelled,4,23.86,10,95.44,9.54,85.9,46.33,39.57,11.0,4.1,3
ORD000191,2023-09-11,CUST00527,34,PROD00315,Electronics,West,Mobile App,PayPal,Delivered,4,25.21,15,100.84,15.13,85.71,40.83,44.88,4.96,5.0,4
ORD001812,2023-09-11,CUST00963,49,PROD00417,Electronics,North,Mobile App,PayPal,Returned,3,9.87,25,29.61,7.4,22.21,12.14,10.07,1.86,2.6,6
ORD003092,2023-09-11,CUST01049,47,PROD00641,Home & Kitchen,West,Mobile App,PayPal,Cancelled,2,75.69,0,151.38,0.0,151.38,87.22,64.16,7.73,3.8,7
ORD002110,2023-09-11,CUST00855,67,PROD00319,Fashion,East,Marketplace,Bank Transfer,Cancelled,5,43.69,30,218.45,65.54,152.91,86.5,66.41,5.29,4.9,6
ORD000204,2023-09-11,CUST00066,54,PROD00214,Electronics,West,Mobile App,Cash on Delivery,Delivered,2,8.59,20,17.18,3.44,13.74,7.66,6.08,3.42,3.9,2
ORD004564,2023-09-12,CUST01091,34,PROD00161,Sports,Central,Website,Debit Card,Delivered,1,44.38,10,44.38,4.44,39.94,22.35,17.59,7.06,5.0,4
ORD001989,2023-09-13,CUST00479,28,PROD00340,Electronics,South,Mobile App,PayPal,Delivered,3,9.66,20,28.98,5.8,23.18,15.7,7.48,15.05,2.8,8
ORD000525,2023-09-13,CUST00258,47,PROD00046,Sports,North,Mobile App,Credit Card,Cancelled,5,20.6,20,103.0,20.6,82.4,50.17,32.23,1.91,3.3,10
ORD003327,2023-09-13,CUST01483,50,PROD00691,Beauty,West,Website,PayPal,Shipped,1,26.86,15,26.86,4.03,22.83,10.45,12.38,17.96,2.9,6
ORD002697,2023-09-14,CUST00464,56,PROD00153,Grocery,East,Website,Debit Card,Delivered,4,40.98,5,163.92,8.2,155.72,77.08,78.64,3.74,4.2,9
ORD004566,2023-09-14,CUST01248,37,PROD00070,Fashion,East,Marketplace,Credit Card,Delivered,2,47.33,10,94.66,9.47,85.19,64.91,20.28,14.26,4.3,7
ORD003232,2023-09-15,CUST01449,58,PROD00634,Fashion,North,Marketplace,PayPal,Cancelled,4,70.86,30,283.44,85.03,198.41,151.91,46.5,9.25,4.0,10
ORD002520,2023-09-15,CUST00600,60,PROD00570,Grocery,West,Mobile App,Debit Card,Shipped,2,13.3,15,26.6,3.99,22.61,13.19,9.42,9.69,4.6,2
ORD004195,2023-09-15,CUST00642,47,PROD00682,Electronics,North,Mobile App,Bank Transfer,Delivered,2,30.82,10,61.64,6.16,55.48,26.72,28.76,3.38,5.0,5
ORD000369,2023-09-15,CUST00594,22,PROD00267,Fashion,North,Mobile App,Credit Card,Cancelled,5,8.67,0,43.35,0.0,43.35,31.3,12.05,7.8,3.7,6
ORD001167,2023-09-16,CUST01458,25,PROD00163,Grocery,East,Mobile App,Debit Card,Delivered,1,71.7,0,71.7,0.0,71.7,41.32,30.38,6.39,3.6,6
ORD000749,2023-09-16,CUST01236,33,PROD00708,Grocery,Central,Website,Cash on Delivery,Shipped,4,57.79,0,231.16,0.0,231.16,165.42,65.74,4.48,3.6,5
ORD002258,2023-09-16,CUST01233,38,PROD00738,Fashion,North,Mobile App,Credit Card,Shipped,2,63.63,0,127.26,0.0,127.26,90.66,36.6,16.53,5.0,6
ORD004587,2023-09-16,CUST00029,20,PROD00673,Fashion,North,Mobile App,Bank Transfer,Delivered,3,32.85,0,98.55,0.0,98.55,70.84,27.71,5.51,3.5,5
ORD004553,2023-09-17,CUST01166,43,PROD00457,Grocery,North,Marketplace,Bank Transfer,Delivered,1,71.74,20,71.74,14.35,57.39,41.13,16.26,5.15,3.6,2
ORD004490,2023-09-17,CUST00317,30,PROD00466,Home & Kitchen,South,Website,Cash on Delivery,Cancelled,4,98.07,15,392.28,58.84,333.44,157.25,176.19,1.71,3.8,5
ORD002748,2023-09-17,CUST00465,59,PROD00317,Beauty,East,Marketplace,Debit Card,Returned,4,43.29,10,173.16,17.32,155.84,115.33,40.51,16.01,5.0,3
ORD002270,2023-09-17,CUST00245,48,PROD00298,Beauty,South,Website,Cash on Delivery,Cancelled,4,86.63,10,346.52,34.65,311.87,188.03,123.84,3.24,5.0,3
ORD003380,2023-09-18,CUST01245,46,PROD00215,Beauty,West,Website,Bank Transfer,Cancelled,3,31.4,20,94.2,18.84,75.36,34.47,40.89,16.93,3.9,3
ORD002120,2023-09-18,CUST00541,68,PROD00015,Beauty,South,Website,Debit Card,Delivered,3,38.36,10,115.08,11.51,103.57,72.02,31.55,16.51,3.9,10
ORD000971,2023-09-18,CUST01162,35,PROD00363,Fashion,West,Marketplace,Debit Card,Delivered,2,14.88,0,29.76,0.0,29.76,17.82,11.94,1.6,4.0,3
ORD000753,2023-09-18,CUST01423,63,PROD00456,Electronics,East,Mobile App,Debit Card,Delivered,5,8.88,0,44.4,0.0,44.4,20.55,23.85,10.76,3.6,3
ORD001475,2023-09-18,CUST01060,64,PROD00166,Beauty,West,Website,PayPal,Delivered,4,23.39,5,93.56,4.68,88.88,64.1,24.78,16.13,3.5,4
ORD001761,2023-09-19,CUST01328,53,PROD00621,Electronics,South,Website,Debit Card,Delivered,3,62.65,30,187.95,56.38,131.57,99.48,32.09,11.64,2.9,6
ORD003119,2023-09-19,CUST00109,21,PROD00162,Grocery,South,Website,Credit Card,Delivered,1,73.79,25,73.79,18.45,55.34,30.32,25.02,13.08,3.3,5
ORD002568,2023-09-19,CUST01143,44,PROD00220,Fashion,North,Mobile App,Bank Transfer,Delivered,2,80.35,10,160.7,16.07,144.63,67.24,77.39,7.53,4.5,3
ORD003257,2023-09-19,CUST00975,64,PROD00150,Grocery,Central,Mobile App,Debit Card,Cancelled,3,82.35,20,247.05,49.41,197.64,116.86,80.78,5.61,3.7,5
ORD002444,2023-09-19,CUST00845,53,PROD00335,Home & Kitchen,South,Website,Credit Card,Cancelled,4,14.74,10,58.96,5.9,53.06,26.31,26.75,9.11,3.9,5
ORD004208,2023-09-19,CUST01194,30,PROD00336,Electronics,Central,Marketplace,Cash on Delivery,Delivered,1,41.08,15,41.08,6.16,34.92,21.41,13.51,7.26,4.8,10
ORD004479,2023-09-20,CUST00028,50,PROD00755,Fashion,North,Marketplace,Cash on Delivery,Delivered,3,14.92,15,44.76,6.71,38.05,25.23,12.82,17.8,4.2,8
ORD001680,2023-09-20,CUST00764,58,PROD00714,Home & Kitchen,North,Marketplace,Credit Card,Shipped,5,47.5,25,237.5,59.38,178.12,96.28,81.84,15.72,2.1,6
ORD001830,2023-09-20,CUST00907,45,PROD00591,Electronics,Central,Website,Credit Card,Delivered,3,11.98,0,35.94,0.0,35.94,24.12,11.82,10.08,3.3,4
ORD000183,2023-09-20,CUST00525,28,PROD00407,Home & Kitchen,North,Website,PayPal,Delivered,5,13.61,5,68.05,3.4,64.65,46.19,18.46,5.61,2.9,8
ORD000305,2023-09-21,CUST01255,51,PROD00180,Beauty,East,Mobile App,Cash on Delivery,Delivered,4,16.2,0,64.8,0.0,64.8,32.37,32.43,12.78,3.8,4
ORD002683,2023-09-21,CUST00659,60,PROD00100,Beauty,Central,Marketplace,PayPal,Cancelled,5,67.38,20,336.9,67.38,269.52,146.54,122.98,10.06,4.7,3
ORD004970,2023-09-22,CUST01364,51,PROD00001,Beauty,North,Mobile App,Debit Card,Delivered,1,14.34,15,14.34,2.15,12.19,6.22,5.97,12.55,3.8,10
ORD002384,2023-09-22,CUST01454,44,PROD00642,Fashion,Central,Mobile App,Bank Transfer,Delivered,1,13.21,10,13.21,1.32,11.89,7.33,4.56,4.2,2.5,3
ORD000424,2023-09-22,CUST01424,19,PROD00787,Beauty,East,Website,Credit Card,Returned,5,43.88,5,219.4,10.97,208.43,111.96,96.47,13.5,2.8,1
ORD002292,2023-09-22,CUST00008,66,PROD00285,Home & Kitchen,South,Mobile App,Credit Card,Shipped,1,25.93,15,25.93,3.89,22.04,14.07,7.97,17.0,2.4,5
ORD004606,2023-09-22,CUST01355,66,PROD00576,Sports,North,Marketplace,Cash on Delivery,Cancelled,4,16.14,20,64.56,12.91,51.65,36.86,14.79,3.48,3.9,2
ORD004643,2023-09-23,CUST01359,50,PROD00069,Electronics,South,Website,Debit Card,Returned,4,37.52,10,150.08,15.01,135.07,61.02,74.05,2.29,4.0,6
ORD003236,2023-09-23,CUST01023,45,PROD00668,Electronics,West,Website,Cash on Delivery,Delivered,2,36.57,15,73.14,10.97,62.17,37.75,24.42,13.46,4.2,4
ORD001132,2023-09-23,CUST00065,64,PROD00401,Beauty,East,Website,Debit Card,Delivered,5,45.67,0,228.35,0.0,228.35,162.42,65.93,14.91,4.4,9
ORD001782,2023-09-23,CUST00726,27,PROD00199,Home & Kitchen,West,Website,Debit Card,Delivered,1,30.32,5,30.32,1.52,28.8,21.99,6.81,17.46,4.8,6
ORD004819,2023-09-24,CUST00576,18,PROD00188,Grocery,West,Website,Credit Card,Returned,1,53.54,15,53.54,8.03,45.51,23.37,22.14,15.81,3.4,3
ORD004480,2023-09-24,CUST00697,52,PROD00581,Beauty,South,Website,Cash on Delivery,Cancelled,4,28.82,5,115.28,5.76,109.52,78.66,30.86,1.76,4.3,8
ORD002627,2023-09-24,CUST00641,33,PROD00633,Grocery,West,Mobile App,PayPal,Returned,5,14.56,10,72.8,7.28,65.52,31.73,33.79,5.99,4.4,7
ORD003540,2023-09-24,CUST00523,18,PROD00755,Grocery,Central,Mobile App,PayPal,Cancelled,5,17.77,10,88.85,8.88,79.97,60.74,19.23,9.11,5.0,5
ORD002897,2023-09-24,CUST00450,28,PROD00247,Grocery,West,Mobile App,Debit Card,Delivered,2,84.04,15,168.08,25.21,142.87,95.75,47.12,7.71,4.6,9
ORD002521,2023-09-25,CUST00516,18,PROD00296,Fashion,South,Mobile App,Bank Transfer,Cancelled,4,17.67,10,70.68,7.07,63.61,29.65,33.96,10.52,4.2,5
ORD001012,2023-09-25,CUST00028,53,PROD00040,Beauty,South,Website,Credit Card,Cancelled,2,56.06,20,112.12,22.42,89.7,62.88,26.82,10.8,3.2,2
ORD000575,2023-09-25,CUST01005,48,PROD00512,Home & Kitchen,Central,Mobile App,Debit Card,Delivered,5,19.99,5,99.95,5.0,94.95,61.83,33.12,7.33,3.9,10
ORD002239,2023-09-25,CUST00976,31,PROD00428,Beauty,West,Website,Bank Transfer,Delivered,5,48.44,10,242.2,24.22,217.98,146.69,71.29,3.05,3.3,2
ORD004561,2023-09-25,CUST00035,59,PROD00437,Sports,East,Website,PayPal,Delivered,5,161.47,5,807.35,40.37,766.98,501.15,265.83,14.79,3.5,1
ORD002403,2023-09-25,CUST01176,56,PROD00383,Sports,West,Marketplace,Credit Card,Delivered,3,4.14,25,12.42,3.1,9.32,6.28,3.04,16.89,3.4,6
ORD002281,2023-09-26,CUST00495,64,PROD00343,Grocery,East,Mobile App,Bank Transfer,Shipped,1,26.15,30,26.15,7.84,18.31,14.14,4.17,16.17,4.3,2
ORD004062,2023-09-26,CUST00044,30,PROD00420,Fashion,Central,Mobile App,Debit Card,Returned,3,46.38,30,139.14,41.74,97.4,73.46,23.94,15.59,4.3,6
ORD000318,2023-09-26,CUST01048,28,PROD00520,Beauty,West,Mobile App,Bank Transfer,Shipped,2,91.42,0,182.84,0.0,182.84,87.14,95.7,1.68,3.4,4
ORD000770,2023-09-27,CUST00335,57,PROD00255,Sports,West,Marketplace,Bank Transfer,Cancelled,4,54.46,10,217.84,21.78,196.06,99.02,97.04,3.48,4.1,7
ORD004858,2023-09-27,CUST01240,68,PROD00233,Grocery,South,Mobile App,Debit Card,Delivered,4,17.92,30,71.68,21.5,50.18,32.28,17.9,13.96,3.8,4
ORD001482,2023-09-27,CUST00652,22,PROD00166,Fashion,West,Mobile App,Debit Card,Delivered,1,82.97,20,82.97,16.59,66.38,49.77,16.61,11.3,2.9,1
ORD002362,2023-09-27,CUST01062,23,PROD00721,Sports,East,Website,Debit Card,Delivered,5,166.58,30,832.9,249.87,583.03,420.59,162.44,17.43,3.1,7
ORD000059,2023-09-27,CUST00204,63,PROD00329,Electronics,Central,Mobile App,Credit Card,Delivered,1,34.76,25,34.76,8.69,26.07,15.66,10.41,2.62,4.5,1
ORD003811,2023-09-27,CUST00985,47,PROD00743,Electronics,Central,Mobile App,Credit Card,Shipped,1,31.7,10,31.7,3.17,28.53,19.69,8.84,2.15,3.6,8
ORD002141,2023-09-27,CUST00441,37,PROD00421,Beauty,North,Website,PayPal,Delivered,3,69.69,30,209.07,62.72,146.35,81.8,64.55,9.18,4.8,5
ORD003964,2023-09-28,CUST00615,43,PROD00768,Sports,West,Marketplace,Debit Card,Returned,4,88.37,15,353.48,53.02,300.46,208.22,92.24,9.0,2.8,2
ORD003042,2023-09-28,CUST00939,57,PROD00234,Beauty,Central,Website,PayPal,Delivered,5,28.06,0,140.3,0.0,140.3,74.72,65.58,1.75,4.5,10
ORD004583,2023-09-28,CUST00402,52,PROD00534,Sports,South,Mobile App,Credit Card,Delivered,3,28.97,5,86.91,4.35,82.56,62.02,20.54,16.15,4.5,9
ORD004922,2023-09-28,CUST00767,67,PROD00067,Beauty,West,Website,Bank Transfer,Cancelled,1,21.62,20,21.62,4.32,17.3,11.01,6.29,5.13,4.1,5
ORD003086,2023-09-29,CUST00968,54,PROD00552,Fashion,West,Website,Cash on Delivery,Delivered,4,70.13,0,280.52,0.0,280.52,144.76,135.76,7.89,4.8,1
ORD001130,2023-09-29,CUST00403,27,PROD00451,Fashion,East,Mobile App,Credit Card,Returned,5,33.75,15,168.75,25.31,143.44,94.07,49.37,15.04,4.5,8
ORD002936,2023-09-29,CUST00212,68,PROD00098,Beauty,Central,Website,Debit Card,Delivered,3,16.92,0,50.76,0.0,50.76,34.2,16.56,14.95,5.0,10
ORD002321,2023-09-29,CUST00964,49,PROD00138,Grocery,East,Mobile App,Cash on Delivery,Delivered,2,74.3,25,148.6,37.15,111.45,78.41,33.04,17.78,4.3,3
ORD004802,2023-09-29,CUST01413,63,PROD00578,Electronics,East,Mobile App,Bank Transfer,Delivered,4,30.34,0,121.36,0.0,121.36,93.94,27.42,17.33,4.2,5
ORD004508,2023-09-30,CUST01017,69,PROD00578,Fashion,North,Website,Cash on Delivery,Delivered,5,11.28,15,56.4,8.46,47.94,23.37,24.57,7.24,3.6,4
ORD003901,2023-09-30,CUST00386,60,PROD00713,Beauty,East,Marketplace,PayPal,Cancelled,2,41.7,30,83.4,25.02,58.38,38.97,19.41,4.4,3.7,4
ORD002059,2023-09-30,CUST00996,55,PROD00502,Home & Kitchen,East,Mobile App,Bank Transfer,Delivered,2,202.41,20,404.82,80.96,323.86,210.69,113.17,11.05,4.5,2
ORD002615,2023-09-30,CUST00177,25,PROD00549,Fashion,East,Website,Bank Transfer,Cancelled,1,25.0,10,25.0,2.5,22.5,11.75,10.75,6.04,3.3,6
ORD001963,2023-09-30,CUST00111,60,PROD00510,Grocery,East,Mobile App,Bank Transfer,Delivered,5,28.24,10,141.2,14.12,127.08,89.4,37.68,15.34,4.7,6
ORD002313,2023-09-30,CUST01015,36,PROD00647,Home & Kitchen,South,Mobile App,Credit Card,Shipped,1,37.29,15,37.29,5.59,31.7,15.42,16.28,12.56,3.5,6
ORD003922,2023-09-30,CUST01179,57,PROD00614,Electronics,Central,Website,Cash on Delivery,Shipped,5,57.77,10,288.85,28.88,259.97,169.53,90.44,16.43,3.5,9
ORD002943,2023-10-01,CUST01123,39,PROD00409,Electronics,Central,Website,PayPal,Returned,3,67.21,15,201.63,30.24,171.39,83.93,87.46,14.02,3.6,10
ORD001344,2023-10-01,CUST00176,48,PROD00227,Electronics,South,Mobile App,Bank Transfer,Delivered,4,64.43,10,257.72,25.77,231.95,124.62,107.33,12.4,4.1,2
ORD004586,2023-10-01,CUST00962,45,PROD00505,Beauty,West,Website,Credit Card,Returned,2,10.19,20,20.38,4.08,16.3,8.58,7.72,7.52,4.8,7
ORD002814,2023-10-01,CUST00490,20,PROD00199,Sports,Central,Website,Cash on Delivery,Returned,1,122.47,15,122.47,18.37,104.1,50.87,53.23,15.54,4.1,9
ORD002997,2023-10-01,CUST00389,48,PROD00128,Fashion,South,Mobile App,Cash on Delivery,Delivered,4,15.19,0,60.76,0.0,60.76,41.93,18.83,17.9,4.0,8
ORD004792,2023-10-01,CUST00228,41,PROD00245,Electronics,South,Website,PayPal,Delivered,5,10.55,0,52.75,0.0,52.75,39.14,13.61,5.03,4.6,6
ORD001060,2023-10-02,CUST00845,28,PROD00001,Sports,Central,Website,Debit Card,Delivered,5,12.88,10,64.4,6.44,57.96,40.14,17.82,6.73,3.0,9
ORD003294,2023-10-02,CUST00063,62,PROD00222,Fashion,South,Marketplace,PayPal,Delivered,3,13.21,20,39.63,7.93,31.7,21.88,9.82,13.97,2.5,6
ORD001515,2023-10-03,CUST00098,40,PROD00690,Beauty,South,Mobile App,Credit Card,Cancelled,2,29.92,25,59.84,14.96,44.88,23.58,21.3,11.47,3.7,10
ORD003722,2023-10-03,CUST00872,41,PROD00696,Sports,North,Website,Cash on Delivery,Returned,3,10.16,10,30.48,3.05,27.43,13.27,14.16,16.35,3.5,7
ORD003846,2023-10-03,CUST00457,66,PROD00600,Sports,Central,Mobile App,Credit Card,Returned,3,117.34,5,352.02,17.6,334.42,198.36,136.06,11.99,4.5,3
ORD003733,2023-10-03,CUST00580,26,PROD00432,Electronics,West,Mobile App,PayPal,Shipped,4,24.25,15,97.0,14.55,82.45,55.25,27.2,17.26,3.3,6
ORD004442,2023-10-03,CUST00804,30,PROD00399,Home & Kitchen,West,Website,Bank Transfer,Shipped,5,45.04,20,225.2,45.04,180.16,85.29,94.87,9.44,2.1,10
ORD003659,2023-10-04,CUST00560,64,PROD00673,Beauty,South,Website,Credit Card,Cancelled,4,62.0,5,248.0,12.4,235.6,107.57,128.03,1.72,4.7,8
ORD000706,2023-10-04,CUST01015,67,PROD00250,Fashion,West,Mobile App,Bank Transfer,Shipped,2,18.82,10,37.64,3.76,33.88,19.62,14.26,6.84,3.1,6
ORD001922,2023-10-04,CUST00210,20,PROD00108,Sports,Central,Website,Cash on Delivery,Shipped,3,7.0,10,21.0,2.1,18.9,14.48,4.42,14.94,4.3,3
ORD002208,2023-10-04,CUST00806,35,PROD00480,Fashion,South,Mobile App,Credit Card,Delivered,3,21.66,20,64.98,13.0,51.98,36.89,15.09,14.47,3.0,8
ORD002529,2023-10-04,CUST00607,56,PROD00605,Beauty,West,Mobile App,Debit Card,Returned,3,70.42,15,211.26,31.69,179.57,138.65,40.92,4.13,3.6,1
ORD002678,2023-10-04,CUST01389,62,PROD00284,Home & Kitchen,Central,Website,Bank Transfer,Shipped,3,93.08,0,279.24,0.0,279.24,172.77,106.47,3.8,2.9,5
ORD003358,2023-10-04,CUST01185,21,PROD00593,Home & Kitchen,South,Website,Cash on Delivery,Shipped,3,50.1,15,150.3,22.54,127.76,74.0,53.76,5.21,3.3,2
ORD000015,2023-10-04,CUST00540,24,PROD00136,Fashion,North,Website,Cash on Delivery,Cancelled,4,52.24,10,208.96,20.9,188.06,99.3,88.76,2.25,3.5,8
ORD002920,2023-10-04,CUST00112,69,PROD00708,Home & Kitchen,West,Mobile App,Bank Transfer,Delivered,4,77.3,5,309.2,15.46,293.74,206.94,86.8,16.0,5.0,8
ORD001257,2023-10-05,CUST00778,59,PROD00542,Sports,North,Mobile App,Bank Transfer,Delivered,2,21.89,0,43.78,0.0,43.78,31.17,12.61,11.83,3.3,7
ORD004037,2023-10-05,CUST00406,38,PROD00555,Beauty,South,Marketplace,PayPal,Delivered,4,10.86,5,43.44,2.17,41.27,32.03,9.24,8.18,4.5,3
ORD004285,2023-10-05,CUST00318,25,PROD00328,Electronics,East,Mobile App,Debit Card,Cancelled,2,26.19,0,52.38,0.0,52.38,27.62,24.76,3.74,4.5,1
ORD002004,2023-10-05,CUST01249,69,PROD00205,Fashion,South,Website,Bank Transfer,Delivered,4,26.76,0,107.04,0.0,107.04,74.61,32.43,3.45,3.8,10
ORD002891,2023-10-05,CUST00930,59,PROD00536,Beauty,Central,Marketplace,Debit Card,Delivered,1,21.06,20,21.06,4.21,16.85,11.53,5.32,2.22,3.7,2
ORD003054,2023-10-06,CUST01010,23,PROD00590,Fashion,Central,Mobile App,PayPal,Delivered,5,49.69,0,248.45,0.0,248.45,122.98,125.47,2.09,2.6,2
ORD000410,2023-10-06,CUST01298,47,PROD00669,Grocery,East,Website,PayPal,Shipped,3,118.81,10,356.43,35.64,320.79,158.53,162.26,12.37,4.2,7
ORD002311,2023-10-06,CUST00197,25,PROD00485,Sports,South,Marketplace,Bank Transfer,Delivered,4,62.25,15,249.0,37.35,211.65,111.81,99.84,10.15,4.6,9
ORD000160,2023-10-07,CUST01367,50,PROD00707,Electronics,East,Mobile App,Credit Card,Delivered,5,36.83,15,184.15,27.62,156.53,85.13,71.4,5.07,3.4,7
ORD000249,2023-10-07,CUST00820,24,PROD00735,Sports,Central,Mobile App,Cash on Delivery,Shipped,2,29.36,20,58.72,11.74,46.98,34.95,12.03,10.18,5.0,5
ORD004367,2023-10-07,CUST01087,60,PROD00169,Electronics,West,Mobile App,Bank Transfer,Shipped,5,51.86,10,259.3,25.93,233.37,173.96,59.41,3.52,3.2,10
ORD000625,2023-10-08,CUST00675,65,PROD00567,Sports,Central,Website,Credit Card,Cancelled,5,13.29,20,66.45,13.29,53.16,40.7,12.46,12.8,4.5,1
ORD004176,2023-10-08,CUST00077,48,PROD00525,Fashion,West,Website,Debit Card,Shipped,1,19.62,0,19.62,0.0,19.62,12.91,6.71,1.74,3.7,8
ORD004256,2023-10-08,CUST01093,70,PROD00734,Beauty,Central,Mobile App,Debit Card,Delivered,5,51.79,25,258.95,64.74,194.21,113.4,80.81,6.07,4.0,5
ORD002359,2023-10-08,CUST01343,47,PROD00015,Electronics,Central,Website,PayPal,Cancelled,4,20.28,5,81.12,4.06,77.06,46.11,30.95,12.78,3.7,5
ORD003020,2023-10-09,CUST00697,56,PROD00669,Electronics,South,Mobile App,Credit Card,Delivered,5,8.7,20,43.5,8.7,34.8,25.42,9.38,6.59,2.6,7
ORD001502,2023-10-09,CUST01465,24,PROD00304,Electronics,East,Mobile App,Credit Card,Delivered,4,85.3,0,341.2,0.0,341.2,204.78,136.42,16.15,3.9,5
ORD002000,2023-10-10,CUST00260,54,PROD00121,Fashion,South,Mobile App,Debit Card,Delivered,5,30.28,5,151.4,7.57,143.83,80.73,63.1,14.59,5.0,1
ORD002446,2023-10-10,CUST01031,58,PROD00463,Sports,North,Website,Cash on Delivery,Delivered,5,36.37,10,181.85,18.18,163.67,99.57,64.1,9.04,2.8,3
ORD003145,2023-10-10,CUST00248,61,PROD00023,Grocery,North,Marketplace,PayPal,Cancelled,4,7.51,25,30.04,7.51,22.53,16.68,5.85,13.23,4.4,8
ORD003355,2023-10-10,CUST01362,42,PROD00045,Electronics,West,Website,Cash on Delivery,Delivered,2,32.55,15,65.1,9.76,55.34,27.9,27.44,12.49,3.5,5
ORD004898,2023-10-10,CUST00022,27,PROD00797,Beauty,Central,Marketplace,Bank Transfer,Shipped,4,60.47,5,241.88,12.09,229.79,151.71,78.08,15.26,3.6,8
ORD004219,2023-10-10,CUST00646,53,PROD00555,Sports,West,Website,PayPal,Returned,2,13.97,0,27.94,0.0,27.94,13.41,14.53,12.46,3.4,8
ORD002259,2023-10-10,CUST01372,53,PROD00397,Electronics,Central,Mobile App,Debit Card,Delivered,5,37.09,20,185.45,37.09,148.36,107.56,40.8,12.66,4.4,3
ORD003247,2023-10-11,CUST01396,65,PROD00664,Home & Kitchen,East,Website,Credit Card,Cancelled,2,105.38,20,210.76,42.15,168.61,124.67,43.94,12.32,4.7,9
ORD004987,2023-10-11,CUST00690,37,PROD00438,Sports,West,Website,Bank Transfer,Returned,4,22.43,25,89.72,22.43,67.29,31.75,35.54,4.16,3.4,3
ORD002369,2023-10-11,CUST01190,38,PROD00263,Grocery,West,Mobile App,PayPal,Delivered,2,8.28,25,16.56,4.14,12.42,8.52,3.9,17.92,4.1,7
ORD000233,2023-10-11,CUST01469,35,PROD00610,Sports,North,Mobile App,Cash on Delivery,Cancelled,4,26.9,25,107.6,26.9,80.7,39.66,41.04,11.17,4.4,7
ORD000889,2023-10-12,CUST00314,42,PROD00672,Home & Kitchen,West,Website,PayPal,Cancelled,4,141.4,10,565.6,56.56,509.04,245.0,264.04,10.22,3.3,1
ORD001274,2023-10-12,CUST01165,70,PROD00348,Electronics,Central,Mobile App,Cash on Delivery,Shipped,1,25.38,0,25.38,0.0,25.38,18.1,7.28,14.9,4.8,5
ORD004876,2023-10-12,CUST01487,49,PROD00618,Beauty,East,Mobile App,Bank Transfer,Delivered,2,60.17,15,120.34,18.05,102.29,53.76,48.53,7.99,4.1,7
ORD000379,2023-10-12,CUST01312,57,PROD00608,Beauty,East,Mobile App,Cash on Delivery,Shipped,2,52.54,25,105.08,26.27,78.81,39.6,39.21,8.6,3.4,4
ORD004255,2023-10-12,CUST01312,18,PROD00157,Home & Kitchen,Central,Website,Debit Card,Delivered,3,32.68,0,98.04,0.0,98.04,46.85,51.19,16.06,3.0,7
ORD000912,2023-10-12,CUST00698,47,PROD00779,Grocery,West,Mobile App,Debit Card,Delivered,5,14.44,0,72.2,0.0,72.2,34.91,37.29,17.09,4.0,7
ORD000914,2023-10-13,CUST00231,62,PROD00234,Sports,Central,Website,Cash on Delivery,Returned,3,12.11,5,36.33,1.82,34.51,16.08,18.43,12.52,4.3,3
ORD002383,2023-10-13,CUST00650,49,PROD00214,Beauty,South,Website,Cash on Delivery,Shipped,4,53.11,15,212.44,31.87,180.57,131.72,48.85,14.07,3.3,3
ORD001739,2023-10-13,CUST00208,67,PROD00161,Grocery,Central,Mobile App,Debit Card,Shipped,3,37.27,5,111.81,5.59,106.22,66.3,39.92,11.01,2.9,3
ORD001479,2023-10-14,CUST00928,29,PROD00047,Electronics,Central,Mobile App,PayPal,Delivered,4,17.32,15,69.28,10.39,58.89,37.84,21.05,17.87,4.3,9
ORD003837,2023-10-14,CUST00635,40,PROD00012,Home & Kitchen,West,Mobile App,Credit Card,Returned,4,67.44,15,269.76,40.46,229.3,153.27,76.03,6.41,4.2,1
ORD001816,2023-10-14,CUST00001,18,PROD00752,Grocery,East,Mobile App,Credit Card,Delivered,1,42.19,20,42.19,8.44,33.75,22.88,10.87,10.47,3.5,8
ORD002670,2023-10-14,CUST00517,52,PROD00182,Grocery,South,Website,Cash on Delivery,Delivered,1,18.55,25,18.55,4.64,13.91,10.18,3.73,14.96,3.8,9
ORD004787,2023-10-14,CUST00539,70,PROD00568,Beauty,West,Website,Cash on Delivery,Returned,5,43.16,0,215.8,0.0,215.8,123.26,92.54,13.38,3.4,8
ORD001719,2023-10-14,CUST00796,37,PROD00466,Fashion,East,Mobile App,Credit Card,Delivered,2,62.8,20,125.6,25.12,100.48,50.07,50.41,17.21,4.8,7
ORD004142,2023-10-15,CUST00079,28,PROD00017,Sports,Central,Mobile App,Cash on Delivery,Shipped,5,16.64,20,83.2,16.64,66.56,37.94,28.62,3.2,4.5,8
ORD004298,2023-10-15,CUST01184,39,PROD00105,Home & Kitchen,East,Marketplace,Debit Card,Returned,3,18.62,20,55.86,11.17,44.69,34.85,9.84,6.38,3.6,2
ORD001687,2023-10-15,CUST00426,26,PROD00643,Sports,South,Mobile App,PayPal,Returned,4,29.14,25,116.56,29.14,87.42,48.29,39.13,10.91,3.9,6
ORD001411,2023-10-15,CUST00869,52,PROD00406,Home & Kitchen,West,Mobile App,Cash on Delivery,Cancelled,4,11.55,25,46.2,11.55,34.65,26.11,8.54,5.49,4.4,6
ORD003653,2023-10-15,CUST00478,47,PROD00685,Fashion,West,Website,Debit Card,Delivered,2,102.44,25,204.88,51.22,153.66,94.02,59.64,3.71,5.0,1
ORD003402,2023-10-16,CUST00963,25,PROD00423,Home & Kitchen,East,Mobile App,Bank Transfer,Delivered,4,15.18,15,60.72,9.11,51.61,28.25,23.36,11.82,4.9,7
ORD002178,2023-10-16,CUST01223,33,PROD00758,Grocery,North,Mobile App,Debit Card,Shipped,5,18.51,20,92.55,18.51,74.04,43.45,30.59,13.41,4.3,8
ORD003184,2023-10-16,CUST00329,33,PROD00358,Electronics,West,Mobile App,Debit Card,Delivered,2,45.97,5,91.94,4.6,87.34,59.94,27.4,3.43,4.6,7
ORD000810,2023-10-16,CUST00658,37,PROD00697,Sports,North,Marketplace,Debit Card,Cancelled,1,25.25,10,25.25,2.52,22.73,16.26,6.47,14.17,4.8,8
ORD002318,2023-10-16,CUST01332,48,PROD00201,Grocery,Central,Mobile App,PayPal,Cancelled,1,78.05,20,78.05,15.61,62.44,41.6,20.84,8.36,3.7,10
ORD000083,2023-10-16,CUST01316,62,PROD00234,Sports,South,Website,PayPal,Shipped,4,26.64,10,106.56,10.66,95.9,55.26,40.64,15.61,3.7,1
ORD003050,2023-10-17,CUST00109,32,PROD00259,Grocery,Central,Website,Bank Transfer,Delivered,1,26.01,25,26.01,6.5,19.51,12.12,7.39,9.91,4.0,6
ORD001575,2023-10-18,CUST00105,56,PROD00299,Electronics,West,Mobile App,Debit Card,Cancelled,4,7.4,25,29.6,7.4,22.2,11.21,10.99,17.94,2.7,6
ORD004544,2023-10-18,CUST00844,59,PROD00423,Electronics,West,Mobile App,Bank Transfer,Returned,5,9.79,5,48.95,2.45,46.5,34.78,11.72,6.68,4.4,6
ORD001621,2023-10-18,CUST01383,40,PROD00533,Sports,South,Website,Bank Transfer,Delivered,3,84.31,15,252.93,37.94,214.99,104.99,110.0,3.76,3.7,6
ORD004952,2023-10-18,CUST00188,64,PROD00192,Electronics,East,Mobile App,Bank Transfer,Shipped,2,20.43,20,40.86,8.17,32.69,15.06,17.63,16.46,4.2,6
ORD004417,2023-10-18,CUST00746,64,PROD00379,Home & Kitchen,South,Website,Debit Card,Delivered,2,14.23,10,28.46,2.85,25.61,19.13,6.48,17.06,5.0,8
ORD003487,2023-10-19,CUST00377,65,PROD00532,Grocery,West,Mobile App,PayPal,Delivered,2,35.67,0,71.34,0.0,71.34,47.1,24.24,13.49,2.9,9
ORD004546,2023-10-19,CUST01303,67,PROD00366,Grocery,Central,Mobile App,PayPal,Delivered,4,14.42,5,57.68,2.88,54.8,28.52,26.28,7.81,4.3,2
ORD001461,2023-10-20,CUST00945,65,PROD00756,Home & Kitchen,West,Website,Bank Transfer,Shipped,2,82.53,15,165.06,24.76,140.3,79.7,60.6,5.62,5.0,2
ORD003926,2023-10-20,CUST00366,43,PROD00738,Fashion,South,Website,Debit Card,Delivered,3,16.97,15,50.91,7.64,43.27,33.32,9.95,3.25,3.6,8
ORD001142,2023-10-20,CUST00357,60,PROD00118,Electronics,East,Mobile App,PayPal,Cancelled,2,51.15,15,102.3,15.34,86.96,51.65,35.31,9.88,3.8,2
ORD004384,2023-10-21,CUST00676,40,PROD00771,Beauty,Central,Mobile App,Credit Card,Cancelled,2,23.05,15,46.1,6.92,39.18,25.21,13.97,4.6,4.0,7
ORD004706,2023-10-21,CUST00597,62,PROD00265,Fashion,Central,Mobile App,PayPal,Shipped,1,33.95,10,33.95,3.4,30.55,20.82,9.73,7.23,4.5,9
ORD002757,2023-10-21,CUST00858,40,PROD00258,Fashion,West,Website,Bank Transfer,Shipped,1,15.35,25,15.35,3.84,11.51,8.2,3.31,16.16,3.3,6
ORD000159,2023-10-21,CUST00446,62,PROD00523,Electronics,North,Website,PayPal,Shipped,2,24.29,25,48.58,12.14,36.44,27.68,8.76,14.99,3.5,8
ORD003983,2023-10-21,CUST00630,57,PROD00374,Grocery,Central,Mobile App,Bank Transfer,Delivered,4,15.82,5,63.28,3.16,60.12,44.65,15.47,12.52,5.0,8
ORD002719,2023-10-22,CUST00089,47,PROD00082,Fashion,North,Website,Credit Card,Delivered,1,70.86,30,70.86,21.26,49.6,22.68,26.92,15.46,3.4,2
ORD003309,2023-10-22,CUST00037,25,PROD00665,Electronics,South,Website,Debit Card,Delivered,2,40.43,20,80.86,16.17,64.69,47.5,17.19,3.49,3.7,6
ORD001238,2023-10-22,CUST00908,59,PROD00391,Beauty,East,Marketplace,Bank Transfer,Cancelled,4,41.39,15,165.56,24.83,140.73,100.92,39.81,9.32,3.2,5
ORD003442,2023-10-22,CUST00707,29,PROD00297,Fashion,Central,Mobile App,Bank Transfer,Delivered,1,28.68,20,28.68,5.74,22.94,15.78,7.16,5.46,4.0,4
ORD001444,2023-10-22,CUST00862,40,PROD00557,Electronics,East,Marketplace,Cash on Delivery,Shipped,3,61.75,5,185.25,9.26,175.99,79.64,96.35,8.39,5.0,1
ORD003696,2023-10-23,CUST01248,53,PROD00658,Grocery,West,Marketplace,PayPal,Cancelled,5,117.35,15,586.75,88.01,498.74,306.69,192.05,8.21,4.0,6
ORD002519,2023-10-23,CUST00374,25,PROD00532,Electronics,West,Mobile App,PayPal,Delivered,1,37.62,25,37.62,9.4,28.22,20.48,7.74,7.62,3.9,4
ORD000782,2023-10-23,CUST00211,64,PROD00018,Home & Kitchen,West,Marketplace,Cash on Delivery,Delivered,5,39.54,15,197.7,29.66,168.04,120.41,47.63,6.06,5.0,9
ORD001047,2023-10-23,CUST01143,68,PROD00022,Home & Kitchen,South,Mobile App,PayPal,Delivered,3,68.01,0,204.03,0.0,204.03,149.91,54.12,5.32,4.2,8
ORD000063,2023-10-23,CUST01374,66,PROD00739,Grocery,North,Website,Credit Card,Shipped,2,75.41,0,150.82,0.0,150.82,112.51,38.31,8.79,4.2,3
ORD004744,2023-10-23,CUST01403,24,PROD00236,Beauty,North,Marketplace,PayPal,Delivered,3,79.69,25,239.07,59.77,179.3,131.55,47.75,14.72,4.0,8
ORD003286,2023-10-23,CUST00685,58,PROD00285,Beauty,West,Website,PayPal,Delivered,3,13.96,20,41.88,8.38,33.5,21.79,11.71,12.57,3.4,10
ORD004752,2023-10-24,CUST00872,26,PROD00609,Electronics,North,Mobile App,Debit Card,Cancelled,3,26.56,25,79.68,19.92,59.76,44.05,15.71,11.47,5.0,8
ORD004214,2023-10-25,CUST00566,36,PROD00085,Grocery,East,Mobile App,Debit Card,Cancelled,4,83.07,15,332.28,49.84,282.44,140.63,141.81,15.86,3.3,9
ORD001635,2023-10-25,CUST00927,21,PROD00573,Home & Kitchen,South,Website,Credit Card,Returned,2,20.07,5,40.14,2.01,38.13,24.08,14.05,15.15,3.0,5
ORD004337,2023-10-25,CUST00102,59,PROD00674,Beauty,Central,Website,Debit Card,Shipped,2,15.43,25,30.86,7.72,23.14,15.94,7.2,9.78,4.2,4
ORD003603,2023-10-26,CUST00769,27,PROD00714,Beauty,South,Website,Bank Transfer,Delivered,4,35.83,15,143.32,21.5,121.82,85.51,36.31,12.99,3.2,1
ORD004457,2023-10-26,CUST00932,46,PROD00385,Home & Kitchen,East,Website,Cash on Delivery,Delivered,2,13.56,15,27.12,4.07,23.05,11.56,11.49,11.94,4.5,3
ORD003283,2023-10-26,CUST00231,48,PROD00639,Sports,East,Website,PayPal,Shipped,5,18.14,5,90.7,4.54,86.16,56.3,29.86,12.39,5.0,10
ORD003551,2023-10-27,CUST00977,29,PROD00313,Electronics,East,Website,Credit Card,Delivered,2,99.97,10,199.94,19.99,179.95,112.62,67.33,5.33,3.9,8
ORD002604,2023-10-27,CUST01208,23,PROD00335,Sports,Central,Website,Cash on Delivery,Delivered,2,31.55,10,63.1,6.31,56.79,29.58,27.21,6.11,4.1,9
ORD001477,2023-10-28,CUST00816,23,PROD00546,Fashion,West,Website,Credit Card,Shipped,3,25.45,25,76.35,19.09,57.26,37.72,19.54,17.48,4.2,10
ORD003249,2023-10-28,CUST00314,21,PROD00319,Beauty,West,Mobile App,Cash on Delivery,Delivered,1,10.0,20,10.0,2.0,8.0,5.13,2.87,3.29,4.3,10
ORD001685,2023-10-29,CUST00904,60,PROD00582,Fashion,South,Mobile App,PayPal,Shipped,5,4.35,0,21.75,0.0,21.75,15.29,6.46,15.36,3.9,10
ORD001983,2023-10-29,CUST01061,54,PROD00403,Electronics,South,Mobile App,Bank Transfer,Shipped,1,12.32,25,12.32,3.08,9.24,5.9,3.34,15.71,3.5,7
ORD002022,2023-10-29,CUST00772,52,PROD00528,Home & Kitchen,South,Website,Cash on Delivery,Cancelled,3,16.33,10,48.99,4.9,44.09,30.12,13.97,15.03,4.1,5
ORD000837,2023-10-29,CUST00733,21,PROD00337,Beauty,East,Mobile App,Cash on Delivery,Returned,5,69.54,5,347.7,17.39,330.31,170.32,159.99,4.22,3.6,9
ORD002926,2023-10-29,CUST01198,24,PROD00191,Fashion,South,Website,Bank Transfer,Cancelled,4,45.17,5,180.68,9.03,171.65,86.26,85.39,5.67,4.9,9
ORD000251,2023-10-29,CUST00588,68,PROD00318,Fashion,South,Website,Cash on Delivery,Delivered,4,94.44,0,377.76,0.0,377.76,284.64,93.12,8.52,3.7,6
ORD000659,2023-10-30,CUST01260,45,PROD00352,Home & Kitchen,North,Mobile App,PayPal,Delivered,3,54.68,15,164.04,24.61,139.43,95.93,43.5,4.97,5.0,9
ORD004342,2023-10-30,CUST00162,55,PROD00406,Sports,Central,Mobile App,Debit Card,Delivered,4,37.48,0,149.92,0.0,149.92,67.71,82.21,2.33,3.6,10
ORD001539,2023-10-30,CUST00602,38,PROD00656,Electronics,Central,Website,Debit Card,Returned,4,11.67,10,46.68,4.67,42.01,31.68,10.33,8.13,2.6,5
ORD001303,2023-10-30,CUST00398,26,PROD00756,Grocery,Central,Mobile App,Debit Card,Delivered,1,18.75,20,18.75,3.75,15.0,11.23,3.77,13.48,3.8,5
ORD003349,2023-10-30,CUST00677,20,PROD00363,Grocery,South,Mobile App,Credit Card,Delivered,3,40.7,25,122.1,30.52,91.58,41.96,49.62,11.06,3.6,2
ORD001591,2023-10-31,CUST00616,36,PROD00592,Grocery,East,Mobile App,PayPal,Cancelled,1,29.97,5,29.97,1.5,28.47,21.31,7.16,12.5,4.3,3
ORD004213,2023-10-31,CUST01024,52,PROD00389,Home & Kitchen,North,Marketplace,Cash on Delivery,Returned,4,16.55,0,66.2,0.0,66.2,45.48,20.72,6.85,3.2,9
ORD004555,2023-10-31,CUST00652,40,PROD00645,Sports,South,Website,Debit Card,Delivered,2,31.39,5,62.78,3.14,59.64,36.41,23.23,10.54,4.5,9
ORD004862,2023-11-01,CUST01307,54,PROD00682,Home & Kitchen,North,Marketplace,Cash on Delivery,Shipped,1,24.92,15,24.92,3.74,21.18,12.34,8.84,3.34,5.0,8
ORD004491,2023-11-01,CUST00101,36,PROD00755,Beauty,Central,Website,Credit Card,Delivered,4,36.36,0,145.44,0.0,145.44,100.87,44.57,9.38,3.4,5
ORD002592,2023-11-01,CUST01254,59,PROD00027,Electronics,South,Marketplace,Bank Transfer,Returned,4,113.44,25,453.76,113.44,340.32,239.12,101.2,1.65,3.8,8
ORD001494,2023-11-01,CUST00155,27,PROD00497,Grocery,South,Marketplace,Credit Card,Delivered,2,27.3,10,54.6,5.46,49.14,33.7,15.44,11.44,3.4,8
ORD000297,2023-11-01,CUST00692,56,PROD00435,Grocery,Central,Marketplace,Bank Transfer,Delivered,2,83.58,0,167.16,0.0,167.16,78.53,88.63,13.47,5.0,9
ORD003447,2023-11-01,CUST00588,43,PROD00019,Sports,North,Mobile App,Debit Card,Delivered,4,129.61,5,518.44,25.92,492.52,241.85,250.67,6.16,3.5,6
ORD001573,2023-11-01,CUST00849,63,PROD00626,Beauty,South,Marketplace,PayPal,Delivered,2,278.33,15,556.66,83.5,473.16,306.27,166.89,7.44,4.1,7
ORD002164,2023-11-01,CUST00087,64,PROD00364,Sports,Central,Marketplace,Bank Transfer,Delivered,4,36.99,0,147.96,0.0,147.96,114.7,33.26,16.22,3.2,6
ORD004313,2023-11-02,CUST01324,64,PROD00671,Grocery,East,Mobile App,Cash on Delivery,Delivered,3,16.92,0,50.76,0.0,50.76,29.33,21.43,3.95,4.5,10
ORD004953,2023-11-02,CUST01308,29,PROD00593,Fashion,West,Website,Debit Card,Delivered,1,19.72,15,19.72,2.96,16.76,10.78,5.98,17.39,3.8,4
ORD003073,2023-11-02,CUST00725,18,PROD00062,Fashion,Central,Website,PayPal,Shipped,4,33.69,25,134.76,33.69,101.07,70.86,30.21,4.03,4.1,3
ORD004645,2023-11-02,CUST01498,33,PROD00568,Electronics,North,Mobile App,PayPal,Cancelled,4,58.98,30,235.92,70.78,165.14,84.87,80.27,3.53,3.9,8
ORD001271,2023-11-02,CUST01157,26,PROD00203,Sports,North,Marketplace,Cash on Delivery,Shipped,1,36.53,15,36.53,5.48,31.05,24.02,7.03,1.57,3.0,10
ORD002307,2023-11-03,CUST00963,57,PROD00641,Beauty,East,Website,PayPal,Returned,1,14.14,0,14.14,0.0,14.14,9.84,4.3,14.45,4.2,10
ORD002236,2023-11-03,CUST01165,27,PROD00322,Beauty,West,Marketplace,Credit Card,Shipped,2,28.89,5,57.78,2.89,54.89,34.67,20.22,15.53,4.2,1
ORD001412,2023-11-03,CUST01213,59,PROD00762,Beauty,North,Website,Bank Transfer,Cancelled,3,18.25,15,54.75,8.21,46.54,21.56,24.98,7.99,5.0,4
ORD002866,2023-11-03,CUST00895,65,PROD00152,Fashion,South,Website,Debit Card,Shipped,3,103.91,0,311.73,0.0,311.73,190.36,121.37,12.69,4.8,4
ORD003929,2023-11-04,CUST00935,61,PROD00392,Home & Kitchen,North,Mobile App,Debit Card,Delivered,1,38.16,15,38.16,5.72,32.44,17.02,15.42,1.88,4.4,7
ORD003884,2023-11-04,CUST00612,44,PROD00123,Fashion,Central,Website,Debit Card,Delivered,5,31.31,5,156.55,7.83,148.72,79.1,69.62,16.36,2.7,4
ORD003836,2023-11-04,CUST01232,23,PROD00519,Beauty,North,Mobile App,Bank Transfer,Delivered,1,38.02,15,38.02,5.7,32.32,19.8,12.52,9.3,3.8,9
ORD004825,2023-11-04,CUST01071,68,PROD00307,Grocery,West,Marketplace,Bank Transfer,Shipped,2,36.21,25,72.42,18.1,54.32,35.19,19.13,6.67,2.7,3
ORD001526,2023-11-04,CUST01349,61,PROD00655,Home & Kitchen,West,Marketplace,Cash on Delivery,Delivered,4,35.37,0,141.48,0.0,141.48,84.45,57.03,2.05,4.0,6
ORD001873,2023-11-04,CUST00472,42,PROD00102,Fashion,Central,Website,Bank Transfer,Delivered,3,21.67,20,65.01,13.0,52.01,28.25,23.76,4.01,3.6,1
ORD001409,2023-11-05,CUST00576,68,PROD00172,Electronics,West,Website,Credit Card,Cancelled,1,49.54,0,49.54,0.0,49.54,29.8,19.74,6.68,5.0,9
ORD003812,2023-11-06,CUST01125,31,PROD00448,Fashion,Central,Website,PayPal,Delivered,4,37.69,10,150.76,15.08,135.68,95.88,39.8,10.02,4.2,8
ORD003083,2023-11-06,CUST00311,20,PROD00568,Home & Kitchen,West,Website,Bank Transfer,Shipped,5,63.04,5,315.2,15.76,299.44,193.18,106.26,17.75,4.6,10
ORD004945,2023-11-06,CUST01146,70,PROD00354,Home & Kitchen,East,Website,Bank Transfer,Delivered,5,41.5,10,207.5,20.75,186.75,143.74,43.01,17.32,3.8,5
ORD004708,2023-11-06,CUST00694,22,PROD00563,Sports,North,Mobile App,Debit Card,Delivered,4,14.58,15,58.32,8.75,49.57,23.67,25.9,17.23,3.8,2
ORD001760,2023-11-07,CUST00826,43,PROD00655,Fashion,South,Website,Cash on Delivery,Delivered,4,64.88,10,259.52,25.95,233.57,153.92,79.65,5.08,2.8,3
ORD001721,2023-11-07,CUST00762,70,PROD00313,Electronics,Central,Mobile App,Credit Card,Delivered,5,14.0,5,70.0,3.5,66.5,30.71,35.79,14.86,3.6,8
ORD001115,2023-11-07,CUST01397,51,PROD00784,Sports,North,Mobile App,Bank Transfer,Delivered,1,34.03,10,34.03,3.4,30.63,20.94,9.69,16.04,5.0,3
ORD004012,2023-11-07,CUST00641,40,PROD00266,Fashion,West,Website,Bank Transfer,Shipped,2,28.72,15,57.44,8.62,48.82,27.01,21.81,13.09,4.2,8
ORD001536,2023-11-07,CUST00528,35,PROD00712,Fashion,North,Website,Bank Transfer,Cancelled,4,78.75,5,315.0,15.75,299.25,155.22,144.03,13.48,3.7,5
ORD002945,2023-11-07,CUST00954,66,PROD00418,Beauty,Central,Mobile App,Bank Transfer,Cancelled,1,58.47,0,58.47,0.0,58.47,40.37,18.1,5.41,3.5,4
ORD001416,2023-11-08,CUST00977,70,PROD00523,Home & Kitchen,South,Website,Bank Transfer,Returned,3,16.51,5,49.53,2.48,47.05,28.34,18.71,12.45,3.5,5
ORD003356,2023-11-08,CUST00450,34,PROD00352,Grocery,Central,Website,Debit Card,Delivered,1,42.35,5,42.35,2.12,40.23,18.11,22.12,11.64,4.4,8
ORD001633,2023-11-08,CUST01021,49,PROD00242,Grocery,Central,Website,Debit Card,Cancelled,3,40.91,20,122.73,24.55,98.18,52.35,45.83,15.04,3.9,6
ORD004728,2023-11-09,CUST00908,23,PROD00059,Sports,Central,Mobile App,Bank Transfer,Returned,5,39.79,5,198.95,9.95,189.0,108.69,80.31,4.85,5.0,8
ORD003113,2023-11-09,CUST01500,67,PROD00188,Beauty,North,Mobile App,Bank Transfer,Delivered,4,14.85,15,59.4,8.91,50.49,26.82,23.67,15.7,3.8,8
ORD000869,2023-11-09,CUST01414,70,PROD00443,Electronics,South,Mobile App,Cash on Delivery,Delivered,4,48.98,25,195.92,48.98,146.94,66.34,80.6,16.96,3.8,4
ORD001489,2023-11-09,CUST01479,40,PROD00572,Sports,Central,Website,PayPal,Delivered,3,28.53,10,85.59,8.56,77.03,35.17,41.86,12.35,3.0,5
ORD000935,2023-11-09,CUST00021,54,PROD00531,Electronics,Central,Mobile App,Credit Card,Delivered,4,55.04,10,220.16,22.02,198.14,138.01,60.13,4.82,4.2,8
ORD004499,2023-11-09,CUST01320,35,PROD00280,Sports,West,Mobile App,PayPal,Shipped,4,67.14,5,268.56,13.43,255.13,121.51,133.62,2.77,4.1,6
ORD003156,2023-11-09,CUST01202,70,PROD00300,Fashion,East,Mobile App,Cash on Delivery,Returned,4,40.17,15,160.68,24.1,136.58,77.84,58.74,4.67,3.5,1
ORD003522,2023-11-10,CUST01373,58,PROD00251,Home & Kitchen,Central,Mobile App,Bank Transfer,Cancelled,2,23.72,10,47.44,4.74,42.7,23.95,18.75,15.97,3.3,8
ORD002161,2023-11-10,CUST00104,43,PROD00219,Beauty,North,Website,Credit Card,Delivered,4,15.11,10,60.44,6.04,54.4,39.15,15.25,5.54,4.6,3
ORD002034,2023-11-10,CUST00621,47,PROD00505,Electronics,North,Website,PayPal,Delivered,5,45.54,5,227.7,11.38,216.32,123.56,92.76,15.2,3.5,1
ORD000295,2023-11-10,CUST00523,39,PROD00371,Sports,Central,Website,Credit Card,Delivered,5,14.28,5,71.4,3.57,67.83,40.41,27.42,3.79,3.5,5
ORD004372,2023-11-10,CUST01233,21,PROD00360,Beauty,West,Website,Debit Card,Delivered,4,41.62,10,166.48,16.65,149.83,88.92,60.91,6.83,3.7,10
ORD003365,2023-11-10,CUST00716,62,PROD00119,Home & Kitchen,East,Mobile App,Debit Card,Cancelled,3,49.88,20,149.64,29.93,119.71,56.79,62.92,13.69,3.8,9
ORD003856,2023-11-11,CUST00539,20,PROD00356,Fashion,North,Mobile App,Credit Card,Delivered,4,90.64,25,362.56,90.64,271.92,201.55,70.37,17.5,4.4,1
ORD003007,2023-11-11,CUST01475,57,PROD00096,Sports,South,Mobile App,Bank Transfer,Delivered,1,35.3,20,35.3,7.06,28.24,16.45,11.79,8.92,4.2,1
ORD000703,2023-11-11,CUST00942,28,PROD00384,Sports,South,Mobile App,Debit Card,Cancelled,2,23.18,5,46.36,2.32,44.04,23.57,20.47,14.97,5.0,10
ORD000038,2023-11-12,CUST01448,37,PROD00467,Beauty,Central,Website,PayPal,Delivered,4,35.78,0,143.12,0.0,143.12,76.79,66.33,11.05,3.8,4
ORD004302,2023-11-12,CUST00266,41,PROD00203,Sports,Central,Website,PayPal,Returned,1,78.77,0,78.77,0.0,78.77,56.69,22.08,14.02,3.6,10
ORD004396,2023-11-13,CUST00682,36,PROD00267,Grocery,South,Website,Credit Card,Delivered,4,43.91,15,175.64,26.35,149.29,105.66,43.63,12.81,3.7,2
ORD001379,2023-11-13,CUST00480,68,PROD00767,Grocery,West,Website,Bank Transfer,Cancelled,3,41.41,0,124.23,0.0,124.23,65.28,58.95,13.12,3.8,2
ORD003518,2023-11-13,CUST01484,22,PROD00775,Fashion,East,Marketplace,PayPal,Delivered,2,46.64,5,93.28,4.66,88.62,51.51,37.11,12.46,5.0,10
ORD001126,2023-11-14,CUST00393,48,PROD00387,Fashion,North,Mobile App,Cash on Delivery,Shipped,1,44.31,0,44.31,0.0,44.31,25.13,19.18,14.2,3.6,8
ORD000138,2023-11-14,CUST00087,18,PROD00545,Beauty,South,Website,Debit Card,Cancelled,1,40.7,5,40.7,2.04,38.66,18.27,20.39,10.92,3.3,5
ORD000762,2023-11-14,CUST00901,45,PROD00672,Grocery,East,Website,PayPal,Cancelled,2,26.1,20,52.2,10.44,41.76,32.02,9.74,8.85,4.7,9
ORD002466,2023-11-14,CUST00839,22,PROD00208,Grocery,West,Website,Bank Transfer,Returned,4,24.37,5,97.48,4.87,92.61,44.33,48.28,5.09,4.6,5
ORD001206,2023-11-14,CUST01315,19,PROD00350,Sports,North,Mobile App,Debit Card,Delivered,4,86.82,10,347.28,34.73,312.55,193.72,118.83,12.63,2.9,1
ORD001465,2023-11-14,CUST01307,32,PROD00575,Grocery,East,Website,Cash on Delivery,Delivered,5,10.88,15,54.4,8.16,46.24,30.95,15.29,6.88,4.6,7
ORD004990,2023-11-14,CUST00575,52,PROD00266,Home & Kitchen,West,Marketplace,Credit Card,Delivered,2,14.22,10,28.44,2.84,25.6,11.54,14.06,17.01,5.0,3
ORD003295,2023-11-15,CUST00440,61,PROD00453,Home & Kitchen,East,Website,Cash on Delivery,Delivered,1,19.58,5,19.58,0.98,18.6,13.77,4.83,4.53,3.5,8
ORD002676,2023-11-16,CUST00769,18,PROD00386,Home & Kitchen,Central,Website,Bank Transfer,Delivered,3,92.45,25,277.35,69.34,208.01,144.49,63.52,12.02,3.3,1
ORD002385,2023-11-16,CUST00997,68,PROD00154,Electronics,North,Mobile App,Debit Card,Delivered,3,70.08,0,210.24,0.0,210.24,137.61,72.63,2.63,5.0,8
ORD000746,2023-11-16,CUST00669,64,PROD00321,Grocery,South,Mobile App,Credit Card,Delivered,2,116.13,0,232.26,0.0,232.26,165.91,66.35,2.3,2.7,3
ORD000757,2023-11-17,CUST00102,64,PROD00364,Beauty,West,Website,Bank Transfer,Returned,3,66.01,25,198.03,49.51,148.52,76.11,72.41,8.36,3.1,10
ORD004359,2023-11-17,CUST00337,22,PROD00524,Fashion,West,Website,PayPal,Cancelled,3,16.21,20,48.63,9.73,38.9,24.11,14.79,8.69,2.0,7
ORD002725,2023-11-17,CUST01486,20,PROD00668,Fashion,East,Mobile App,Bank Transfer,Returned,4,30.45,10,121.8,12.18,109.62,64.19,45.43,15.76,3.4,8
ORD001738,2023-11-17,CUST01499,33,PROD00194,Fashion,West,Mobile App,Bank Transfer,Delivered,4,38.46,15,153.84,23.08,130.76,87.67,43.09,16.97,4.1,4
ORD004317,2023-11-17,CUST00556,70,PROD00088,Grocery,North,Website,Cash on Delivery,Returned,3,19.77,0,59.31,0.0,59.31,33.67,25.64,14.73,3.2,9
ORD000283,2023-11-17,CUST00731,26,PROD00421,Home & Kitchen,West,Mobile App,PayPal,Delivered,2,8.83,20,17.66,3.53,14.13,6.65,7.48,10.66,3.7,1
ORD003200,2023-11-18,CUST00899,27,PROD00337,Sports,Central,Mobile App,Debit Card,Delivered,2,45.31,0,90.62,0.0,90.62,46.64,43.98,3.69,3.7,3
ORD002713,2023-11-18,CUST00951,53,PROD00180,Home & Kitchen,North,Marketplace,Bank Transfer,Delivered,2,60.35,10,120.7,12.07,108.63,69.59,39.04,4.58,4.5,10
ORD002977,2023-11-18,CUST00769,26,PROD00101,Electronics,Central,Marketplace,PayPal,Delivered,3,13.83,10,41.49,4.15,37.34,17.74,19.6,14.08,3.9,8
ORD004667,2023-11-19,CUST01486,46,PROD00209,Fashion,North,Mobile App,Debit Card,Shipped,4,25.79,0,103.16,0.0,103.16,70.66,32.5,15.0,4.2,9
ORD003501,2023-11-19,CUST01091,70,PROD00259,Home & Kitchen,East,Website,Credit Card,Delivered,1,15.27,10,15.27,1.53,13.74,8.79,4.95,15.0,2.0,7
ORD003002,2023-11-20,CUST00278,45,PROD00552,Electronics,East,Mobile App,Credit Card,Delivered,3,92.06,20,276.18,55.24,220.94,162.21,58.73,15.92,2.4,8
ORD004853,2023-11-20,CUST00943,59,PROD00585,Electronics,North,Mobile App,Cash on Delivery,Delivered,5,16.49,25,82.45,20.61,61.84,38.03,23.81,8.38,2.5,4
ORD001140,2023-11-20,CUST00844,66,PROD00655,Electronics,East,Website,PayPal,Delivered,3,11.22,20,33.66,6.73,26.93,13.48,13.45,1.75,3.7,10
ORD000822,2023-11-20,CUST00648,62,PROD00164,Grocery,North,Mobile App,Debit Card,Delivered,4,30.07,0,120.28,0.0,120.28,86.54,33.74,11.53,4.2,5
ORD001611,2023-11-20,CUST00071,55,PROD00427,Home & Kitchen,South,Mobile App,Credit Card,Returned,2,220.76,25,441.52,110.38,331.14,225.0,106.14,12.65,4.5,10
ORD004965,2023-11-21,CUST00151,50,PROD00414,Grocery,East,Marketplace,PayPal,Returned,5,61.57,30,307.85,92.36,215.49,152.27,63.22,7.46,5.0,3
ORD004846,2023-11-21,CUST01224,33,PROD00773,Home & Kitchen,East,Website,Debit Card,Delivered,3,22.46,5,67.38,3.37,64.01,40.99,23.02,17.68,4.3,5
ORD002761,2023-11-21,CUST01165,68,PROD00245,Home & Kitchen,West,Mobile App,Bank Transfer,Returned,3,22.81,10,68.43,6.84,61.59,39.5,22.09,12.99,5.0,7
ORD002557,2023-11-21,CUST00852,29,PROD00794,Electronics,Central,Mobile App,PayPal,Returned,4,17.96,0,71.84,0.0,71.84,45.68,26.16,12.96,5.0,1
ORD002817,2023-11-22,CUST00483,25,PROD00438,Home & Kitchen,East,Mobile App,Bank Transfer,Shipped,4,42.95,15,171.8,25.77,146.03,93.3,52.73,7.88,4.0,3
ORD004418,2023-11-22,CUST00084,52,PROD00438,Home & Kitchen,Central,Mobile App,PayPal,Delivered,5,39.68,0,198.4,0.0,198.4,139.69,58.71,15.34,3.2,9
ORD000735,2023-11-22,CUST00930,20,PROD00661,Home & Kitchen,South,Website,Bank Transfer,Returned,4,16.41,25,65.64,16.41,49.23,29.1,20.13,8.3,3.3,8
ORD002991,2023-11-23,CUST00635,23,PROD00291,Sports,West,Website,Credit Card,Returned,2,22.86,25,45.72,11.43,34.29,15.87,18.42,15.12,4.0,4
ORD000904,2023-11-23,CUST00969,54,PROD00765,Fashion,West,Marketplace,PayPal,Cancelled,5,8.76,0,43.8,0.0,43.8,31.7,12.1,11.77,4.3,8
ORD003024,2023-11-23,CUST01383,49,PROD00727,Beauty,South,Website,Cash on Delivery,Returned,5,99.81,15,499.05,74.86,424.19,295.45,128.74,14.99,4.2,3
ORD004978,2023-11-23,CUST01137,66,PROD00014,Electronics,South,Website,Credit Card,Delivered,5,34.12,25,170.6,42.65,127.95,60.7,67.25,5.76,2.3,5
ORD004637,2023-11-23,CUST01166,53,PROD00435,Grocery,South,Website,Credit Card,Shipped,4,14.35,20,57.4,11.48,45.92,34.29,11.63,17.63,4.2,1
ORD002175,2023-11-23,CUST00952,58,PROD00320,Grocery,Central,Mobile App,Cash on Delivery,Delivered,2,10.08,20,20.16,4.03,16.13,9.3,6.83,8.34,4.3,4
ORD000938,2023-11-24,CUST00019,49,PROD00046,Beauty,South,Website,Bank Transfer,Cancelled,5,24.78,15,123.9,18.58,105.32,79.22,26.1,5.96,3.7,7
ORD001585,2023-11-24,CUST00551,25,PROD00086,Sports,North,Website,Bank Transfer,Delivered,1,4.46,30,4.46,1.34,3.12,1.49,1.63,10.88,3.7,10
ORD004476,2023-11-24,CUST00094,33,PROD00400,Sports,West,Marketplace,Debit Card,Returned,4,27.41,10,109.64,10.96,98.68,57.72,40.96,16.71,3.4,3
ORD001196,2023-11-24,CUST00981,19,PROD00557,Sports,North,Website,PayPal,Cancelled,2,39.56,10,79.12,7.91,71.21,34.75,36.46,15.55,3.9,10
ORD003855,2023-11-24,CUST00746,41,PROD00684,Electronics,Central,Mobile App,Cash on Delivery,Returned,2,51.59,20,103.18,20.64,82.54,40.12,42.42,1.96,4.4,2
ORD001182,2023-11-25,CUST00177,22,PROD00533,Electronics,East,Mobile App,PayPal,Delivered,3,37.75,10,113.25,11.32,101.93,56.42,45.51,9.03,5.0,5
ORD002809,2023-11-25,CUST00127,50,PROD00603,Electronics,West,Website,PayPal,Shipped,2,26.64,10,53.28,5.33,47.95,33.76,14.19,7.22,3.2,7
ORD000758,2023-11-25,CUST00385,39,PROD00425,Sports,Central,Website,Cash on Delivery,Shipped,3,14.56,0,43.68,0.0,43.68,30.12,13.56,6.24,4.9,5
ORD001939,2023-11-25,CUST00556,20,PROD00366,Fashion,West,Website,PayPal,Returned,2,14.0,20,28.0,5.6,22.4,17.01,5.39,12.93,3.9,2
ORD004525,2023-11-26,CUST00490,46,PROD00780,Electronics,Central,Marketplace,Cash on Delivery,Delivered,3,44.21,15,132.63,19.89,112.74,52.95,59.79,14.55,4.3,8
ORD001065,2023-11-26,CUST01440,62,PROD00050,Home & Kitchen,North,Mobile App,PayPal,Returned,5,17.43,20,87.15,17.43,69.72,31.77,37.95,15.1,4.7,5
ORD003427,2023-11-26,CUST00950,25,PROD00080,Beauty,West,Marketplace,Cash on Delivery,Shipped,3,49.98,20,149.94,29.99,119.95,92.91,27.04,10.06,4.8,2
ORD000956,2023-11-26,CUST01403,60,PROD00505,Grocery,West,Website,Debit Card,Delivered,5,15.21,20,76.05,15.21,60.84,31.32,29.52,10.23,3.6,8
ORD003599,2023-11-27,CUST00337,58,PROD00208,Home & Kitchen,Central,Mobile App,Bank Transfer,Delivered,4,21.46,5,85.84,4.29,81.55,39.12,42.43,1.81,4.2,2
ORD003291,2023-11-27,CUST01369,67,PROD00068,Fashion,East,Mobile App,Cash on Delivery,Cancelled,5,74.28,15,371.4,55.71,315.69,180.16,135.53,7.11,3.4,2
ORD003167,2023-11-27,CUST00804,46,PROD00405,Grocery,North,Website,Credit Card,Shipped,1,5.97,20,5.97,1.19,4.78,3.05,1.73,12.97,4.2,1
ORD002869,2023-11-27,CUST00778,68,PROD00092,Fashion,Central,Mobile App,Cash on Delivery,Delivered,5,22.87,0,114.35,0.0,114.35,67.71,46.64,4.12,4.6,7
ORD000006,2023-11-27,CUST00686,20,PROD00395,Fashion,Central,Website,Debit Card,Returned,2,104.47,0,208.94,0.0,208.94,142.28,66.66,10.16,3.0,7
ORD004878,2023-11-27,CUST01241,53,PROD00773,Fashion,Central,Mobile App,Cash on Delivery,Cancelled,1,45.1,15,45.1,6.76,38.34,29.74,8.6,14.09,5.0,8
ORD002932,2023-11-27,CUST00070,24,PROD00719,Fashion,North,Mobile App,PayPal,Cancelled,5,12.94,10,64.7,6.47,58.23,42.18,16.05,12.44,3.1,7
ORD002417,2023-11-28,CUST00600,57,PROD00793,Home & Kitchen,East,Website,PayPal,Returned,3,33.02,20,99.06,19.81,79.25,59.05,20.2,7.33,3.5,6
ORD004373,2023-11-28,CUST01400,68,PROD00095,Fashion,West,Website,PayPal,Delivered,2,52.14,10,104.28,10.43,93.85,48.0,45.85,3.61,3.5,5
ORD002503,2023-11-28,CUST01249,59,PROD00605,Beauty,East,Website,Debit Card,Returned,2,62.86,20,125.72,25.14,100.58,77.22,23.36,4.51,4.9,6
ORD002933,2023-11-29,CUST00426,40,PROD00338,Fashion,Central,Website,Credit Card,Cancelled,2,78.71,25,157.42,39.35,118.07,72.76,45.31,17.89,3.3,7
ORD003495,2023-11-29,CUST01144,58,PROD00064,Sports,Central,Website,Credit Card,Delivered,1,5.19,0,5.19,0.0,5.19,2.88,2.31,7.86,1.8,8
ORD001498,2023-11-30,CUST00343,53,PROD00452,Beauty,South,Website,PayPal,Delivered,1,45.63,5,45.63,2.28,43.35,20.41,22.94,8.83,3.0,2
ORD004635,2023-11-30,CUST00370,34,PROD00518,Sports,West,Mobile App,Debit Card,Delivered,3,22.33,10,66.99,6.7,60.29,37.74,22.55,4.29,4.2,6
ORD002391,2023-11-30,CUST00038,57,PROD00018,Grocery,North,Marketplace,Cash on Delivery,Delivered,5,89.14,15,445.7,66.86,378.84,200.46,178.38,7.99,4.2,8
ORD000764,2023-11-30,CUST00007,53,PROD00608,Beauty,North,Website,PayPal,Delivered,5,54.69,10,273.45,27.34,246.11,129.37,116.74,5.22,3.7,9
ORD004505,2023-11-30,CUST01210,65,PROD00022,Grocery,South,Marketplace,PayPal,Delivered,1,4.98,5,4.98,0.25,4.73,3.12,1.61,2.99,4.7,10
ORD004937,2023-11-30,CUST00831,46,PROD00170,Fashion,Central,Marketplace,Credit Card,Delivered,1,29.03,10,29.03,2.9,26.13,14.29,11.84,6.82,4.3,10
ORD001458,2023-11-30,CUST00132,19,PROD00288,Electronics,East,Mobile App,Cash on Delivery,Delivered,3,82.15,10,246.45,24.64,221.81,151.27,70.54,5.49,4.0,3
ORD001083,2023-12-01,CUST01092,21,PROD00667,Sports,South,Mobile App,Bank Transfer,Delivered,4,14.04,5,56.16,2.81,53.35,25.35,28.0,6.96,3.8,10
ORD003497,2023-12-01,CUST00808,28,PROD00235,Fashion,Central,Mobile App,PayPal,Shipped,2,11.61,15,23.22,3.48,19.74,9.41,10.33,2.93,4.6,8
ORD001442,2023-12-01,CUST00724,29,PROD00708,Sports,West,Mobile App,Debit Card,Delivered,3,76.49,5,229.47,11.47,218.0,162.14,55.86,3.8,3.9,10
ORD001254,2023-12-01,CUST00341,39,PROD00479,Fashion,South,Mobile App,Cash on Delivery,Cancelled,2,33.99,15,67.98,10.2,57.78,39.37,18.41,3.13,3.7,2
ORD001606,2023-12-02,CUST00796,30,PROD00711,Beauty,South,Mobile App,PayPal,Delivered,5,20.1,5,100.5,5.03,95.47,57.38,38.09,12.62,4.7,3
ORD003462,2023-12-02,CUST00893,19,PROD00555,Electronics,West,Mobile App,Cash on Delivery,Delivered,2,48.27,10,96.54,9.65,86.89,43.33,43.56,14.2,4.2,1
ORD002063,2023-12-02,CUST01421,54,PROD00154,Fashion,Central,Mobile App,PayPal,Shipped,4,69.74,15,278.96,41.84,237.12,130.68,106.44,12.98,2.7,9
ORD001789,2023-12-02,CUST00253,63,PROD00119,Beauty,West,Website,PayPal,Delivered,1,11.9,10,11.9,1.19,10.71,7.47,3.24,8.71,3.8,8
ORD000368,2023-12-02,CUST01468,68,PROD00061,Grocery,South,Website,PayPal,Delivered,1,18.9,20,18.9,3.78,15.12,9.56,5.56,7.61,4.4,4
ORD001213,2023-12-02,CUST01327,53,PROD00023,Fashion,East,Website,Credit Card,Delivered,2,5.5,15,11.0,1.65,9.35,6.85,2.5,17.78,4.0,7
ORD004348,2023-12-02,CUST01420,46,PROD00309,Grocery,North,Mobile App,Debit Card,Shipped,5,148.74,10,743.7,74.37,669.33,400.39,268.94,8.9,3.4,10
ORD002661,2023-12-03,CUST00485,53,PROD00099,Sports,South,Mobile App,Debit Card,Delivered,5,43.73,0,218.65,0.0,218.65,117.09,101.56,10.67,4.4,3
ORD003849,2023-12-03,CUST00383,33,PROD00442,Beauty,West,Website,Debit Card,Delivered,5,27.77,30,138.85,41.66,97.19,49.19,48.0,3.22,3.7,3
ORD002732,2023-12-03,CUST01041,49,PROD00774,Sports,North,Website,Cash on Delivery,Returned,3,51.45,5,154.35,7.72,146.63,101.16,45.47,15.22,3.5,5
ORD000653,2023-12-03,CUST01238,31,PROD00581,Fashion,West,Marketplace,PayPal,Delivered,1,66.44,30,66.44,19.93,46.51,25.06,21.45,3.87,3.0,8
ORD003192,2023-12-04,CUST00727,26,PROD00519,Fashion,West,Website,Bank Transfer,Cancelled,4,15.36,10,61.44,6.14,55.3,30.93,24.37,15.35,5.0,1
ORD001863,2023-12-04,CUST01186,60,PROD00539,Fashion,West,Mobile App,Cash on Delivery,Delivered,2,22.78,0,45.56,0.0,45.56,33.87,11.69,11.36,2.7,4
ORD000065,2023-12-04,CUST00284,52,PROD00473,Fashion,Central,Mobile App,Debit Card,Delivered,5,21.14,10,105.7,10.57,95.13,50.4,44.73,5.34,3.7,1
ORD003292,2023-12-04,CUST00219,58,PROD00233,Sports,South,Website,Cash on Delivery,Delivered,3,114.31,0,342.93,0.0,342.93,258.33,84.6,1.8,3.4,10
ORD002309,2023-12-04,CUST00857,39,PROD00561,Grocery,Central,Website,Debit Card,Shipped,3,7.89,30,23.67,7.1,16.57,12.15,4.42,11.37,5.0,2
ORD000210,2023-12-04,CUST01145,68,PROD00397,Sports,North,Mobile App,Debit Card,Delivered,1,8.13,0,8.13,0.0,8.13,4.86,3.27,16.34,5.0,9
ORD000178,2023-12-04,CUST00083,67,PROD00033,Grocery,South,Mobile App,Credit Card,Delivered,1,30.26,10,30.26,3.03,27.23,17.21,10.02,15.27,3.9,8
ORD001345,2023-12-04,CUST01015,19,PROD00376,Home & Kitchen,North,Marketplace,Cash on Delivery,Shipped,1,77.3,5,77.3,3.86,73.44,37.91,35.53,10.09,3.4,3
ORD000457,2023-12-05,CUST00162,49,PROD00365,Beauty,Central,Website,Debit Card,Delivered,5,41.16,0,205.8,0.0,205.8,117.9,87.9,7.34,3.8,8
ORD003468,2023-12-05,CUST00729,41,PROD00284,Beauty,South,Website,Debit Card,Delivered,5,17.35,20,86.75,17.35,69.4,38.14,31.26,11.86,4.0,8
ORD003143,2023-12-05,CUST01476,24,PROD00099,Fashion,East,Mobile App,Credit Card,Delivered,5,39.84,30,199.2,59.76,139.44,84.12,55.32,6.71,4.4,4
ORD003633,2023-12-05,CUST00488,55,PROD00769,Sports,North,Website,Debit Card,Shipped,1,23.76,20,23.76,4.75,19.01,14.55,4.46,17.4,4.2,4
ORD001068,2023-12-05,CUST01244,70,PROD00190,Beauty,North,Mobile App,Bank Transfer,Delivered,3,90.27,5,270.81,13.54,257.27,161.85,95.42,2.48,3.4,6
ORD001135,2023-12-06,CUST00290,27,PROD00309,Home & Kitchen,South,Mobile App,PayPal,Delivered,1,15.18,0,15.18,0.0,15.18,11.77,3.41,16.26,4.5,2
ORD004948,2023-12-06,CUST00660,65,PROD00798,Fashion,West,Marketplace,Credit Card,Returned,1,51.75,15,51.75,7.76,43.99,23.92,20.07,13.64,4.0,6
ORD004628,2023-12-06,CUST01286,46,PROD00159,Home & Kitchen,Central,Marketplace,Credit Card,Delivered,5,14.56,20,72.8,14.56,58.24,43.02,15.22,5.46,4.6,2
ORD003700,2023-12-06,CUST01464,27,PROD00618,Home & Kitchen,South,Marketplace,Debit Card,Delivered,2,124.73,30,249.46,74.84,174.62,79.59,95.03,7.93,4.5,5
ORD004737,2023-12-06,CUST00599,59,PROD00021,Home & Kitchen,North,Mobile App,PayPal,Shipped,2,18.03,10,36.06,3.61,32.45,17.35,15.1,15.5,4.5,3
ORD003579,2023-12-06,CUST00611,20,PROD00406,Grocery,North,Mobile App,Bank Transfer,Delivered,2,24.31,25,48.62,12.16,36.46,23.4,13.06,6.66,3.2,9
ORD002600,2023-12-07,CUST00190,51,PROD00394,Sports,South,Website,Credit Card,Cancelled,5,18.58,20,92.9,18.58,74.32,50.44,23.88,9.82,5.0,7
ORD000355,2023-12-07,CUST00390,40,PROD00596,Home & Kitchen,East,Mobile App,Debit Card,Delivered,1,37.32,15,37.32,5.6,31.72,17.48,14.24,16.11,3.4,10
ORD001754,2023-12-07,CUST00556,24,PROD00449,Electronics,South,Website,Debit Card,Delivered,4,52.31,15,209.24,31.39,177.85,137.46,40.39,8.57,4.5,5
ORD002464,2023-12-07,CUST00659,61,PROD00381,Sports,Central,Website,Cash on Delivery,Cancelled,5,84.07,20,420.35,84.07,336.28,170.89,165.39,1.52,3.8,6
ORD004311,2023-12-07,CUST00464,35,PROD00441,Grocery,West,Website,PayPal,Returned,1,40.01,0,40.01,0.0,40.01,23.38,16.63,12.93,3.7,1
ORD003907,2023-12-08,CUST00726,55,PROD00704,Grocery,East,Website,Cash on Delivery,Delivered,5,89.39,5,446.95,22.35,424.6,259.13,165.47,7.75,2.8,8
ORD000900,2023-12-08,CUST01440,49,PROD00148,Beauty,North,Mobile App,Cash on Delivery,Delivered,3,7.87,20,23.61,4.72,18.89,12.29,6.6,2.48,4.7,6
ORD001711,2023-12-08,CUST00620,28,PROD00326,Home & Kitchen,West,Website,Debit Card,Delivered,4,18.12,0,72.48,0.0,72.48,36.9,35.58,9.13,4.5,8
ORD003068,2023-12-08,CUST00964,58,PROD00223,Beauty,East,Marketplace,Cash on Delivery,Delivered,5,52.53,5,262.65,13.13,249.52,189.74,59.78,1.93,3.6,10
ORD001006,2023-12-08,CUST00020,41,PROD00133,Sports,East,Mobile App,Debit Card,Cancelled,3,44.53,25,133.59,33.4,100.19,48.9,51.29,11.95,3.1,8
ORD001764,2023-12-08,CUST00742,70,PROD00181,Home & Kitchen,West,Marketplace,Credit Card,Delivered,2,113.51,15,227.02,34.05,192.97,98.1,94.87,6.54,4.3,7
ORD004746,2023-12-09,CUST00305,21,PROD00580,Fashion,South,Mobile App,Credit Card,Cancelled,4,117.94,20,471.76,94.35,377.41,284.85,92.56,15.43,5.0,10
ORD001596,2023-12-09,CUST01031,20,PROD00170,Fashion,South,Mobile App,Bank Transfer,Delivered,1,28.2,15,28.2,4.23,23.97,16.56,7.41,2.59,2.4,2
ORD002416,2023-12-09,CUST00983,52,PROD00798,Beauty,East,Mobile App,PayPal,Delivered,2,13.57,5,27.14,1.36,25.78,19.9,5.88,3.08,3.3,10
ORD002596,2023-12-09,CUST00277,20,PROD00723,Sports,North,Mobile App,Credit Card,Delivered,2,39.82,5,79.64,3.98,75.66,51.85,23.81,9.72,4.4,10
ORD002200,2023-12-10,CUST01119,55,PROD00341,Home & Kitchen,North,Website,PayPal,Delivered,1,32.03,25,32.03,8.01,24.02,12.51,11.51,9.84,4.8,2
ORD004762,2023-12-10,CUST00724,30,PROD00072,Electronics,East,Website,Debit Card,Delivered,2,38.93,5,77.86,3.89,73.97,56.7,17.27,11.79,5.0,1
ORD000011,2023-12-10,CUST01108,27,PROD00752,Fashion,North,Mobile App,PayPal,Shipped,1,10.38,25,10.38,2.6,7.78,4.69,3.09,7.11,4.4,3
ORD001819,2023-12-11,CUST00452,30,PROD00622,Sports,Central,Mobile App,Debit Card,Delivered,5,34.88,5,174.4,8.72,165.68,89.28,76.4,2.47,4.3,1
ORD004780,2023-12-11,CUST01381,46,PROD00755,Electronics,North,Mobile App,Bank Transfer,Returned,5,25.14,20,125.7,25.14,100.56,72.19,28.37,14.21,5.0,3
ORD004770,2023-12-11,CUST00293,64,PROD00523,Beauty,Central,Website,PayPal,Delivered,2,16.72,10,33.44,3.34,30.1,20.31,9.79,4.06,3.8,8
ORD004005,2023-12-11,CUST00264,31,PROD00058,Beauty,South,Mobile App,PayPal,Cancelled,1,21.02,20,21.02,4.2,16.82,10.55,6.27,7.79,3.6,5
ORD001543,2023-12-11,CUST00677,25,PROD00422,Grocery,Central,Website,Cash on Delivery,Delivered,1,157.75,20,157.75,31.55,126.2,56.98,69.22,9.15,3.3,4
ORD003802,2023-12-11,CUST01318,24,PROD00479,Electronics,West,Mobile App,Bank Transfer,Delivered,2,14.68,10,29.36,2.94,26.42,16.98,9.44,6.58,3.6,1
ORD000185,2023-12-12,CUST00414,59,PROD00518,Home & Kitchen,South,Mobile App,Credit Card,Delivered,4,25.89,5,103.56,5.18,98.38,53.89,44.49,2.94,3.9,3
ORD000836,2023-12-12,CUST00249,29,PROD00028,Fashion,West,Mobile App,Bank Transfer,Shipped,1,151.84,20,151.84,30.37,121.47,68.64,52.83,13.78,4.1,6
ORD000640,2023-12-12,CUST01369,18,PROD00044,Electronics,Central,Website,Cash on Delivery,Delivered,5,40.49,5,202.45,10.12,192.33,138.46,53.87,13.93,3.9,4
ORD004738,2023-12-13,CUST00466,20,PROD00384,Beauty,East,Mobile App,Bank Transfer,Cancelled,5,45.13,5,225.65,11.28,214.37,163.91,50.46,5.21,3.5,10
ORD002439,2023-12-13,CUST00456,42,PROD00487,Fashion,Central,Mobile App,Bank Transfer,Cancelled,4,18.39,15,73.56,11.03,62.53,45.97,16.56,12.28,4.0,9
ORD000879,2023-12-13,CUST00772,36,PROD00685,Grocery,East,Website,Credit Card,Returned,1,10.82,30,10.82,3.25,7.57,4.82,2.75,4.61,4.3,4
ORD004618,2023-12-14,CUST00553,43,PROD00089,Beauty,Central,Website,Debit Card,Shipped,2,12.52,15,25.04,3.76,21.28,10.71,10.57,3.15,4.2,9
ORD002432,2023-12-14,CUST00850,46,PROD00344,Sports,Central,Website,PayPal,Cancelled,5,11.69,15,58.45,8.77,49.68,35.46,14.22,3.82,3.7,2
ORD001734,2023-12-14,CUST01291,27,PROD00539,Fashion,East,Website,Bank Transfer,Cancelled,5,57.39,15,286.95,43.04,243.91,177.9,66.01,15.59,4.1,5
ORD000478,2023-12-14,CUST00115,22,PROD00268,Sports,East,Mobile App,Bank Transfer,Cancelled,1,20.01,10,20.01,2.0,18.01,10.96,7.05,6.2,5.0,2
ORD004507,2023-12-14,CUST00438,39,PROD00242,Sports,East,Website,PayPal,Returned,2,95.74,0,191.48,0.0,191.48,87.34,104.14,10.32,4.0,3
ORD003516,2023-12-14,CUST00477,34,PROD00359,Sports,North,Marketplace,Debit Card,Delivered,4,34.33,0,137.32,0.0,137.32,85.21,52.11,10.15,3.0,9
ORD001207,2023-12-15,CUST01340,64,PROD00207,Home & Kitchen,South,Website,Cash on Delivery,Delivered,2,15.23,5,30.46,1.52,28.94,21.71,7.23,7.74,2.3,10
ORD001321,2023-12-15,CUST00950,53,PROD00426,Sports,West,Website,Debit Card,Delivered,2,42.18,5,84.36,4.22,80.14,49.48,30.66,8.73,3.8,1
ORD002983,2023-12-15,CUST00310,55,PROD00478,Home & Kitchen,South,Mobile App,Credit Card,Delivered,5,42.67,25,213.35,53.34,160.01,89.23,70.78,15.8,3.7,6
ORD003835,2023-12-15,CUST00471,25,PROD00543,Home & Kitchen,South,Website,Debit Card,Delivered,2,39.75,10,79.5,7.95,71.55,42.62,28.93,6.82,3.8,8
ORD000710,2023-12-16,CUST00220,65,PROD00137,Fashion,East,Mobile App,Bank Transfer,Delivered,2,58.2,20,116.4,23.28,93.12,65.92,27.2,6.77,4.6,5
ORD001932,2023-12-16,CUST00247,59,PROD00366,Sports,Central,Mobile App,Credit Card,Returned,5,5.95,20,29.75,5.95,23.8,16.07,7.73,14.04,4.2,9
ORD000649,2023-12-16,CUST01496,53,PROD00696,Home & Kitchen,North,Mobile App,PayPal,Returned,4,17.19,0,68.76,0.0,68.76,31.67,37.09,10.64,3.8,5
ORD001628,2023-12-16,CUST01210,48,PROD00563,Home & Kitchen,Central,Mobile App,Credit Card,Shipped,3,29.41,0,88.23,0.0,88.23,47.17,41.06,12.3,4.0,3
ORD004136,2023-12-16,CUST00073,69,PROD00398,Sports,South,Mobile App,PayPal,Delivered,5,52.21,20,261.05,52.21,208.84,133.95,74.89,10.29,3.9,7
ORD003968,2023-12-17,CUST00528,60,PROD00376,Sports,South,Mobile App,Credit Card,Delivered,3,57.7,0,173.1,0.0,173.1,82.88,90.22,15.74,4.1,10
ORD003611,2023-12-17,CUST01291,51,PROD00298,Electronics,Central,Website,PayPal,Delivered,5,22.81,15,114.05,17.11,96.94,72.61,24.33,15.43,3.9,7
ORD001958,2023-12-17,CUST00634,27,PROD00056,Home & Kitchen,South,Mobile App,Cash on Delivery,Shipped,5,37.02,10,185.1,18.51,166.59,84.29,82.3,10.09,2.6,8
ORD004931,2023-12-18,CUST00704,63,PROD00014,Beauty,East,Website,PayPal,Delivered,3,13.24,20,39.72,7.94,31.78,14.86,16.92,13.59,4.1,10
ORD001215,2023-12-19,CUST00492,51,PROD00364,Electronics,North,Mobile App,Credit Card,Delivered,5,22.66,5,113.3,5.66,107.64,73.61,34.03,16.5,3.2,7
ORD001424,2023-12-19,CUST01420,26,PROD00564,Beauty,South,Website,Credit Card,Delivered,5,30.68,0,153.4,0.0,153.4,72.91,80.49,17.23,5.0,1
ORD001692,2023-12-19,CUST00653,47,PROD00601,Sports,West,Mobile App,Debit Card,Returned,1,15.49,15,15.49,2.32,13.17,8.91,4.26,9.42,5.0,2
ORD002285,2023-12-19,CUST00851,53,PROD00747,Fashion,East,Website,Cash on Delivery,Cancelled,2,152.39,15,304.78,45.72,259.06,201.97,57.09,3.42,4.0,2
ORD003010,2023-12-20,CUST00531,36,PROD00212,Home & Kitchen,South,Website,Debit Card,Shipped,1,25.96,10,25.96,2.6,23.36,12.31,11.05,6.1,4.1,4
ORD001715,2023-12-20,CUST00850,21,PROD00231,Grocery,Central,Website,Debit Card,Shipped,3,40.52,10,121.56,12.16,109.4,52.16,57.24,10.52,3.6,6
ORD002753,2023-12-20,CUST00282,33,PROD00469,Fashion,East,Mobile App,Credit Card,Returned,4,33.53,10,134.12,13.41,120.71,55.94,64.77,11.46,3.8,6
ORD004100,2023-12-21,CUST00262,36,PROD00086,Grocery,East,Website,Cash on Delivery,Delivered,4,45.25,5,181.0,9.05,171.95,118.46,53.49,2.97,3.6,7
ORD002823,2023-12-22,CUST00940,56,PROD00363,Fashion,Central,Marketplace,Cash on Delivery,Returned,1,44.14,20,44.14,8.83,35.31,22.14,13.17,10.37,3.7,6
ORD000848,2023-12-22,CUST01210,70,PROD00107,Beauty,East,Website,Cash on Delivery,Delivered,2,28.57,15,57.14,8.57,48.57,29.61,18.96,10.19,3.8,2
ORD001221,2023-12-22,CUST00666,32,PROD00218,Beauty,North,Website,Cash on Delivery,Shipped,2,55.09,10,110.18,11.02,99.16,54.74,44.42,8.12,3.6,8
ORD001236,2023-12-22,CUST00957,23,PROD00594,Fashion,Central,Marketplace,Credit Card,Cancelled,2,60.51,20,121.02,24.2,96.82,49.52,47.3,17.95,2.9,5
ORD002121,2023-12-22,CUST00690,29,PROD00443,Beauty,Central,Website,PayPal,Delivered,2,46.43,15,92.86,13.93,78.93,57.95,20.98,9.42,3.8,3
ORD000357,2023-12-23,CUST00136,29,PROD00227,Fashion,North,Mobile App,Cash on Delivery,Cancelled,2,28.25,5,56.5,2.82,53.68,28.27,25.41,10.82,4.5,4
ORD002942,2023-12-23,CUST01213,63,PROD00012,Electronics,South,Website,Credit Card,Delivered,3,41.21,15,123.63,18.54,105.09,71.28,33.81,4.55,3.3,6
ORD004516,2023-12-24,CUST00659,32,PROD00409,Sports,North,Marketplace,Cash on Delivery,Cancelled,4,42.84,20,171.36,34.27,137.09,101.92,35.17,5.71,4.1,9
ORD002708,2023-12-24,CUST00075,47,PROD00066,Beauty,West,Website,Credit Card,Delivered,4,28.27,0,113.08,0.0,113.08,81.24,31.84,3.07,4.5,1
ORD000502,2023-12-24,CUST00451,29,PROD00126,Beauty,South,Mobile App,Cash on Delivery,Returned,5,39.42,15,197.1,29.57,167.53,86.65,80.88,2.16,3.8,5
ORD002606,2023-12-25,CUST01450,32,PROD00537,Home & Kitchen,East,Mobile App,Debit Card,Returned,2,15.27,20,30.54,6.11,24.43,17.65,6.78,2.7,4.8,7
ORD004481,2023-12-25,CUST00075,69,PROD00239,Home & Kitchen,South,Mobile App,PayPal,Delivered,3,38.17,25,114.51,28.63,85.88,47.2,38.68,8.28,4.0,1
ORD000623,2023-12-26,CUST00608,18,PROD00236,Sports,Central,Marketplace,Bank Transfer,Delivered,2,44.21,10,88.42,8.84,79.58,42.58,37.0,7.65,4.7,8
ORD004019,2023-12-26,CUST00052,45,PROD00076,Sports,West,Website,Credit Card,Cancelled,5,99.25,5,496.25,24.81,471.44,335.67,135.77,5.31,4.4,2
ORD002540,2023-12-26,CUST00833,27,PROD00258,Grocery,North,Marketplace,Debit Card,Delivered,3,51.67,0,155.01,0.0,155.01,99.06,55.95,17.83,3.8,6
ORD001241,2023-12-26,CUST00391,59,PROD00309,Home & Kitchen,Central,Marketplace,Debit Card,Cancelled,2,31.94,30,63.88,19.16,44.72,29.35,15.37,4.95,4.8,4
ORD001937,2023-12-26,CUST00072,65,PROD00388,Beauty,South,Website,Credit Card,Cancelled,3,22.31,0,66.93,0.0,66.93,37.72,29.21,4.9,4.7,3
ORD003744,2023-12-26,CUST00147,24,PROD00290,Beauty,East,Mobile App,Debit Card,Delivered,1,22.85,5,22.85,1.14,21.71,10.33,11.38,3.59,3.1,2
ORD001549,2023-12-27,CUST00486,29,PROD00152,Beauty,East,Mobile App,PayPal,Delivered,3,26.25,15,78.75,11.81,66.94,46.65,20.29,9.75,3.1,10
ORD001753,2023-12-27,CUST00760,49,PROD00546,Sports,East,Website,Credit Card,Delivered,1,50.48,10,50.48,5.05,45.43,34.33,11.1,12.61,3.9,7
ORD003195,2023-12-27,CUST00746,64,PROD00293,Beauty,South,Website,Cash on Delivery,Delivered,4,48.75,20,195.0,39.0,156.0,93.7,62.3,16.18,3.9,3
ORD002913,2023-12-27,CUST00374,59,PROD00118,Fashion,Central,Website,Credit Card,Delivered,3,40.94,15,122.82,18.42,104.4,75.6,28.8,9.6,4.6,4
ORD002893,2023-12-28,CUST01295,31,PROD00501,Home & Kitchen,North,Website,PayPal,Cancelled,3,42.62,0,127.86,0.0,127.86,96.36,31.5,14.9,4.9,4
ORD002959,2023-12-28,CUST00246,49,PROD00623,Electronics,East,Website,Debit Card,Shipped,1,60.64,5,60.64,3.03,57.61,28.47,29.14,12.08,3.2,9
ORD002015,2023-12-28,CUST00775,69,PROD00003,Sports,North,Mobile App,Credit Card,Cancelled,3,26.91,15,80.73,12.11,68.62,47.0,21.62,15.3,4.4,7
ORD002447,2023-12-28,CUST00562,37,PROD00003,Sports,South,Mobile App,Credit Card,Cancelled,1,29.21,25,29.21,7.3,21.91,12.2,9.71,2.2,3.4,9
ORD000838,2023-12-29,CUST00525,24,PROD00287,Fashion,South,Website,Debit Card,Returned,2,47.31,15,94.62,14.19,80.43,60.83,19.6,12.84,4.0,3
ORD002566,2023-12-29,CUST01307,53,PROD00682,Grocery,North,Mobile App,PayPal,Delivered,4,12.9,15,51.6,7.74,43.86,32.52,11.34,16.32,3.1,6
ORD001219,2023-12-29,CUST01324,37,PROD00551,Fashion,East,Website,Debit Card,Returned,1,34.16,15,34.16,5.12,29.04,16.08,12.96,14.52,3.1,5
ORD001234,2023-12-29,CUST01207,63,PROD00259,Grocery,South,Website,Credit Card,Delivered,5,30.35,25,151.75,37.94,113.81,79.07,34.74,3.16,3.9,4
ORD000676,2023-12-29,CUST00724,56,PROD00465,Home & Kitchen,North,Mobile App,Cash on Delivery,Returned,4,16.62,20,66.48,13.3,53.18,31.45,21.73,15.96,4.8,4
ORD004097,2023-12-29,CUST00724,68,PROD00786,Electronics,Central,Mobile App,Bank Transfer,Shipped,2,31.14,20,62.28,12.46,49.82,24.61,25.21,16.51,4.3,1
ORD003318,2023-12-29,CUST00948,38,PROD00461,Sports,West,Mobile App,Debit Card,Delivered,5,59.35,30,296.75,89.02,207.73,156.69,51.04,15.65,3.5,6
ORD003422,2023-12-29,CUST00900,44,PROD00362,Home & Kitchen,North,Website,Debit Card,Cancelled,4,45.98,15,183.92,27.59,156.33,110.08,46.25,6.54,3.5,9
ORD004347,2023-12-29,CUST00174,29,PROD00621,Fashion,Central,Website,Credit Card,Delivered,5,42.42,5,212.1,10.6,201.5,95.79,105.71,6.53,4.4,7
ORD001106,2023-12-30,CUST00105,36,PROD00228,Beauty,North,Mobile App,PayPal,Delivered,4,19.93,5,79.72,3.99,75.73,52.91,22.82,14.52,3.8,4
ORD001737,2023-12-30,CUST00188,53,PROD00729,Sports,Central,Marketplace,Cash on Delivery,Delivered,1,125.22,25,125.22,31.3,93.92,53.19,40.73,13.89,3.8,8
ORD004589,2023-12-30,CUST00844,48,PROD00409,Home & Kitchen,East,Website,Credit Card,Delivered,5,68.82,15,344.1,51.61,292.49,221.83,70.66,10.06,4.7,2
ORD003730,2023-12-30,CUST00522,34,PROD00102,Electronics,North,Website,Bank Transfer,Returned,1,30.44,10,30.44,3.04,27.4,16.78,10.62,11.55,3.8,2
ORD001598,2023-12-30,CUST00003,42,PROD00199,Sports,West,Marketplace,Cash on Delivery,Cancelled,3,32.17,5,96.51,4.83,91.68,43.62,48.06,11.66,3.2,1
ORD000667,2023-12-31,CUST00144,47,PROD00693,Home & Kitchen,South,Website,Debit Card,Delivered,1,5.51,20,5.51,1.1,4.41,2.89,1.52,13.71,4.2,1
ORD002594,2023-12-31,CUST00695,24,PROD00151,Fashion,Central,Mobile App,PayPal,Delivered,2,11.69,25,23.38,5.84,17.54,12.01,5.53,7.31,3.6,4
ORD003609,2023-12-31,CUST01204,44,PROD00495,Sports,North,Marketplace,Cash on Delivery,Shipped,5,23.03,5,115.15,5.76,109.39,82.58,26.81,16.4,3.5,5
ORD001246,2023-12-31,CUST00623,67,PROD00226,Electronics,East,Mobile App,Debit Card,Shipped,3,42.21,15,126.63,18.99,107.64,77.05,30.59,3.7,4.7,5
ORD001041,2023-12-31,CUST00115,48,PROD00448,Home & Kitchen,East,Website,Debit Card,Delivered,5,137.54,0,687.7,0.0,687.7,402.93,284.77,14.76,3.6,5
ORD002655,2023-12-31,CUST00629,39,PROD00549,Sports,North,Mobile App,PayPal,Delivered,5,21.05,30,105.25,31.58,73.67,36.72,36.95,12.21,4.2,4
ORD001924,2024-01-01,CUST01324,23,PROD00091,Electronics,West,Website,PayPal,Delivered,5,60.04,10,300.2,30.02,270.18,160.87,109.31,1.73,4.3,5
ORD002273,2024-01-01,CUST01251,45,PROD00008,Beauty,Central,Website,Bank Transfer,Returned,5,24.75,15,123.75,18.56,105.19,52.61,52.58,12.92,4.1,8
ORD004493,2024-01-01,CUST00861,39,PROD00042,Beauty,South,Marketplace,Bank Transfer,Returned,1,50.8,20,50.8,10.16,40.64,19.2,21.44,11.35,4.9,5
ORD004059,2024-01-01,CUST01349,51,PROD00761,Sports,West,Mobile App,Credit Card,Cancelled,4,163.33,5,653.32,32.67,620.65,453.9,166.75,8.35,3.9,2
ORD003594,2024-01-01,CUST00097,65,PROD00611,Sports,North,Website,Credit Card,Delivered,2,56.75,10,113.5,11.35,102.15,71.48,30.67,17.56,3.5,3
ORD003721,2024-01-01,CUST00719,24,PROD00707,Grocery,North,Mobile App,Bank Transfer,Delivered,4,58.85,0,235.4,0.0,235.4,145.02,90.38,16.57,4.0,9
ORD003947,2024-01-02,CUST00203,30,PROD00629,Electronics,North,Mobile App,Bank Transfer,Delivered,5,65.62,15,328.1,49.22,278.88,179.15,99.73,11.11,3.8,9
ORD003264,2024-01-02,CUST00494,57,PROD00419,Home & Kitchen,West,Mobile App,Bank Transfer,Delivered,4,9.89,5,39.56,1.98,37.58,27.91,9.67,9.99,5.0,6
ORD003222,2024-01-02,CUST01394,44,PROD00261,Beauty,Central,Website,Cash on Delivery,Delivered,1,21.68,15,21.68,3.25,18.43,10.23,8.2,14.69,4.0,7
ORD004498,2024-01-02,CUST01013,55,PROD00662,Grocery,North,Website,Credit Card,Delivered,1,69.63,25,69.63,17.41,52.22,39.19,13.03,13.75,4.6,8
ORD004674,2024-01-02,CUST00863,18,PROD00023,Electronics,East,Website,PayPal,Returned,5,60.77,5,303.85,15.19,288.66,140.65,148.01,13.93,4.8,4
ORD004178,2024-01-03,CUST01287,44,PROD00349,Electronics,West,Website,PayPal,Delivered,4,66.06,15,264.24,39.64,224.6,153.0,71.6,3.63,3.7,2
ORD003974,2024-01-03,CUST00911,61,PROD00412,Fashion,South,Website,Credit Card,Delivered,2,50.08,10,100.16,10.02,90.14,53.01,37.13,6.74,3.1,1
ORD001936,2024-01-03,CUST00561,47,PROD00164,Grocery,North,Mobile App,Debit Card,Delivered,2,76.04,0,152.08,0.0,152.08,76.66,75.42,9.87,3.3,8
ORD003276,2024-01-04,CUST00582,59,PROD00574,Sports,East,Website,Debit Card,Cancelled,5,36.34,0,181.7,0.0,181.7,84.88,96.82,9.29,4.0,8
ORD002582,2024-01-04,CUST00480,21,PROD00105,Home & Kitchen,North,Mobile App,PayPal,Shipped,1,22.61,10,22.61,2.26,20.35,14.27,6.08,5.6,4.0,7
ORD003129,2024-01-04,CUST01425,68,PROD00118,Fashion,South,Mobile App,Bank Transfer,Delivered,2,64.91,5,129.82,6.49,123.33,83.96,39.37,2.22,5.0,2
ORD003943,2024-01-05,CUST00089,33,PROD00563,Electronics,East,Mobile App,Bank Transfer,Delivered,4,16.62,15,66.48,9.97,56.51,33.58,22.93,16.82,5.0,6
ORD000319,2024-01-05,CUST00415,46,PROD00521,Home & Kitchen,East,Website,Bank Transfer,Returned,4,12.98,25,51.92,12.98,38.94,28.65,10.29,15.88,2.6,1
ORD001951,2024-01-05,CUST01328,67,PROD00116,Fashion,South,Website,PayPal,Shipped,4,28.6,20,114.4,22.88,91.52,56.99,34.53,2.42,3.2,2
ORD003261,2024-01-05,CUST00134,29,PROD00654,Sports,Central,Mobile App,Bank Transfer,Shipped,1,44.2,15,44.2,6.63,37.57,19.33,18.24,7.66,4.0,3
ORD003556,2024-01-06,CUST00611,51,PROD00019,Grocery,South,Website,Cash on Delivery,Delivered,3,97.91,15,293.73,44.06,249.67,140.4,109.27,13.58,3.9,7
ORD000864,2024-01-06,CUST00991,23,PROD00707,Fashion,North,Mobile App,Debit Card,Delivered,2,7.68,10,15.36,1.54,13.82,8.86,4.96,11.37,2.6,2
ORD002165,2024-01-06,CUST00386,58,PROD00390,Fashion,Central,Website,Credit Card,Cancelled,1,69.97,10,69.97,7.0,62.97,45.26,17.71,4.24,4.5,3
ORD004122,2024-01-06,CUST00550,48,PROD00692,Sports,East,Mobile App,Cash on Delivery,Cancelled,2,82.47,30,164.94,49.48,115.46,67.7,47.76,6.54,4.1,10
ORD004402,2024-01-07,CUST01417,48,PROD00245,Sports,Central,Website,Debit Card,Cancelled,2,32.37,15,64.74,9.71,55.03,27.85,27.18,6.0,3.1,2
ORD001092,2024-01-07,CUST00928,50,PROD00129,Fashion,East,Mobile App,Debit Card,Cancelled,4,33.52,25,134.08,33.52,100.56,77.43,23.13,3.98,5.0,6
ORD004911,2024-01-07,CUST01134,35,PROD00436,Beauty,South,Marketplace,Cash on Delivery,Cancelled,3,36.73,5,110.19,5.51,104.68,55.13,49.55,4.94,4.9,7
ORD002862,2024-01-08,CUST00828,43,PROD00784,Fashion,West,Website,Cash on Delivery,Cancelled,1,71.67,10,71.67,7.17,64.5,39.26,25.24,7.8,3.4,9
ORD001618,2024-01-08,CUST00031,52,PROD00211,Beauty,Central,Mobile App,Credit Card,Cancelled,2,23.15,15,46.3,6.94,39.36,21.46,17.9,11.45,3.5,7
ORD000505,2024-01-08,CUST00940,65,PROD00355,Home & Kitchen,North,Mobile App,Debit Card,Delivered,2,5.98,0,11.96,0.0,11.96,6.68,5.28,14.45,4.7,6
ORD000534,2024-01-09,CUST00411,41,PROD00290,Grocery,West,Website,Cash on Delivery,Delivered,5,11.1,5,55.5,2.78,52.72,35.15,17.57,10.52,2.9,6
ORD001955,2024-01-09,CUST00210,60,PROD00633,Fashion,North,Website,Debit Card,Delivered,1,74.74,5,74.74,3.74,71.0,50.64,20.36,10.73,3.3,1
ORD001070,2024-01-09,CUST00187,56,PROD00043,Home & Kitchen,Central,Mobile App,Bank Transfer,Delivered,2,89.06,15,178.12,26.72,151.4,86.9,64.5,16.42,3.4,3
ORD004687,2024-01-09,CUST01077,22,PROD00703,Home & Kitchen,Central,Marketplace,Cash on Delivery,Delivered,2,43.98,10,87.96,8.8,79.16,50.63,28.53,9.27,3.6,1
ORD003678,2024-01-10,CUST00740,22,PROD00702,Fashion,West,Mobile App,Cash on Delivery,Delivered,4,35.88,25,143.52,35.88,107.64,73.96,33.68,12.76,4.7,2
ORD001529,2024-01-10,CUST01191,24,PROD00118,Sports,North,Website,Credit Card,Delivered,1,111.14,5,111.14,5.56,105.58,70.11,35.47,5.48,3.7,8
ORD001460,2024-01-10,CUST01194,53,PROD00262,Fashion,Central,Website,PayPal,Shipped,4,6.03,20,24.12,4.82,19.3,12.04,7.26,15.39,5.0,4
ORD003159,2024-01-10,CUST00273,45,PROD00317,Grocery,North,Marketplace,Cash on Delivery,Delivered,4,45.41,15,181.64,27.25,154.39,76.05,78.34,15.82,4.6,2
ORD002532,2024-01-10,CUST00276,55,PROD00023,Beauty,South,Website,PayPal,Shipped,1,25.75,10,25.75,2.58,23.17,16.65,6.52,10.07,3.1,4
ORD004184,2024-01-10,CUST01287,34,PROD00601,Fashion,East,Website,PayPal,Returned,5,8.87,15,44.35,6.65,37.7,26.92,10.78,9.46,5.0,7
ORD002711,2024-01-10,CUST01048,61,PROD00653,Electronics,North,Mobile App,Cash on Delivery,Delivered,4,61.04,5,244.16,12.21,231.95,114.23,117.72,7.38,3.8,9
ORD001139,2024-01-11,CUST00759,27,PROD00102,Grocery,West,Website,Credit Card,Returned,4,10.26,0,41.04,0.0,41.04,22.09,18.95,5.91,3.3,4
ORD004478,2024-01-11,CUST01419,70,PROD00201,Home & Kitchen,West,Mobile App,Debit Card,Delivered,5,24.34,25,121.7,30.42,91.28,51.93,39.35,12.56,4.2,5
ORD004147,2024-01-11,CUST00883,45,PROD00071,Electronics,West,Website,PayPal,Cancelled,4,28.09,5,112.36,5.62,106.74,70.56,36.18,7.82,4.5,10
ORD004232,2024-01-11,CUST01113,64,PROD00550,Beauty,South,Website,Cash on Delivery,Shipped,3,11.82,10,35.46,3.55,31.91,18.94,12.97,14.71,4.9,3
ORD002214,2024-01-11,CUST00623,28,PROD00649,Beauty,West,Marketplace,Cash on Delivery,Delivered,4,36.55,0,146.2,0.0,146.2,67.18,79.02,10.62,3.9,9
ORD004821,2024-01-11,CUST00585,51,PROD00380,Beauty,North,Marketplace,Credit Card,Returned,2,86.36,20,172.72,34.54,138.18,74.24,63.94,8.89,4.0,3
ORD000765,2024-01-11,CUST00868,29,PROD00030,Beauty,South,Website,Credit Card,Delivered,2,23.23,15,46.46,6.97,39.49,18.18,21.31,2.06,4.9,1
ORD003271,2024-01-12,CUST01409,69,PROD00313,Beauty,North,Mobile App,PayPal,Cancelled,4,66.7,10,266.8,26.68,240.12,136.16,103.96,4.25,3.8,1
ORD004548,2024-01-12,CUST00296,21,PROD00436,Electronics,South,Mobile App,PayPal,Delivered,1,14.92,20,14.92,2.98,11.94,7.45,4.49,14.55,3.3,2
ORD001131,2024-01-12,CUST01137,38,PROD00115,Fashion,Central,Website,Bank Transfer,Shipped,4,37.49,0,149.96,0.0,149.96,103.46,46.5,7.73,4.8,2
ORD001647,2024-01-13,CUST01008,33,PROD00530,Fashion,West,Website,Cash on Delivery,Delivered,2,10.74,20,21.48,4.3,17.18,10.17,7.01,16.11,3.4,9
ORD001324,2024-01-13,CUST01255,27,PROD00641,Fashion,Central,Mobile App,Cash on Delivery,Delivered,2,17.99,10,35.98,3.6,32.38,14.97,17.41,17.13,4.3,8
ORD004590,2024-01-13,CUST00045,20,PROD00402,Beauty,North,Mobile App,Credit Card,Delivered,4,44.04,10,176.16,17.62,158.54,88.61,69.93,7.37,4.8,10
ORD001947,2024-01-13,CUST01095,64,PROD00757,Sports,South,Website,Credit Card,Shipped,3,14.37,10,43.11,4.31,38.8,20.63,18.17,7.02,3.8,1
ORD003266,2024-01-14,CUST00710,28,PROD00193,Grocery,South,Website,Credit Card,Shipped,2,45.47,5,90.94,4.55,86.39,52.53,33.86,17.51,4.0,3
ORD004894,2024-01-14,CUST00270,34,PROD00463,Sports,East,Mobile App,Bank Transfer,Cancelled,3,55.51,25,166.53,41.63,124.9,92.32,32.58,13.43,5.0,8
ORD002234,2024-01-14,CUST01193,41,PROD00486,Fashion,North,Marketplace,Credit Card,Delivered,1,37.54,0,37.54,0.0,37.54,17.21,20.33,4.46,3.9,9
ORD000084,2024-01-14,CUST01378,49,PROD00029,Grocery,South,Mobile App,PayPal,Returned,5,19.48,0,97.4,0.0,97.4,56.48,40.92,12.9,3.7,7
ORD003723,2024-01-15,CUST00607,51,PROD00441,Home & Kitchen,North,Mobile App,Bank Transfer,Cancelled,2,37.82,5,75.64,3.78,71.86,38.25,33.61,3.28,3.6,10
ORD000375,2024-01-15,CUST01237,37,PROD00469,Sports,Central,Mobile App,PayPal,Cancelled,4,211.37,20,845.48,169.1,676.38,464.49,211.89,5.63,3.0,5
ORD000072,2024-01-15,CUST00624,32,PROD00119,Home & Kitchen,Central,Website,Bank Transfer,Delivered,2,66.49,20,132.98,26.6,106.38,77.37,29.01,16.37,3.1,2
ORD004795,2024-01-16,CUST01438,39,PROD00709,Sports,South,Marketplace,Cash on Delivery,Shipped,2,32.77,15,65.54,9.83,55.71,30.04,25.67,7.71,4.7,2
ORD001792,2024-01-16,CUST01297,56,PROD00322,Beauty,Central,Mobile App,Bank Transfer,Delivered,5,146.81,15,734.05,110.11,623.94,285.41,338.53,1.69,2.9,8
ORD004528,2024-01-16,CUST00380,28,PROD00779,Electronics,East,Marketplace,Bank Transfer,Shipped,1,90.08,5,90.08,4.5,85.58,62.79,22.79,6.76,3.8,7
ORD004487,2024-01-16,CUST01254,47,PROD00528,Home & Kitchen,Central,Mobile App,Cash on Delivery,Returned,2,19.03,15,38.06,5.71,32.35,25.02,7.33,12.52,3.8,9
ORD001466,2024-01-16,CUST01429,53,PROD00579,Home & Kitchen,North,Website,Bank Transfer,Returned,2,26.67,10,53.34,5.33,48.01,25.23,22.78,17.61,4.8,5
ORD001709,2024-01-16,CUST00160,29,PROD00489,Home & Kitchen,South,Mobile App,Credit Card,Delivered,4,115.48,10,461.92,46.19,415.73,247.16,168.57,15.44,4.0,6
ORD001278,2024-01-16,CUST01327,44,PROD00609,Grocery,Central,Website,Bank Transfer,Cancelled,4,16.71,30,66.84,20.05,46.79,31.34,15.45,12.89,5.0,10
ORD004095,2024-01-16,CUST00233,27,PROD00652,Grocery,Central,Mobile App,Cash on Delivery,Shipped,1,17.16,5,17.16,0.86,16.3,10.69,5.61,4.99,4.3,9
ORD002468,2024-01-17,CUST00225,56,PROD00575,Electronics,West,Mobile App,Credit Card,Delivered,2,47.75,10,95.5,9.55,85.95,67.04,18.91,3.94,4.4,3
ORD001821,2024-01-17,CUST00298,21,PROD00472,Fashion,East,Website,Debit Card,Delivered,4,64.32,25,257.28,64.32,192.96,135.99,56.97,9.66,4.1,10
ORD003636,2024-01-18,CUST00743,35,PROD00028,Home & Kitchen,North,Website,Cash on Delivery,Returned,3,5.25,15,15.75,2.36,13.39,7.42,5.97,13.52,4.1,3
ORD003759,2024-01-18,CUST00226,46,PROD00012,Home & Kitchen,West,Website,Bank Transfer,Shipped,3,41.62,20,124.86,24.97,99.89,53.38,46.51,11.67,4.8,6
ORD004907,2024-01-18,CUST00806,30,PROD00188,Electronics,East,Website,Debit Card,Delivered,5,36.75,0,183.75,0.0,183.75,127.05,56.7,14.73,2.8,1
ORD001388,2024-01-18,CUST01112,56,PROD00385,Sports,West,Website,Bank Transfer,Shipped,2,251.15,5,502.3,25.12,477.18,348.6,128.58,15.42,3.9,9
ORD004567,2024-01-18,CUST00361,56,PROD00412,Fashion,North,Mobile App,Cash on Delivery,Delivered,2,11.95,5,23.9,1.2,22.7,15.07,7.63,13.3,3.5,8
ORD002602,2024-01-18,CUST00744,26,PROD00608,Home & Kitchen,North,Marketplace,Bank Transfer,Delivered,5,23.23,0,116.15,0.0,116.15,68.88,47.27,12.15,5.0,3
ORD003841,2024-01-18,CUST00976,66,PROD00141,Electronics,North,Marketplace,Bank Transfer,Delivered,4,23.14,30,92.56,27.77,64.79,46.33,18.46,4.37,4.5,1
ORD002210,2024-01-18,CUST00661,38,PROD00272,Fashion,West,Mobile App,PayPal,Delivered,4,14.58,5,58.32,2.92,55.4,26.72,28.68,13.28,4.6,7
ORD004597,2024-01-18,CUST00292,64,PROD00040,Beauty,South,Mobile App,Debit Card,Cancelled,4,22.04,20,88.16,17.63,70.53,40.61,29.92,4.84,4.6,2
ORD002167,2024-01-19,CUST00603,69,PROD00505,Sports,North,Website,Cash on Delivery,Delivered,3,59.93,10,179.79,17.98,161.81,104.57,57.24,7.32,4.2,6
ORD004294,2024-01-19,CUST00558,37,PROD00727,Electronics,South,Mobile App,Cash on Delivery,Shipped,4,33.41,15,133.64,20.05,113.59,82.18,31.41,14.43,3.4,1
ORD003067,2024-01-19,CUST00031,18,PROD00125,Fashion,North,Mobile App,Bank Transfer,Returned,3,8.71,15,26.13,3.92,22.21,11.07,11.14,6.52,4.1,8
ORD001525,2024-01-19,CUST01024,66,PROD00524,Fashion,West,Marketplace,Cash on Delivery,Cancelled,4,31.13,15,124.52,18.68,105.84,71.08,34.76,14.4,4.4,1
ORD003881,2024-01-19,CUST01257,69,PROD00794,Home & Kitchen,South,Mobile App,Debit Card,Returned,2,398.69,25,797.38,199.34,598.04,360.83,237.21,6.18,3.0,2
ORD003561,2024-01-19,CUST00884,68,PROD00197,Sports,North,Website,Bank Transfer,Cancelled,2,50.76,0,101.52,0.0,101.52,73.27,28.25,16.04,3.3,3
ORD004083,2024-01-19,CUST00743,25,PROD00066,Home & Kitchen,West,Mobile App,Bank Transfer,Delivered,2,43.67,25,87.34,21.84,65.5,43.48,22.02,4.72,4.7,2
ORD003479,2024-01-19,CUST00138,43,PROD00070,Home & Kitchen,East,Website,Debit Card,Cancelled,3,15.78,0,47.34,0.0,47.34,36.88,10.46,1.53,4.3,7
ORD004851,2024-01-19,CUST01258,64,PROD00631,Electronics,Central,Mobile App,Debit Card,Delivered,5,20.83,10,104.15,10.42,93.73,57.15,36.58,16.66,5.0,5
ORD000546,2024-01-20,CUST00300,47,PROD00083,Fashion,Central,Mobile App,Cash on Delivery,Delivered,1,39.43,0,39.43,0.0,39.43,27.3,12.13,8.82,4.4,2
ORD000150,2024-01-20,CUST00664,68,PROD00102,Electronics,South,Mobile App,Debit Card,Delivered,1,69.92,20,69.92,13.98,55.94,31.98,23.96,7.56,3.5,6
ORD004040,2024-01-20,CUST00436,34,PROD00562,Home & Kitchen,West,Website,Cash on Delivery,Delivered,3,50.46,25,151.38,37.84,113.54,74.16,39.38,7.08,5.0,2
ORD003547,2024-01-21,CUST00590,67,PROD00062,Fashion,West,Mobile App,Debit Card,Cancelled,4,31.27,0,125.08,0.0,125.08,56.69,68.39,9.8,3.4,1
ORD000013,2024-01-21,CUST00239,34,PROD00550,Beauty,Central,Mobile App,Debit Card,Delivered,1,120.76,25,120.76,30.19,90.57,65.88,24.69,4.75,4.7,3
ORD001851,2024-01-21,CUST01111,44,PROD00592,Fashion,Central,Website,Bank Transfer,Returned,3,115.05,25,345.15,86.29,258.86,146.68,112.18,6.42,4.3,4
ORD002253,2024-01-21,CUST00605,37,PROD00061,Fashion,South,Website,Cash on Delivery,Delivered,2,39.95,10,79.9,7.99,71.91,54.73,17.18,5.64,2.9,6
ORD001338,2024-01-21,CUST00951,36,PROD00395,Grocery,North,Website,Debit Card,Cancelled,2,27.43,30,54.86,16.46,38.4,28.97,9.43,8.34,3.8,3
ORD000876,2024-01-21,CUST01210,61,PROD00257,Sports,North,Website,Debit Card,Delivered,2,72.38,25,144.76,36.19,108.57,76.18,32.39,1.72,5.0,10
ORD004946,2024-01-21,CUST00732,59,PROD00211,Fashion,North,Marketplace,Credit Card,Cancelled,3,23.34,5,70.02,3.5,66.52,41.14,25.38,4.97,3.9,7
ORD004926,2024-01-22,CUST00466,56,PROD00120,Beauty,Central,Mobile App,Cash on Delivery,Delivered,4,94.36,10,377.44,37.74,339.7,237.94,101.76,4.62,3.6,8
ORD004895,2024-01-22,CUST00190,70,PROD00240,Electronics,Central,Mobile App,Debit Card,Returned,2,34.98,25,69.96,17.49,52.47,28.63,23.84,6.31,4.1,1
ORD001320,2024-01-22,CUST01388,23,PROD00052,Electronics,North,Mobile App,Bank Transfer,Delivered,2,13.16,0,26.32,0.0,26.32,12.12,14.2,13.91,4.8,1
ORD002518,2024-01-22,CUST01173,64,PROD00655,Fashion,Central,Marketplace,PayPal,Returned,4,11.22,25,44.88,11.22,33.66,17.14,16.52,11.67,2.4,10
ORD003205,2024-01-22,CUST00411,28,PROD00379,Fashion,North,Mobile App,Credit Card,Delivered,5,41.09,25,205.45,51.36,154.09,119.1,34.99,4.8,3.6,10
ORD003832,2024-01-22,CUST00573,59,PROD00745,Fashion,West,Marketplace,Debit Card,Delivered,1,45.12,5,45.12,2.26,42.86,28.77,14.09,3.32,4.9,5
ORD002836,2024-01-22,CUST00470,35,PROD00263,Electronics,East,Website,PayPal,Returned,2,63.43,10,126.86,12.69,114.17,69.4,44.77,14.85,3.6,1
ORD003298,2024-01-22,CUST01405,37,PROD00614,Sports,North,Mobile App,Cash on Delivery,Delivered,3,36.13,20,108.39,21.68,86.71,54.5,32.21,7.02,3.8,4
ORD002256,2024-01-22,CUST00106,27,PROD00772,Electronics,Central,Mobile App,Credit Card,Delivered,2,58.96,10,117.92,11.79,106.13,65.41,40.72,8.17,4.6,1
ORD000477,2024-01-22,CUST00401,61,PROD00220,Grocery,East,Website,Bank Transfer,Delivered,4,14.55,5,58.2,2.91,55.29,38.11,17.18,3.94,3.6,4
ORD000036,2024-01-23,CUST00541,69,PROD00203,Home & Kitchen,North,Marketplace,Credit Card,Returned,2,14.76,5,29.52,1.48,28.04,18.45,9.59,11.3,3.1,10
ORD003842,2024-01-23,CUST00021,25,PROD00639,Electronics,East,Mobile App,Bank Transfer,Delivered,5,15.61,15,78.05,11.71,66.34,32.53,33.81,12.97,3.8,2
ORD004281,2024-01-23,CUST00454,66,PROD00242,Fashion,East,Website,Debit Card,Shipped,3,26.3,0,78.9,0.0,78.9,43.18,35.72,10.66,4.6,1
ORD003576,2024-01-23,CUST01181,40,PROD00400,Fashion,East,Mobile App,Credit Card,Delivered,1,61.48,5,61.48,3.07,58.41,39.02,19.39,15.14,4.4,7
ORD000578,2024-01-24,CUST00338,38,PROD00056,Fashion,East,Mobile App,PayPal,Shipped,5,72.93,10,364.65,36.47,328.18,168.26,159.92,7.89,4.0,10
ORD001136,2024-01-24,CUST01444,36,PROD00573,Sports,Central,Website,Credit Card,Cancelled,2,28.1,5,56.2,2.81,53.39,41.08,12.31,11.36,3.8,8
ORD000523,2024-01-25,CUST00870,37,PROD00441,Fashion,Central,Marketplace,Cash on Delivery,Shipped,4,107.13,20,428.52,85.7,342.82,219.43,123.39,9.86,4.2,5
ORD004074,2024-01-25,CUST00501,63,PROD00795,Sports,West,Mobile App,Bank Transfer,Delivered,4,20.97,15,83.88,12.58,71.3,47.23,24.07,12.6,3.3,6
ORD003906,2024-01-25,CUST00096,28,PROD00301,Grocery,South,Website,Bank Transfer,Delivered,3,27.99,20,83.97,16.79,67.18,35.24,31.94,1.9,1.7,3
ORD001809,2024-01-25,CUST00105,33,PROD00284,Electronics,North,Website,PayPal,Cancelled,5,12.21,0,61.05,0.0,61.05,42.62,18.43,1.87,3.4,4
ORD004570,2024-01-25,CUST01350,68,PROD00305,Electronics,North,Website,Debit Card,Cancelled,5,114.34,10,571.7,57.17,514.53,393.21,121.32,7.66,4.1,9
ORD003308,2024-01-25,CUST01453,64,PROD00740,Fashion,South,Mobile App,Debit Card,Cancelled,1,67.57,0,67.57,0.0,67.57,35.75,31.82,14.21,4.5,1
ORD003146,2024-01-25,CUST00103,54,PROD00239,Home & Kitchen,East,Website,Debit Card,Shipped,4,47.36,0,189.44,0.0,189.44,132.78,56.66,1.67,2.8,7
ORD002760,2024-01-25,CUST01067,64,PROD00476,Electronics,South,Website,PayPal,Delivered,3,9.0,0,27.0,0.0,27.0,20.92,6.08,16.54,4.2,10
ORD004527,2024-01-26,CUST00116,35,PROD00113,Grocery,North,Mobile App,PayPal,Returned,2,13.51,20,27.02,5.4,21.62,14.5,7.12,9.08,3.8,4
ORD003185,2024-01-26,CUST01209,29,PROD00362,Home & Kitchen,West,Website,Bank Transfer,Delivered,3,42.53,25,127.59,31.9,95.69,50.08,45.61,13.61,4.8,7
ORD002207,2024-01-26,CUST00051,39,PROD00075,Grocery,South,Website,Debit Card,Delivered,1,28.51,15,28.51,4.28,24.23,12.48,11.75,17.53,3.2,8
ORD000799,2024-01-26,CUST00436,68,PROD00643,Fashion,South,Website,Cash on Delivery,Returned,4,26.69,0,106.76,0.0,106.76,69.93,36.83,14.02,5.0,3
ORD003065,2024-01-26,CUST00633,32,PROD00651,Fashion,South,Website,Credit Card,Delivered,5,12.97,25,64.85,16.21,48.64,26.39,22.25,5.44,3.7,7
ORD001082,2024-01-26,CUST00398,59,PROD00762,Grocery,Central,Mobile App,Credit Card,Delivered,2,79.02,15,158.04,23.71,134.33,88.81,45.52,8.43,4.9,6
ORD004944,2024-01-27,CUST00474,19,PROD00318,Grocery,Central,Website,Cash on Delivery,Shipped,2,102.82,10,205.64,20.56,185.08,98.0,87.08,5.83,2.9,10
ORD003582,2024-01-27,CUST01318,23,PROD00163,Grocery,East,Marketplace,Cash on Delivery,Delivered,4,41.09,5,164.36,8.22,156.14,82.42,73.72,17.14,4.5,7
ORD000081,2024-01-27,CUST01044,67,PROD00731,Beauty,North,Website,Debit Card,Returned,5,30.09,5,150.45,7.52,142.93,93.68,49.25,2.53,5.0,1
ORD002885,2024-01-28,CUST01001,46,PROD00574,Fashion,West,Website,Credit Card,Returned,1,31.12,20,31.12,6.22,24.9,14.41,10.49,4.23,4.3,6
ORD002344,2024-01-28,CUST00759,47,PROD00009,Grocery,South,Website,Credit Card,Returned,4,33.26,5,133.04,6.65,126.39,66.57,59.82,5.54,5.0,1
ORD001889,2024-01-28,CUST00958,70,PROD00227,Beauty,Central,Website,Cash on Delivery,Cancelled,2,51.8,10,103.6,10.36,93.24,59.26,33.98,15.52,3.6,9
ORD003787,2024-01-28,CUST00141,58,PROD00291,Grocery,North,Website,Credit Card,Delivered,5,18.94,10,94.7,9.47,85.23,60.5,24.73,7.78,4.2,4
ORD000110,2024-01-28,CUST00946,43,PROD00579,Sports,West,Website,PayPal,Delivered,3,35.34,10,106.02,10.6,95.42,60.94,34.48,17.93,4.0,2
ORD001340,2024-01-30,CUST00640,21,PROD00435,Sports,West,Mobile App,Bank Transfer,Returned,2,8.81,5,17.62,0.88,16.74,9.37,7.37,15.18,4.9,1
ORD001871,2024-01-30,CUST00299,69,PROD00317,Home & Kitchen,East,Mobile App,Debit Card,Shipped,2,36.52,20,73.04,14.61,58.43,39.89,18.54,6.72,3.4,3
ORD002553,2024-01-30,CUST01250,40,PROD00624,Beauty,South,Website,Cash on Delivery,Delivered,4,29.28,30,117.12,35.14,81.98,46.88,35.1,7.61,4.5,7
ORD002629,2024-01-30,CUST00897,70,PROD00069,Fashion,Central,Website,Bank Transfer,Returned,5,39.18,25,195.9,48.98,146.92,90.83,56.09,4.61,4.1,3
ORD003552,2024-01-30,CUST00017,48,PROD00279,Fashion,East,Mobile App,PayPal,Cancelled,5,89.27,20,446.35,89.27,357.08,257.94,99.14,7.03,4.1,10
ORD003555,2024-01-31,CUST00971,39,PROD00139,Beauty,North,Mobile App,Bank Transfer,Delivered,2,10.17,15,20.34,3.05,17.29,11.09,6.2,4.28,4.5,7
ORD000839,2024-01-31,CUST01115,27,PROD00631,Grocery,South,Website,Debit Card,Delivered,4,63.82,15,255.28,38.29,216.99,110.17,106.82,8.46,3.8,4
ORD000421,2024-01-31,CUST00331,39,PROD00441,Home & Kitchen,East,Marketplace,Credit Card,Delivered,5,21.61,20,108.05,21.61,86.44,55.48,30.96,3.59,2.9,2
ORD000432,2024-01-31,CUST00126,38,PROD00738,Beauty,West,Mobile App,Debit Card,Returned,4,158.31,10,633.24,63.32,569.92,268.25,301.67,13.21,4.3,8
ORD000970,2024-01-31,CUST00472,46,PROD00019,Grocery,East,Mobile App,Bank Transfer,Delivered,5,89.53,20,447.65,89.53,358.12,254.02,104.1,16.24,4.8,4
ORD004393,2024-01-31,CUST00079,32,PROD00449,Electronics,West,Marketplace,Cash on Delivery,Cancelled,5,24.84,15,124.2,18.63,105.57,65.26,40.31,13.61,2.7,3
ORD001291,2024-02-01,CUST01397,60,PROD00528,Sports,East,Mobile App,Debit Card,Delivered,4,40.03,15,160.12,24.02,136.1,100.8,35.3,10.01,2.9,2
ORD002805,2024-02-01,CUST01447,55,PROD00391,Grocery,West,Mobile App,Debit Card,Delivered,4,20.14,5,80.56,4.03,76.53,38.9,37.63,10.61,4.7,1
ORD001884,2024-02-01,CUST00120,53,PROD00211,Sports,South,Website,Cash on Delivery,Delivered,2,47.64,25,95.28,23.82,71.46,48.12,23.34,10.64,5.0,10
ORD001561,2024-02-01,CUST01393,38,PROD00217,Fashion,North,Mobile App,Cash on Delivery,Shipped,3,16.73,15,50.19,7.53,42.66,27.08,15.58,2.73,4.4,8
ORD002476,2024-02-01,CUST00798,64,PROD00465,Grocery,Central,Mobile App,Bank Transfer,Delivered,4,10.14,25,40.56,10.14,30.42,16.63,13.79,9.89,3.5,4
ORD000380,2024-02-01,CUST00685,39,PROD00683,Home & Kitchen,Central,Mobile App,Debit Card,Delivered,4,5.81,0,23.24,0.0,23.24,12.83,10.41,6.77,4.8,9
ORD000417,2024-02-01,CUST01324,22,PROD00763,Electronics,Central,Website,Bank Transfer,Delivered,3,38.07,0,114.21,0.0,114.21,63.42,50.79,3.79,3.3,7
ORD002378,2024-02-02,CUST00543,47,PROD00679,Electronics,North,Website,Bank Transfer,Cancelled,2,22.19,25,44.38,11.1,33.28,18.68,14.6,14.53,3.8,2
ORD000107,2024-02-02,CUST00534,41,PROD00493,Beauty,West,Website,Debit Card,Delivered,5,14.69,10,73.45,7.34,66.11,45.3,20.81,8.72,4.3,2
ORD000441,2024-02-02,CUST00615,41,PROD00707,Grocery,Central,Mobile App,Debit Card,Delivered,2,26.23,5,52.46,2.62,49.84,25.5,24.34,11.65,3.1,5
ORD002834,2024-02-02,CUST00653,40,PROD00528,Sports,Central,Mobile App,PayPal,Shipped,3,167.62,5,502.86,25.14,477.72,265.23,212.49,2.09,3.7,5
ORD000215,2024-02-02,CUST00413,68,PROD00170,Electronics,North,Website,Cash on Delivery,Delivered,5,9.59,20,47.95,9.59,38.36,24.7,13.66,17.4,4.2,4
ORD004103,2024-02-02,CUST01482,21,PROD00640,Sports,East,Marketplace,Bank Transfer,Delivered,5,35.37,10,176.85,17.68,159.17,84.3,74.87,6.71,3.9,7
ORD001147,2024-02-03,CUST00365,36,PROD00517,Electronics,Central,Mobile App,Debit Card,Returned,5,42.61,30,213.05,63.92,149.13,96.46,52.67,5.46,4.9,6
ORD002099,2024-02-03,CUST01048,52,PROD00248,Grocery,East,Marketplace,PayPal,Returned,1,84.25,10,84.25,8.43,75.82,57.16,18.66,2.59,4.6,2
ORD001926,2024-02-03,CUST00796,61,PROD00329,Beauty,East,Website,Debit Card,Delivered,3,12.94,10,38.82,3.88,34.94,20.71,14.23,17.57,5.0,3
ORD001607,2024-02-03,CUST00883,34,PROD00012,Electronics,Central,Marketplace,Credit Card,Delivered,4,45.91,0,183.64,0.0,183.64,139.43,44.21,5.71,3.8,3
ORD001777,2024-02-03,CUST01061,45,PROD00776,Electronics,West,Website,Bank Transfer,Returned,4,22.07,20,88.28,17.66,70.62,43.57,27.05,8.08,4.0,7
ORD002645,2024-02-03,CUST00151,43,PROD00566,Home & Kitchen,North,Website,Credit Card,Shipped,5,33.04,10,165.2,16.52,148.68,88.89,59.79,5.7,4.1,4
ORD004242,2024-02-04,CUST00656,21,PROD00642,Fashion,North,Mobile App,Bank Transfer,Returned,1,12.08,10,12.08,1.21,10.87,7.98,2.89,7.91,4.3,9
ORD001831,2024-02-04,CUST00284,61,PROD00065,Grocery,Central,Website,Cash on Delivery,Cancelled,1,21.76,15,21.76,3.26,18.5,8.92,9.58,11.49,4.1,8
ORD000285,2024-02-04,CUST00366,30,PROD00788,Electronics,South,Mobile App,Credit Card,Delivered,2,138.34,0,276.68,0.0,276.68,133.33,143.35,3.71,4.2,5
ORD003531,2024-02-05,CUST00211,63,PROD00749,Beauty,Central,Website,Credit Card,Delivered,4,25.61,5,102.44,5.12,97.32,65.06,32.26,6.61,3.9,6
ORD000217,2024-02-05,CUST01233,24,PROD00232,Sports,East,Marketplace,Debit Card,Delivered,2,10.73,10,21.46,2.15,19.31,11.31,8.0,14.05,4.3,7
ORD002095,2024-02-05,CUST00947,32,PROD00789,Beauty,West,Mobile App,Bank Transfer,Delivered,3,54.94,15,164.82,24.72,140.1,97.6,42.5,13.92,3.3,1
ORD000157,2024-02-05,CUST00969,40,PROD00327,Sports,North,Website,Credit Card,Delivered,4,119.39,25,477.56,119.39,358.17,198.73,159.44,5.18,4.6,6
ORD000581,2024-02-05,CUST00078,47,PROD00551,Fashion,Central,Mobile App,PayPal,Delivered,3,59.28,25,177.84,44.46,133.38,80.9,52.48,15.49,4.3,6
ORD001265,2024-02-05,CUST00361,25,PROD00763,Sports,Central,Mobile App,Cash on Delivery,Shipped,5,57.43,0,287.15,0.0,287.15,220.56,66.59,8.19,4.5,8
ORD001079,2024-02-05,CUST00855,38,PROD00183,Sports,South,Mobile App,Cash on Delivery,Delivered,4,57.43,10,229.72,22.97,206.75,157.92,48.83,6.99,3.5,8
ORD001354,2024-02-05,CUST01368,27,PROD00564,Sports,Central,Mobile App,Credit Card,Delivered,1,19.65,0,19.65,0.0,19.65,15.1,4.55,8.62,4.4,3
ORD002777,2024-02-05,CUST00678,38,PROD00038,Beauty,North,Mobile App,Bank Transfer,Shipped,2,75.18,25,150.36,37.59,112.77,78.59,34.18,17.13,3.5,10
ORD000054,2024-02-06,CUST00359,33,PROD00637,Home & Kitchen,South,Website,Debit Card,Delivered,2,12.72,25,25.44,6.36,19.08,11.94,7.14,1.6,3.7,2
ORD000781,2024-02-06,CUST01069,48,PROD00058,Beauty,West,Marketplace,Credit Card,Returned,5,82.06,20,410.3,82.06,328.24,227.18,101.06,15.21,4.4,7
ORD001095,2024-02-06,CUST01194,50,PROD00633,Beauty,West,Website,Bank Transfer,Shipped,1,50.21,10,50.21,5.02,45.19,29.29,15.9,3.39,2.8,4
ORD000172,2024-02-07,CUST00928,30,PROD00124,Fashion,Central,Website,Credit Card,Shipped,5,34.67,0,173.35,0.0,173.35,99.15,74.2,18.0,4.2,10
ORD003021,2024-02-07,CUST00213,51,PROD00189,Grocery,Central,Mobile App,Credit Card,Delivered,1,16.29,25,16.29,4.07,12.22,6.5,5.72,7.5,4.0,9
ORD003220,2024-02-07,CUST01434,27,PROD00687,Grocery,North,Website,Credit Card,Cancelled,4,54.0,10,216.0,21.6,194.4,91.3,103.1,4.79,3.3,10
ORD000198,2024-02-08,CUST01207,35,PROD00093,Fashion,Central,Mobile App,Bank Transfer,Cancelled,5,34.96,15,174.8,26.22,148.58,77.35,71.23,10.46,4.3,8
ORD002993,2024-02-08,CUST01193,49,PROD00771,Sports,West,Marketplace,Credit Card,Delivered,2,15.51,30,31.02,9.31,21.71,10.53,11.18,8.38,4.7,2
ORD002460,2024-02-08,CUST00906,51,PROD00035,Grocery,Central,Marketplace,Credit Card,Cancelled,5,47.16,5,235.8,11.79,224.01,101.31,122.7,5.1,4.3,6
ORD003190,2024-02-08,CUST00014,40,PROD00269,Sports,West,Website,Debit Card,Returned,2,31.17,15,62.34,9.35,52.99,28.94,24.05,6.48,3.5,7
ORD001430,2024-02-08,CUST01373,56,PROD00450,Home & Kitchen,West,Mobile App,Debit Card,Shipped,5,10.55,10,52.75,5.28,47.47,28.35,19.12,3.72,3.5,6
ORD003027,2024-02-09,CUST01285,50,PROD00635,Electronics,Central,Marketplace,PayPal,Delivered,4,15.07,25,60.28,15.07,45.21,23.61,21.6,12.3,5.0,4
ORD002051,2024-02-09,CUST01011,59,PROD00599,Electronics,East,Mobile App,Cash on Delivery,Shipped,3,32.33,25,96.99,24.25,72.74,44.41,28.33,2.44,4.8,8
ORD004043,2024-02-09,CUST01206,65,PROD00764,Fashion,Central,Website,Debit Card,Delivered,1,25.07,10,25.07,2.51,22.56,15.83,6.73,15.78,4.3,1
ORD004190,2024-02-09,CUST01357,19,PROD00330,Sports,West,Website,Credit Card,Shipped,4,6.06,5,24.24,1.21,23.03,12.72,10.31,16.83,5.0,7
ORD000547,2024-02-09,CUST01322,44,PROD00266,Beauty,South,Website,Cash on Delivery,Shipped,5,37.77,25,188.85,47.21,141.64,100.43,41.21,15.65,4.3,1
ORD004580,2024-02-09,CUST01092,33,PROD00430,Electronics,West,Website,Bank Transfer,Shipped,3,92.84,0,278.52,0.0,278.52,204.35,74.17,9.21,2.8,4
ORD001852,2024-02-09,CUST00405,52,PROD00167,Grocery,North,Website,Credit Card,Delivered,4,84.93,15,339.72,50.96,288.76,144.3,144.46,2.34,5.0,2
ORD003588,2024-02-09,CUST01427,22,PROD00270,Grocery,Central,Mobile App,Bank Transfer,Cancelled,4,12.95,10,51.8,5.18,46.62,26.44,20.18,10.38,4.1,1
ORD001741,2024-02-10,CUST00674,29,PROD00690,Grocery,North,Mobile App,Cash on Delivery,Cancelled,3,30.6,30,91.8,27.54,64.26,29.28,34.98,15.69,4.0,10
ORD002426,2024-02-10,CUST00699,18,PROD00192,Beauty,North,Marketplace,Bank Transfer,Delivered,3,18.26,5,54.78,2.74,52.04,26.92,25.12,12.94,5.0,9
ORD002076,2024-02-10,CUST00250,42,PROD00089,Beauty,South,Mobile App,Debit Card,Cancelled,4,4.7,20,18.8,3.76,15.04,10.93,4.11,14.27,5.0,10
ORD003822,2024-02-10,CUST00545,32,PROD00662,Electronics,North,Mobile App,PayPal,Shipped,3,41.51,20,124.53,24.91,99.62,75.41,24.21,11.71,3.6,7
ORD003671,2024-02-10,CUST00974,26,PROD00543,Electronics,East,Website,Debit Card,Delivered,3,55.4,0,166.2,0.0,166.2,79.08,87.12,14.26,4.2,7
ORD001762,2024-02-10,CUST01067,41,PROD00157,Sports,East,Website,Cash on Delivery,Shipped,5,121.27,0,606.35,0.0,606.35,387.93,218.42,7.73,4.2,7
ORD001037,2024-02-10,CUST00115,66,PROD00008,Grocery,East,Website,Bank Transfer,Delivered,5,16.05,10,80.25,8.02,72.23,33.13,39.1,1.92,3.7,4
ORD001603,2024-02-11,CUST00305,26,PROD00103,Grocery,East,Mobile App,PayPal,Shipped,3,26.46,20,79.38,15.88,63.5,31.47,32.03,5.67,2.8,7
ORD003110,2024-02-11,CUST00640,52,PROD00073,Sports,East,Website,Bank Transfer,Delivered,5,13.97,0,69.85,0.0,69.85,37.77,32.08,12.0,3.0,6
ORD002349,2024-02-11,CUST00637,70,PROD00124,Beauty,Central,Mobile App,Cash on Delivery,Cancelled,5,73.06,25,365.3,91.32,273.98,152.81,121.17,16.85,4.2,5
ORD004070,2024-02-11,CUST00491,22,PROD00225,Home & Kitchen,South,Marketplace,Credit Card,Delivered,2,72.93,0,145.86,0.0,145.86,66.19,79.67,4.29,4.1,6
ORD000096,2024-02-11,CUST00688,43,PROD00290,Fashion,North,Website,PayPal,Shipped,3,24.42,0,73.26,0.0,73.26,50.55,22.71,15.48,3.4,8
ORD002644,2024-02-11,CUST00474,67,PROD00745,Fashion,West,Website,Debit Card,Returned,5,29.72,15,148.6,22.29,126.31,86.23,40.08,17.86,3.3,3
ORD001918,2024-02-12,CUST00661,39,PROD00635,Home & Kitchen,East,Website,Credit Card,Cancelled,2,64.77,10,129.54,12.95,116.59,88.79,27.8,17.15,4.8,5
ORD000276,2024-02-12,CUST00909,48,PROD00685,Fashion,East,Marketplace,PayPal,Delivered,4,10.96,5,43.84,2.19,41.65,24.18,17.47,5.77,3.5,10
ORD002743,2024-02-12,CUST00482,56,PROD00595,Sports,Central,Mobile App,Debit Card,Shipped,4,9.42,20,37.68,7.54,30.14,16.2,13.94,8.02,3.8,2
ORD002843,2024-02-13,CUST01160,43,PROD00602,Fashion,Central,Website,Debit Card,Delivered,1,33.13,0,33.13,0.0,33.13,25.08,8.05,17.23,4.2,1
ORD004703,2024-02-14,CUST00972,66,PROD00181,Electronics,North,Mobile App,Bank Transfer,Shipped,1,35.36,15,35.36,5.3,30.06,15.02,15.04,5.68,4.9,7
ORD001394,2024-02-14,CUST01452,60,PROD00433,Home & Kitchen,North,Mobile App,Credit Card,Shipped,5,45.55,10,227.75,22.78,204.97,113.95,91.02,17.08,3.9,4
ORD004322,2024-02-14,CUST00919,51,PROD00663,Beauty,West,Mobile App,Bank Transfer,Shipped,4,35.37,0,141.48,0.0,141.48,74.3,67.18,14.95,3.2,7
ORD004469,2024-02-15,CUST00334,28,PROD00489,Fashion,Central,Website,Credit Card,Returned,4,30.52,25,122.08,30.52,91.56,69.81,21.75,15.47,4.3,9
ORD002501,2024-02-16,CUST01328,33,PROD00466,Electronics,East,Marketplace,Cash on Delivery,Delivered,4,10.54,0,42.16,0.0,42.16,28.82,13.34,14.66,3.3,6
ORD003421,2024-02-16,CUST00729,56,PROD00472,Beauty,North,Website,Credit Card,Delivered,5,26.78,5,133.9,6.7,127.2,96.1,31.1,9.43,3.0,1
ORD002740,2024-02-16,CUST01462,24,PROD00334,Grocery,East,Website,Bank Transfer,Cancelled,4,19.72,0,78.88,0.0,78.88,39.92,38.96,13.13,3.6,5
ORD002882,2024-02-16,CUST00294,57,PROD00585,Beauty,South,Mobile App,Bank Transfer,Delivered,2,42.41,15,84.82,12.72,72.1,42.23,29.87,16.42,4.3,4
ORD002011,2024-02-17,CUST01082,60,PROD00741,Grocery,East,Website,Cash on Delivery,Delivered,3,13.68,5,41.04,2.05,38.99,21.23,17.76,2.71,2.6,10
ORD003233,2024-02-17,CUST01072,61,PROD00658,Beauty,Central,Website,PayPal,Cancelled,4,38.2,5,152.8,7.64,145.16,104.16,41.0,5.78,5.0,6
ORD000396,2024-02-17,CUST01445,48,PROD00588,Electronics,South,Website,Cash on Delivery,Cancelled,3,112.09,10,336.27,33.63,302.64,174.47,128.17,10.95,4.0,1
ORD003245,2024-02-18,CUST00489,24,PROD00600,Home & Kitchen,East,Website,Debit Card,Returned,2,17.28,5,34.56,1.73,32.83,19.25,13.58,15.22,4.0,2
ORD001971,2024-02-18,CUST00408,37,PROD00740,Electronics,West,Mobile App,Bank Transfer,Returned,5,32.93,0,164.65,0.0,164.65,121.97,42.68,1.65,3.6,4
ORD001118,2024-02-18,CUST00609,36,PROD00168,Fashion,Central,Website,Bank Transfer,Cancelled,3,27.07,30,81.21,24.36,56.85,36.78,20.07,9.38,2.7,3
ORD003385,2024-02-18,CUST01230,30,PROD00489,Grocery,Central,Website,Cash on Delivery,Delivered,5,30.29,15,151.45,22.72,128.73,78.76,49.97,8.0,3.6,1
ORD002703,2024-02-18,CUST00157,28,PROD00310,Electronics,West,Website,Cash on Delivery,Delivered,2,20.25,15,40.5,6.08,34.42,15.88,18.54,9.64,3.6,3
ORD001250,2024-02-18,CUST00281,21,PROD00058,Beauty,West,Mobile App,PayPal,Delivered,1,32.09,10,32.09,3.21,28.88,21.35,7.53,3.9,5.0,9
ORD002138,2024-02-18,CUST00471,32,PROD00593,Sports,Central,Website,PayPal,Delivered,1,47.88,15,47.88,7.18,40.7,23.75,16.95,17.4,3.0,7
ORD004915,2024-02-19,CUST00686,64,PROD00480,Grocery,East,Website,Bank Transfer,Cancelled,1,34.93,20,34.93,6.99,27.94,14.04,13.9,11.42,3.5,3
ORD004297,2024-02-19,CUST00462,22,PROD00737,Sports,North,Mobile App,Cash on Delivery,Shipped,5,28.25,5,141.25,7.06,134.19,66.93,67.26,10.64,5.0,9
ORD004063,2024-02-19,CUST01196,70,PROD00735,Beauty,South,Website,Bank Transfer,Cancelled,1,66.06,20,66.06,13.21,52.85,26.09,26.76,16.21,4.7,4
ORD003406,2024-02-20,CUST01204,36,PROD00409,Sports,Central,Website,Credit Card,Cancelled,2,18.37,10,36.74,3.67,33.07,16.99,16.08,13.4,3.9,6
ORD004609,2024-02-20,CUST00743,52,PROD00146,Grocery,Central,Mobile App,Credit Card,Delivered,1,20.99,5,20.99,1.05,19.94,12.42,7.52,9.42,4.6,8
ORD004155,2024-02-20,CUST00530,40,PROD00599,Sports,Central,Mobile App,PayPal,Returned,2,15.41,10,30.82,3.08,27.74,20.19,7.55,13.44,4.1,1
ORD003902,2024-02-20,CUST00691,35,PROD00773,Electronics,North,Mobile App,PayPal,Delivered,3,11.37,15,34.11,5.12,28.99,16.72,12.27,12.57,5.0,4
ORD003456,2024-02-20,CUST00145,19,PROD00772,Beauty,South,Website,Bank Transfer,Returned,5,224.11,10,1120.55,112.06,1008.49,658.92,349.57,3.72,4.1,10
ORD003883,2024-02-21,CUST00999,55,PROD00387,Grocery,West,Marketplace,Cash on Delivery,Shipped,5,6.49,20,32.45,6.49,25.96,15.96,10.0,13.1,3.3,6
ORD000392,2024-02-22,CUST01489,31,PROD00348,Electronics,North,Mobile App,PayPal,Delivered,2,53.73,5,107.46,5.37,102.09,63.93,38.16,5.81,3.4,1
ORD000878,2024-02-22,CUST01170,63,PROD00474,Sports,West,Website,Credit Card,Cancelled,5,26.12,5,130.6,6.53,124.07,72.6,51.47,14.4,3.7,2
ORD004091,2024-02-23,CUST00767,49,PROD00739,Grocery,South,Website,Bank Transfer,Shipped,5,20.23,20,101.15,20.23,80.92,48.07,32.85,7.38,4.3,5
ORD000082,2024-02-23,CUST00132,19,PROD00146,Sports,North,Mobile App,Debit Card,Cancelled,5,12.77,5,63.85,3.19,60.66,28.34,32.32,7.67,2.7,10
ORD004090,2024-02-23,CUST01454,70,PROD00252,Sports,West,Website,Cash on Delivery,Delivered,2,236.9,5,473.8,23.69,450.11,208.73,241.38,9.91,3.5,4
ORD001671,2024-02-23,CUST00945,58,PROD00080,Electronics,East,Website,Bank Transfer,Cancelled,5,14.67,20,73.35,14.67,58.68,30.4,28.28,16.07,2.7,4
ORD001173,2024-02-23,CUST00510,27,PROD00128,Sports,South,Website,Debit Card,Cancelled,5,13.89,5,69.45,3.47,65.98,39.93,26.05,14.34,5.0,4
ORD004712,2024-02-23,CUST00549,69,PROD00082,Beauty,West,Website,Bank Transfer,Delivered,1,25.01,10,25.01,2.5,22.51,12.7,9.81,8.83,3.7,6
ORD002522,2024-02-23,CUST01457,21,PROD00578,Beauty,Central,Marketplace,Bank Transfer,Cancelled,2,7.78,20,15.56,3.11,12.45,9.57,2.88,17.23,4.1,2
ORD001439,2024-02-24,CUST00974,50,PROD00242,Electronics,West,Website,Debit Card,Delivered,3,13.87,15,41.61,6.24,35.37,20.11,15.26,13.66,5.0,5
ORD003071,2024-02-24,CUST00140,68,PROD00067,Fashion,Central,Mobile App,PayPal,Shipped,3,186.54,15,559.62,83.94,475.68,245.4,230.28,13.99,3.6,9
ORD000859,2024-02-24,CUST01003,38,PROD00700,Home & Kitchen,East,Website,Bank Transfer,Delivered,3,18.57,30,55.71,16.71,39.0,20.03,18.97,16.29,4.0,8
ORD003322,2024-02-24,CUST00376,23,PROD00704,Electronics,Central,Website,Credit Card,Returned,1,13.36,0,13.36,0.0,13.36,6.87,6.49,3.31,3.0,5
ORD000804,2024-02-24,CUST00966,57,PROD00028,Home & Kitchen,Central,Mobile App,Bank Transfer,Returned,4,80.18,5,320.72,16.04,304.68,144.0,160.68,8.5,4.4,1
ORD001838,2024-02-24,CUST01352,40,PROD00293,Home & Kitchen,South,Website,Bank Transfer,Returned,5,23.72,25,118.6,29.65,88.95,50.63,38.32,12.7,5.0,1
ORD002498,2024-02-24,CUST01270,68,PROD00211,Beauty,West,Website,Debit Card,Delivered,2,15.71,5,31.42,1.57,29.85,15.23,14.62,18.0,3.8,7
ORD004648,2024-02-24,CUST00122,18,PROD00054,Beauty,East,Marketplace,Debit Card,Shipped,5,41.26,15,206.3,30.94,175.36,88.15,87.21,3.95,3.0,5
ORD002530,2024-02-24,CUST00435,44,PROD00428,Grocery,Central,Website,Credit Card,Cancelled,2,17.0,30,34.0,10.2,23.8,17.55,6.25,7.3,3.8,10
ORD004554,2024-02-25,CUST00719,62,PROD00411,Electronics,Central,Website,Cash on Delivery,Cancelled,5,50.85,30,254.25,76.28,177.97,113.38,64.59,11.74,5.0,4
ORD004343,2024-02-25,CUST00287,55,PROD00115,Home & Kitchen,South,Website,Credit Card,Returned,5,196.84,10,984.2,98.42,885.78,470.74,415.04,9.81,3.1,2
ORD002005,2024-02-25,CUST01407,29,PROD00647,Sports,East,Marketplace,Cash on Delivery,Returned,4,33.49,10,133.96,13.4,120.56,63.84,56.72,10.86,4.0,1
ORD003043,2024-02-25,CUST01155,18,PROD00248,Sports,South,Website,PayPal,Cancelled,4,16.98,15,67.92,10.19,57.73,26.64,31.09,16.68,4.0,2
ORD002972,2024-02-25,CUST00484,32,PROD00031,Fashion,West,Website,Cash on Delivery,Shipped,3,29.09,25,87.27,21.82,65.45,46.14,19.31,7.44,3.5,1
ORD002547,2024-02-25,CUST00513,58,PROD00077,Fashion,East,Mobile App,Debit Card,Returned,5,77.04,0,385.2,0.0,385.2,204.35,180.85,12.27,4.2,8
ORD004522,2024-02-26,CUST00978,55,PROD00707,Beauty,Central,Mobile App,PayPal,Delivered,5,39.77,10,198.85,19.89,178.96,116.15,62.81,15.52,4.3,8
ORD001223,2024-02-26,CUST00555,22,PROD00416,Home & Kitchen,South,Website,Debit Card,Shipped,4,164.77,10,659.08,65.91,593.17,277.42,315.75,15.66,4.6,5
ORD000785,2024-02-26,CUST00417,56,PROD00706,Electronics,South,Mobile App,Debit Card,Delivered,1,32.04,0,32.04,0.0,32.04,21.27,10.77,3.18,4.4,7
ORD002917,2024-02-26,CUST01211,31,PROD00629,Home & Kitchen,South,Mobile App,Debit Card,Delivered,5,16.39,15,81.95,12.29,69.66,43.73,25.93,17.31,3.9,7
ORD001840,2024-02-26,CUST00184,62,PROD00134,Beauty,South,Website,PayPal,Delivered,2,47.41,5,94.82,4.74,90.08,66.66,23.42,5.31,5.0,3
ORD004588,2024-02-26,CUST00804,58,PROD00555,Home & Kitchen,East,Website,Bank Transfer,Shipped,2,13.1,5,26.2,1.31,24.89,13.02,11.87,12.0,3.2,7
ORD003825,2024-02-26,CUST01396,67,PROD00728,Sports,South,Mobile App,Bank Transfer,Returned,5,28.11,5,140.55,7.03,133.52,98.98,34.54,8.41,4.0,5
ORD004130,2024-02-27,CUST01327,68,PROD00095,Home & Kitchen,East,Mobile App,Debit Card,Shipped,3,17.09,20,51.27,10.25,41.02,29.52,11.5,12.49,4.0,9
ORD002184,2024-02-27,CUST00342,56,PROD00322,Home & Kitchen,West,Mobile App,Bank Transfer,Shipped,2,23.03,15,46.06,6.91,39.15,17.98,21.17,15.76,3.0,7
ORD004305,2024-02-27,CUST00518,70,PROD00800,Fashion,South,Website,Cash on Delivery,Delivered,1,22.99,25,22.99,5.75,17.24,9.95,7.29,8.06,4.4,1
ORD002360,2024-02-28,CUST00783,43,PROD00655,Beauty,East,Marketplace,PayPal,Returned,4,28.34,0,113.36,0.0,113.36,72.19,41.17,15.11,4.2,2
ORD003905,2024-02-28,CUST00206,34,PROD00629,Beauty,East,Mobile App,Credit Card,Delivered,5,35.14,10,175.7,17.57,158.13,105.05,53.08,3.85,4.0,2
ORD003378,2024-02-29,CUST00852,54,PROD00610,Grocery,West,Website,Cash on Delivery,Returned,2,10.59,20,21.18,4.24,16.94,10.27,6.67,7.53,3.9,1
ORD003203,2024-02-29,CUST01439,47,PROD00036,Home & Kitchen,Central,Marketplace,Cash on Delivery,Returned,2,30.75,5,61.5,3.08,58.42,39.3,19.12,2.31,4.2,3
ORD003463,2024-02-29,CUST00517,50,PROD00605,Grocery,West,Marketplace,PayPal,Delivered,2,66.5,20,133.0,26.6,106.4,76.85,29.55,1.87,4.3,8
ORD000700,2024-02-29,CUST00870,24,PROD00580,Beauty,West,Marketplace,Cash on Delivery,Delivered,1,79.25,10,79.25,7.92,71.33,39.25,32.08,4.42,4.7,10
ORD001696,2024-02-29,CUST00750,41,PROD00750,Beauty,Central,Website,Bank Transfer,Delivered,4,42.41,15,169.64,25.45,144.19,88.26,55.93,6.31,5.0,10
ORD001890,2024-02-29,CUST01350,59,PROD00012,Fashion,North,Mobile App,Bank Transfer,Delivered,5,40.79,30,203.95,61.18,142.77,104.26,38.51,1.68,4.4,7
ORD002169,2024-02-29,CUST00699,50,PROD00177,Grocery,North,Website,Cash on Delivery,Delivered,5,175.05,0,875.25,0.0,875.25,676.83,198.42,13.8,3.4,1
ORD001232,2024-03-01,CUST00949,69,PROD00211,Electronics,West,Website,Bank Transfer,Shipped,2,91.84,10,183.68,18.37,165.31,127.36,37.95,8.24,2.7,10
ORD001522,2024-03-02,CUST01376,51,PROD00342,Electronics,East,Website,Debit Card,Delivered,5,15.6,5,78.0,3.9,74.1,44.82,29.28,9.04,3.6,2
ORD001600,2024-03-02,CUST01488,18,PROD00048,Electronics,North,Mobile App,Bank Transfer,Cancelled,2,37.9,10,75.8,7.58,68.22,37.44,30.78,12.81,3.9,1
ORD004537,2024-03-02,CUST01452,45,PROD00290,Fashion,Central,Website,Cash on Delivery,Delivered,3,25.38,5,76.14,3.81,72.33,52.68,19.65,15.98,3.2,7
ORD001537,2024-03-02,CUST00999,65,PROD00617,Electronics,East,Mobile App,Bank Transfer,Delivered,1,17.3,20,17.3,3.46,13.84,7.93,5.91,16.7,4.8,1
ORD004472,2024-03-02,CUST00179,22,PROD00072,Grocery,West,Website,Cash on Delivery,Delivered,5,21.84,25,109.2,27.3,81.9,56.85,25.05,6.54,5.0,3
ORD001703,2024-03-03,CUST00926,39,PROD00414,Fashion,South,Website,Cash on Delivery,Delivered,2,90.79,0,181.58,0.0,181.58,105.46,76.12,4.75,5.0,10
ORD003153,2024-03-03,CUST00931,34,PROD00387,Fashion,East,Website,PayPal,Shipped,3,15.84,0,47.52,0.0,47.52,26.49,21.03,3.99,3.1,10
ORD002768,2024-03-03,CUST00295,21,PROD00685,Electronics,South,Mobile App,Bank Transfer,Cancelled,1,16.73,15,16.73,2.51,14.22,8.41,5.81,14.88,4.2,3
ORD001378,2024-03-03,CUST00694,43,PROD00779,Fashion,East,Mobile App,Cash on Delivery,Delivered,4,34.3,20,137.2,27.44,109.76,79.62,30.14,4.16,4.4,7
ORD004671,2024-03-04,CUST01490,30,PROD00767,Fashion,Central,Mobile App,Debit Card,Shipped,2,13.46,0,26.92,0.0,26.92,17.01,9.91,16.0,4.0,1
ORD004109,2024-03-04,CUST01267,34,PROD00158,Electronics,East,Website,Bank Transfer,Delivered,5,25.26,15,126.3,18.95,107.35,70.96,36.39,8.44,4.9,1
ORD004767,2024-03-04,CUST00358,59,PROD00641,Sports,Central,Website,Credit Card,Shipped,5,31.18,15,155.9,23.38,132.52,73.98,58.54,10.45,4.1,10
ORD000913,2024-03-04,CUST00721,21,PROD00105,Electronics,South,Website,PayPal,Returned,5,38.03,15,190.15,28.52,161.63,72.85,88.78,12.39,4.8,7
ORD004608,2024-03-04,CUST00531,49,PROD00610,Beauty,Central,Website,PayPal,Delivered,5,35.68,0,178.4,0.0,178.4,138.37,40.03,17.22,3.5,8
ORD003471,2024-03-04,CUST01300,47,PROD00411,Electronics,East,Website,PayPal,Delivered,4,33.52,10,134.08,13.41,120.67,55.72,64.95,10.66,5.0,7
ORD004495,2024-03-04,CUST00221,56,PROD00556,Electronics,West,Website,Debit Card,Delivered,2,48.51,15,97.02,14.55,82.47,59.75,22.72,4.18,4.3,10
ORD004056,2024-03-04,CUST00525,50,PROD00730,Electronics,South,Website,Bank Transfer,Delivered,2,16.28,5,32.56,1.63,30.93,20.1,10.83,2.04,3.5,10
ORD003675,2024-03-05,CUST00104,38,PROD00023,Electronics,West,Mobile App,Cash on Delivery,Delivered,4,96.29,20,385.16,77.03,308.13,152.85,155.28,15.48,1.8,2
ORD001314,2024-03-05,CUST00296,50,PROD00037,Grocery,South,Mobile App,Bank Transfer,Cancelled,4,104.2,30,416.8,125.04,291.76,180.59,111.17,14.76,4.9,9
ORD002493,2024-03-06,CUST00905,32,PROD00014,Sports,South,Website,Credit Card,Returned,4,30.47,20,121.88,24.38,97.5,44.9,52.6,3.21,3.5,5
ORD002790,2024-03-06,CUST01210,57,PROD00006,Fashion,West,Mobile App,Debit Card,Delivered,3,31.66,0,94.98,0.0,94.98,72.06,22.92,17.17,4.2,6
ORD004211,2024-03-06,CUST01284,31,PROD00116,Electronics,West,Website,PayPal,Delivered,4,21.76,0,87.04,0.0,87.04,61.95,25.09,5.92,5.0,10
ORD002586,2024-03-06,CUST00920,28,PROD00570,Beauty,East,Mobile App,Credit Card,Shipped,5,29.94,15,149.7,22.46,127.24,79.7,47.54,2.28,4.2,9
ORD001143,2024-03-07,CUST00878,67,PROD00139,Fashion,East,Marketplace,Debit Card,Cancelled,5,42.71,0,213.55,0.0,213.55,108.57,104.98,6.4,4.6,7
ORD002402,2024-03-07,CUST01480,47,PROD00253,Home & Kitchen,Central,Mobile App,Cash on Delivery,Delivered,5,19.34,5,96.7,4.84,91.86,50.6,41.26,5.54,3.9,7
ORD004093,2024-03-07,CUST00349,23,PROD00653,Grocery,East,Marketplace,PayPal,Cancelled,5,23.72,5,118.6,5.93,112.67,85.71,26.96,3.07,3.0,2
ORD002083,2024-03-07,CUST00083,45,PROD00455,Home & Kitchen,Central,Mobile App,PayPal,Delivered,1,8.67,20,8.67,1.73,6.94,3.15,3.79,5.37,3.9,7
ORD000354,2024-03-07,CUST00464,62,PROD00422,Grocery,South,Marketplace,Bank Transfer,Delivered,5,14.98,5,74.9,3.74,71.16,54.3,16.86,2.56,3.8,8
ORD004605,2024-03-08,CUST00237,58,PROD00488,Sports,West,Website,Debit Card,Delivered,4,23.22,5,92.88,4.64,88.24,43.95,44.29,14.86,3.1,4
ORD003051,2024-03-08,CUST00236,31,PROD00757,Fashion,East,Mobile App,Credit Card,Cancelled,3,16.98,10,50.94,5.09,45.85,26.57,19.28,6.44,2.7,7
ORD002889,2024-03-09,CUST00269,20,PROD00509,Electronics,West,Mobile App,Credit Card,Returned,3,39.89,5,119.67,5.98,113.69,51.89,61.8,16.24,5.0,9
ORD003969,2024-03-09,CUST01365,32,PROD00314,Grocery,East,Website,Cash on Delivery,Returned,5,79.53,30,397.65,119.3,278.35,135.89,142.46,12.25,4.1,6
ORD003677,2024-03-09,CUST00460,19,PROD00264,Grocery,Central,Website,Cash on Delivery,Delivered,4,5.61,10,22.44,2.24,20.2,14.23,5.97,10.65,3.6,8
ORD003478,2024-03-10,CUST00711,55,PROD00471,Home & Kitchen,Central,Mobile App,Credit Card,Returned,4,44.82,10,179.28,17.93,161.35,88.68,72.67,1.6,4.2,5
ORD002613,2024-03-10,CUST01393,51,PROD00022,Beauty,North,Mobile App,Cash on Delivery,Delivered,3,6.56,25,19.68,4.92,14.76,8.0,6.76,3.36,4.5,9
ORD004464,2024-03-10,CUST00644,57,PROD00497,Sports,East,Website,Cash on Delivery,Delivered,1,23.97,10,23.97,2.4,21.57,12.8,8.77,8.07,5.0,8
ORD000596,2024-03-10,CUST01234,20,PROD00785,Beauty,East,Mobile App,Credit Card,Delivered,3,19.63,5,58.89,2.94,55.95,35.07,20.88,4.4,5.0,1
ORD000907,2024-03-10,CUST01268,55,PROD00423,Home & Kitchen,Central,Marketplace,Credit Card,Delivered,2,12.5,0,25.0,0.0,25.0,18.97,6.03,7.21,4.2,7
ORD002197,2024-03-10,CUST01463,42,PROD00324,Home & Kitchen,South,Website,Credit Card,Returned,1,18.68,0,18.68,0.0,18.68,8.94,9.74,13.63,2.9,7
ORD004734,2024-03-10,CUST00204,69,PROD00406,Beauty,East,Marketplace,Cash on Delivery,Delivered,2,243.09,15,486.18,72.93,413.25,319.14,94.11,2.89,3.9,4
ORD000588,2024-03-10,CUST00448,18,PROD00746,Grocery,East,Mobile App,Bank Transfer,Delivered,4,43.67,10,174.68,17.47,157.21,110.19,47.02,3.49,4.1,4
ORD001999,2024-03-11,CUST00686,25,PROD00340,Fashion,East,Website,Cash on Delivery,Delivered,2,178.77,15,357.54,53.63,303.91,150.67,153.24,8.71,5.0,4
ORD001925,2024-03-11,CUST00124,24,PROD00271,Fashion,Central,Mobile App,Bank Transfer,Returned,5,39.95,20,199.75,39.95,159.8,121.59,38.21,11.88,5.0,10
ORD003099,2024-03-11,CUST00490,18,PROD00555,Sports,South,Mobile App,Credit Card,Delivered,1,15.62,5,15.62,0.78,14.84,9.82,5.02,7.71,4.4,4
ORD002727,2024-03-12,CUST01129,36,PROD00530,Sports,West,Mobile App,Debit Card,Delivered,1,29.25,0,29.25,0.0,29.25,15.26,13.99,6.04,4.3,9
ORD002418,2024-03-13,CUST00097,30,PROD00171,Fashion,North,Mobile App,Debit Card,Shipped,3,35.9,0,107.7,0.0,107.7,55.72,51.98,5.52,5.0,5
ORD000572,2024-03-13,CUST00595,69,PROD00529,Sports,South,Website,Debit Card,Delivered,1,34.5,5,34.5,1.72,32.78,14.9,17.88,8.83,4.3,3
ORD000229,2024-03-13,CUST01320,41,PROD00408,Grocery,East,Mobile App,PayPal,Delivered,3,63.63,0,190.89,0.0,190.89,140.32,50.57,12.35,4.5,10
ORD004696,2024-03-14,CUST00243,51,PROD00001,Fashion,South,Marketplace,Bank Transfer,Returned,1,35.52,0,35.52,0.0,35.52,19.46,16.06,4.44,2.8,9
ORD004466,2024-03-14,CUST00256,33,PROD00559,Beauty,East,Website,Credit Card,Delivered,4,98.23,5,392.92,19.65,373.27,289.88,83.39,9.25,3.7,9
ORD003702,2024-03-14,CUST01174,59,PROD00585,Sports,Central,Website,Cash on Delivery,Delivered,4,82.33,10,329.32,32.93,296.39,225.27,71.12,9.68,5.0,6
ORD004379,2024-03-15,CUST00116,60,PROD00163,Sports,West,Mobile App,Credit Card,Delivered,1,43.86,5,43.86,2.19,41.67,25.18,16.49,6.14,4.0,6
ORD004461,2024-03-15,CUST00852,42,PROD00424,Home & Kitchen,South,Mobile App,Debit Card,Shipped,5,52.11,15,260.55,39.08,221.47,156.54,64.93,12.51,3.6,4
ORD002544,2024-03-15,CUST00326,36,PROD00189,Grocery,West,Mobile App,Credit Card,Shipped,2,48.57,15,97.14,14.57,82.57,61.88,20.69,16.9,4.6,1
ORD004296,2024-03-16,CUST00742,57,PROD00667,Grocery,East,Mobile App,Bank Transfer,Delivered,1,26.37,0,26.37,0.0,26.37,19.04,7.33,12.33,4.1,2
ORD002448,2024-03-16,CUST01384,54,PROD00669,Sports,North,Mobile App,Debit Card,Delivered,4,43.03,5,172.12,8.61,163.51,123.07,40.44,5.75,4.7,4
ORD001677,2024-03-16,CUST00495,33,PROD00353,Sports,South,Website,Cash on Delivery,Returned,5,30.95,10,154.75,15.48,139.27,89.79,49.48,16.98,4.8,8
ORD004278,2024-03-16,CUST01410,40,PROD00523,Beauty,West,Website,Bank Transfer,Delivered,5,99.35,15,496.75,74.51,422.24,209.45,212.79,7.67,4.4,4
ORD000992,2024-03-17,CUST00664,63,PROD00570,Beauty,North,Website,Debit Card,Shipped,3,58.46,10,175.38,17.54,157.84,92.97,64.87,7.46,3.0,7
ORD000362,2024-03-17,CUST00619,29,PROD00304,Beauty,East,Mobile App,PayPal,Delivered,1,142.8,25,142.8,35.7,107.1,72.71,34.39,11.75,5.0,5
ORD004958,2024-03-17,CUST01430,24,PROD00627,Electronics,Central,Website,Cash on Delivery,Shipped,2,91.93,0,183.86,0.0,183.86,101.89,81.97,10.31,3.4,2
ORD001930,2024-03-17,CUST00050,65,PROD00455,Beauty,North,Website,PayPal,Delivered,3,36.62,25,109.86,27.46,82.4,51.71,30.69,5.15,3.0,4
ORD004568,2024-03-17,CUST00458,44,PROD00714,Grocery,East,Website,Bank Transfer,Delivered,1,10.95,15,10.95,1.64,9.31,6.56,2.75,10.62,4.7,2
ORD002337,2024-03-17,CUST00531,61,PROD00717,Fashion,Central,Mobile App,Credit Card,Cancelled,1,53.0,20,53.0,10.6,42.4,19.1,23.3,2.98,3.7,6
ORD000141,2024-03-17,CUST01276,48,PROD00171,Electronics,West,Website,PayPal,Returned,5,14.25,0,71.25,0.0,71.25,33.14,38.11,16.96,4.4,2
ORD003089,2024-03-18,CUST01195,46,PROD00465,Home & Kitchen,East,Mobile App,PayPal,Delivered,2,11.14,5,22.28,1.11,21.17,14.2,6.97,16.53,4.0,5
ORD000937,2024-03-18,CUST01432,21,PROD00594,Electronics,West,Website,Debit Card,Delivered,4,74.69,5,298.76,14.94,283.82,163.12,120.7,2.88,3.9,5
ORD004015,2024-03-18,CUST01471,60,PROD00416,Beauty,Central,Mobile App,PayPal,Delivered,3,23.68,20,71.04,14.21,56.83,31.58,25.25,10.9,3.4,7
ORD002666,2024-03-18,CUST00421,60,PROD00215,Sports,West,Marketplace,Cash on Delivery,Cancelled,1,10.08,30,10.08,3.02,7.06,3.89,3.17,14.69,4.6,7
ORD002563,2024-03-18,CUST00848,49,PROD00132,Sports,East,Mobile App,Bank Transfer,Delivered,4,33.79,10,135.16,13.52,121.64,61.71,59.93,14.19,4.9,10
ORD004336,2024-03-19,CUST00025,62,PROD00535,Fashion,West,Marketplace,PayPal,Returned,4,35.7,5,142.8,7.14,135.66,77.14,58.52,17.63,4.5,10
ORD000302,2024-03-19,CUST01286,44,PROD00270,Grocery,Central,Website,Bank Transfer,Returned,5,18.85,30,94.25,28.28,65.97,50.0,15.97,2.79,4.4,3
ORD003795,2024-03-19,CUST00970,52,PROD00256,Sports,South,Website,Bank Transfer,Shipped,2,18.9,10,37.8,3.78,34.02,25.12,8.9,15.38,4.8,8
ORD004713,2024-03-19,CUST00273,42,PROD00164,Electronics,Central,Mobile App,Debit Card,Cancelled,1,48.02,10,48.02,4.8,43.22,26.66,16.56,3.01,3.6,5
ORD001634,2024-03-20,CUST01079,45,PROD00356,Grocery,South,Mobile App,PayPal,Cancelled,5,34.64,5,173.2,8.66,164.54,80.14,84.4,8.31,4.6,4
ORD001422,2024-03-20,CUST00363,39,PROD00758,Fashion,South,Marketplace,PayPal,Delivered,1,37.51,25,37.51,9.38,28.13,14.73,13.4,16.81,4.5,5
ORD002168,2024-03-20,CUST01334,39,PROD00288,Electronics,East,Marketplace,Cash on Delivery,Delivered,2,26.6,30,53.2,15.96,37.24,21.77,15.47,7.54,4.7,3
ORD002485,2024-03-20,CUST00973,68,PROD00072,Sports,Central,Mobile App,Credit Card,Shipped,2,17.1,15,34.2,5.13,29.07,18.37,10.7,14.35,4.1,1
ORD003317,2024-03-20,CUST00652,64,PROD00492,Grocery,West,Website,Cash on Delivery,Returned,5,51.12,10,255.6,25.56,230.04,146.44,83.6,5.71,3.4,5
ORD000462,2024-03-20,CUST00905,70,PROD00559,Grocery,West,Website,Credit Card,Delivered,1,32.28,10,32.28,3.23,29.05,15.91,13.14,8.92,4.9,2
ORD000422,2024-03-20,CUST00620,63,PROD00455,Electronics,East,Marketplace,Credit Card,Cancelled,5,11.1,5,55.5,2.78,52.72,36.41,16.31,15.86,3.3,6
ORD002923,2024-03-21,CUST00422,64,PROD00246,Beauty,East,Website,Debit Card,Delivered,2,8.8,0,17.6,0.0,17.6,8.56,9.04,1.97,5.0,7
ORD003981,2024-03-21,CUST00103,38,PROD00382,Grocery,East,Mobile App,Debit Card,Delivered,2,16.11,10,32.22,3.22,29.0,14.83,14.17,4.83,4.4,10
ORD002940,2024-03-21,CUST00205,23,PROD00413,Fashion,North,Mobile App,Cash on Delivery,Delivered,3,85.62,5,256.86,12.84,244.02,144.65,99.37,1.92,4.8,4
ORD001724,2024-03-21,CUST01080,57,PROD00616,Electronics,Central,Website,Bank Transfer,Delivered,4,42.27,10,169.08,16.91,152.17,80.75,71.42,15.51,3.1,9
ORD004148,2024-03-22,CUST00725,26,PROD00090,Sports,West,Mobile App,PayPal,Delivered,5,30.72,10,153.6,15.36,138.24,91.39,46.85,13.15,4.5,3
ORD003939,2024-03-22,CUST01388,30,PROD00732,Beauty,South,Website,Debit Card,Cancelled,1,13.74,25,13.74,3.44,10.3,5.85,4.45,16.36,3.1,7
ORD000597,2024-03-22,CUST01283,68,PROD00210,Electronics,Central,Mobile App,Bank Transfer,Delivered,4,233.03,0,932.12,0.0,932.12,552.14,379.98,7.17,3.2,7
ORD004914,2024-03-22,CUST01106,45,PROD00680,Grocery,South,Mobile App,Cash on Delivery,Shipped,3,19.32,20,57.96,11.59,46.37,29.12,17.25,10.72,2.9,4
ORD001808,2024-03-22,CUST00625,25,PROD00045,Fashion,West,Mobile App,PayPal,Delivered,4,26.38,0,105.52,0.0,105.52,58.5,47.02,11.68,4.4,5
ORD003793,2024-03-22,CUST00836,48,PROD00361,Grocery,East,Mobile App,PayPal,Delivered,2,33.75,0,67.5,0.0,67.5,35.56,31.94,17.44,4.8,2
ORD002226,2024-03-22,CUST00640,52,PROD00067,Beauty,West,Website,Bank Transfer,Returned,4,130.49,15,521.96,78.29,443.67,249.25,194.42,11.35,4.5,2
ORD002567,2024-03-23,CUST00760,57,PROD00782,Beauty,East,Website,Credit Card,Shipped,4,321.12,15,1284.48,192.67,1091.81,703.15,388.66,13.93,4.2,8
ORD001244,2024-03-23,CUST00661,20,PROD00544,Home & Kitchen,South,Mobile App,Cash on Delivery,Delivered,5,36.19,5,180.95,9.05,171.9,118.83,53.07,16.43,3.4,4
ORD004967,2024-03-23,CUST00151,40,PROD00613,Home & Kitchen,South,Website,Debit Card,Delivered,2,133.87,10,267.74,26.77,240.97,130.01,110.96,7.3,5.0,7
ORD003430,2024-03-24,CUST01170,21,PROD00727,Home & Kitchen,South,Website,PayPal,Shipped,2,14.18,20,28.36,5.67,22.69,15.18,7.51,17.67,2.9,7
ORD001758,2024-03-24,CUST00291,37,PROD00137,Electronics,North,Website,Credit Card,Delivered,5,32.66,15,163.3,24.49,138.81,103.32,35.49,6.5,3.5,3
ORD001911,2024-03-24,CUST00661,23,PROD00263,Grocery,West,Mobile App,PayPal,Delivered,4,77.63,15,310.52,46.58,263.94,145.37,118.57,14.33,3.4,6
ORD002018,2024-03-24,CUST00736,42,PROD00510,Beauty,West,Website,Cash on Delivery,Returned,2,38.81,25,77.62,19.4,58.22,42.68,15.54,12.66,3.8,4
ORD000563,2024-03-24,CUST00795,67,PROD00144,Fashion,South,Mobile App,Bank Transfer,Shipped,4,11.27,5,45.08,2.25,42.83,30.92,11.91,10.09,4.4,9
ORD002509,2024-03-25,CUST00548,41,PROD00777,Home & Kitchen,South,Marketplace,Cash on Delivery,Shipped,4,32.49,0,129.96,0.0,129.96,61.6,68.36,4.78,4.9,9
ORD003395,2024-03-25,CUST00602,63,PROD00148,Electronics,East,Marketplace,Debit Card,Cancelled,5,13.01,25,65.05,16.26,48.79,26.98,21.81,11.89,3.7,7
ORD000527,2024-03-25,CUST00270,53,PROD00149,Beauty,West,Mobile App,Bank Transfer,Returned,5,38.9,25,194.5,48.62,145.88,81.35,64.53,3.57,3.5,9
ORD002956,2024-03-25,CUST00996,45,PROD00028,Beauty,West,Mobile App,Debit Card,Delivered,5,24.4,0,122.0,0.0,122.0,90.46,31.54,11.99,3.7,5
ORD002714,2024-03-25,CUST00567,37,PROD00544,Electronics,West,Mobile App,Bank Transfer,Delivered,3,112.14,5,336.42,16.82,319.6,240.72,78.88,14.92,2.8,6
ORD003160,2024-03-26,CUST00863,67,PROD00020,Electronics,Central,Website,Debit Card,Delivered,2,49.19,0,98.38,0.0,98.38,45.46,52.92,2.99,3.5,1
ORD004631,2024-03-26,CUST01199,24,PROD00601,Electronics,South,Mobile App,PayPal,Delivered,5,19.02,15,95.1,14.26,80.84,62.17,18.67,11.57,4.2,1
ORD003152,2024-03-27,CUST00880,54,PROD00684,Sports,South,Website,Bank Transfer,Cancelled,1,56.97,15,56.97,8.55,48.42,35.27,13.15,7.65,3.0,6
ORD000947,2024-03-27,CUST00936,33,PROD00346,Beauty,West,Mobile App,Credit Card,Delivered,4,29.71,0,118.84,0.0,118.84,84.68,34.16,10.02,4.5,5
ORD003183,2024-03-27,CUST00425,21,PROD00601,Grocery,West,Website,Debit Card,Returned,1,32.02,15,32.02,4.8,27.22,15.53,11.69,9.6,5.0,1
ORD004135,2024-03-28,CUST01309,68,PROD00145,Electronics,North,Mobile App,PayPal,Delivered,3,11.84,5,35.52,1.78,33.74,21.33,12.41,9.94,3.7,4
ORD000350,2024-03-28,CUST01427,37,PROD00002,Fashion,Central,Mobile App,Credit Card,Cancelled,4,324.57,0,1298.28,0.0,1298.28,596.81,701.47,16.55,2.9,5
ORD002921,2024-03-28,CUST00493,58,PROD00392,Fashion,North,Website,Credit Card,Delivered,3,49.69,5,149.07,7.45,141.62,81.02,60.6,8.58,4.1,8
ORD000236,2024-03-28,CUST00997,50,PROD00725,Fashion,East,Mobile App,Credit Card,Shipped,2,11.18,5,22.36,1.12,21.24,10.69,10.55,2.47,2.6,8
ORD003764,2024-03-28,CUST00419,67,PROD00570,Electronics,North,Website,Bank Transfer,Delivered,2,24.07,10,48.14,4.81,43.33,26.55,16.78,10.69,3.7,1
ORD001718,2024-03-28,CUST01255,64,PROD00333,Electronics,South,Website,Debit Card,Shipped,2,32.65,30,65.3,19.59,45.71,30.61,15.1,16.19,4.9,2
ORD000192,2024-03-28,CUST00001,26,PROD00729,Grocery,North,Mobile App,PayPal,Cancelled,5,39.08,10,195.4,19.54,175.86,123.53,52.33,3.04,3.1,10
ORD004157,2024-03-29,CUST01013,21,PROD00006,Electronics,West,Mobile App,Bank Transfer,Delivered,1,99.43,5,99.43,4.97,94.46,55.01,39.45,8.19,4.2,9
ORD002328,2024-03-29,CUST00041,60,PROD00316,Sports,North,Mobile App,Credit Card,Cancelled,4,105.67,0,422.68,0.0,422.68,299.4,123.28,15.18,4.0,3
ORD002515,2024-03-29,CUST00465,68,PROD00377,Electronics,East,Website,Bank Transfer,Shipped,1,71.33,10,71.33,7.13,64.2,46.61,17.59,15.27,2.7,7
ORD001587,2024-03-29,CUST00674,52,PROD00663,Fashion,North,Mobile App,Bank Transfer,Delivered,5,31.68,0,158.4,0.0,158.4,102.77,55.63,15.94,3.5,2
ORD001198,2024-03-29,CUST00136,28,PROD00382,Sports,North,Website,PayPal,Shipped,5,74.14,0,370.7,0.0,370.7,192.76,177.94,16.8,3.3,5
ORD001848,2024-03-30,CUST00407,58,PROD00761,Home & Kitchen,South,Website,Debit Card,Delivered,1,28.28,15,28.28,4.24,24.04,12.81,11.23,16.86,4.1,6
ORD001014,2024-03-30,CUST00974,38,PROD00369,Fashion,South,Website,Credit Card,Shipped,3,62.29,20,186.87,37.37,149.5,89.7,59.8,12.87,3.7,9
ORD001330,2024-03-30,CUST01064,64,PROD00082,Sports,East,Marketplace,Bank Transfer,Delivered,2,47.08,0,94.16,0.0,94.16,51.19,42.97,4.42,4.7,2
ORD001565,2024-03-30,CUST01013,31,PROD00385,Fashion,South,Website,Credit Card,Delivered,3,62.33,25,186.99,46.75,140.24,66.53,73.71,6.56,4.4,6
ORD003595,2024-03-30,CUST01494,34,PROD00061,Electronics,East,Website,Cash on Delivery,Cancelled,1,189.87,10,189.87,18.99,170.88,80.64,90.24,2.31,4.3,2
ORD000425,2024-03-30,CUST01421,31,PROD00019,Fashion,East,Website,Cash on Delivery,Cancelled,5,89.35,20,446.75,89.35,357.4,187.41,169.99,8.53,3.6,7
ORD003346,2024-03-30,CUST00810,31,PROD00564,Grocery,West,Mobile App,PayPal,Shipped,2,8.75,5,17.5,0.88,16.62,11.76,4.86,8.62,3.8,6
ORD001743,2024-03-31,CUST01418,64,PROD00686,Grocery,North,Marketplace,Cash on Delivery,Delivered,1,72.69,0,72.69,0.0,72.69,48.75,23.94,2.33,3.7,4
ORD000061,2024-03-31,CUST00187,57,PROD00330,Fashion,West,Mobile App,Cash on Delivery,Delivered,3,13.17,15,39.51,5.93,33.58,25.58,8.0,15.59,4.5,2
ORD000473,2024-03-31,CUST00994,67,PROD00260,Electronics,North,Mobile App,Cash on Delivery,Returned,4,122.07,20,488.28,97.66,390.62,209.18,181.44,4.22,2.6,8
ORD002483,2024-03-31,CUST01314,47,PROD00139,Home & Kitchen,North,Website,Cash on Delivery,Shipped,5,168.91,5,844.55,42.23,802.32,369.59,432.73,8.36,3.1,1
ORD002978,2024-03-31,CUST00210,55,PROD00791,Fashion,North,Mobile App,Debit Card,Shipped,4,7.08,0,28.32,0.0,28.32,18.29,10.03,15.04,3.0,7
ORD002899,2024-03-31,CUST00244,27,PROD00713,Fashion,West,Mobile App,Bank Transfer,Delivered,4,30.22,20,120.88,24.18,96.7,51.37,45.33,15.08,4.4,9
ORD003389,2024-04-01,CUST01347,56,PROD00596,Fashion,North,Mobile App,Bank Transfer,Returned,3,44.01,5,132.03,6.6,125.43,91.44,33.99,6.0,3.9,5
ORD002296,2024-04-01,CUST00774,61,PROD00441,Grocery,East,Website,Bank Transfer,Delivered,2,60.34,5,120.68,6.03,114.65,60.41,54.24,3.6,4.9,5
ORD002867,2024-04-01,CUST00333,68,PROD00351,Grocery,Central,Mobile App,PayPal,Cancelled,5,30.35,5,151.75,7.59,144.16,72.42,71.74,14.73,4.1,6
ORD001824,2024-04-01,CUST00254,37,PROD00370,Electronics,East,Website,PayPal,Returned,2,19.53,20,39.06,7.81,31.25,20.47,10.78,5.7,5.0,6
ORD000558,2024-04-01,CUST00112,40,PROD00643,Fashion,North,Mobile App,Cash on Delivery,Delivered,5,23.49,30,117.45,35.23,82.22,59.76,22.46,15.8,4.4,9
ORD000401,2024-04-01,CUST01483,61,PROD00098,Home & Kitchen,West,Mobile App,Debit Card,Delivered,3,54.2,25,162.6,40.65,121.95,68.54,53.41,15.1,4.1,2
ORD004030,2024-04-01,CUST00643,24,PROD00147,Beauty,West,Website,Bank Transfer,Delivered,3,26.19,15,78.57,11.79,66.78,43.3,23.48,5.61,5.0,10
ORD004542,2024-04-01,CUST00546,69,PROD00400,Sports,West,Mobile App,Credit Card,Shipped,5,37.37,25,186.85,46.71,140.14,78.34,61.8,17.14,4.3,3
ORD004144,2024-04-01,CUST00139,33,PROD00184,Beauty,East,Marketplace,Bank Transfer,Returned,5,16.94,25,84.7,21.18,63.52,37.63,25.89,17.47,4.0,3
ORD003608,2024-04-02,CUST00592,60,PROD00358,Grocery,North,Marketplace,Cash on Delivery,Delivered,1,44.63,30,44.63,13.39,31.24,23.64,7.6,15.22,3.6,5
ORD003664,2024-04-02,CUST01287,55,PROD00366,Beauty,North,Website,Cash on Delivery,Shipped,4,59.34,10,237.36,23.74,213.62,139.48,74.14,14.93,5.0,2
ORD002914,2024-04-03,CUST01048,40,PROD00237,Beauty,Central,Marketplace,Credit Card,Cancelled,3,17.41,20,52.23,10.45,41.78,29.8,11.98,11.94,4.3,7
ORD001390,2024-04-03,CUST00664,54,PROD00786,Beauty,East,Website,Bank Transfer,Delivered,2,162.37,20,324.74,64.95,259.79,179.81,79.98,7.65,4.7,7
ORD001682,2024-04-03,CUST00331,42,PROD00555,Home & Kitchen,North,Website,Bank Transfer,Delivered,2,17.01,15,34.02,5.1,28.92,21.81,7.11,13.3,3.4,9
ORD003616,2024-04-03,CUST00328,35,PROD00695,Sports,East,Website,Debit Card,Returned,1,54.63,10,54.63,5.46,49.17,37.24,11.93,5.88,4.3,6
ORD001287,2024-04-03,CUST01015,43,PROD00213,Sports,South,Mobile App,Cash on Delivery,Delivered,5,27.61,5,138.05,6.9,131.15,73.13,58.02,2.89,3.6,6
ORD000016,2024-04-04,CUST00380,49,PROD00518,Fashion,North,Website,Bank Transfer,Returned,1,21.07,0,21.07,0.0,21.07,11.69,9.38,2.14,4.3,9
ORD003940,2024-04-04,CUST00909,32,PROD00456,Home & Kitchen,East,Mobile App,PayPal,Delivered,3,23.72,0,71.16,0.0,71.16,41.99,29.17,2.28,4.1,5
ORD002342,2024-04-04,CUST01164,31,PROD00491,Home & Kitchen,Central,Marketplace,PayPal,Delivered,2,10.98,5,21.96,1.1,20.86,11.26,9.6,10.0,2.6,1
ORD000221,2024-04-04,CUST00247,57,PROD00682,Beauty,West,Mobile App,PayPal,Returned,2,46.71,10,93.42,9.34,84.08,64.4,19.68,17.17,4.8,6
ORD001279,2024-04-04,CUST01490,19,PROD00002,Fashion,West,Website,Debit Card,Delivered,3,18.36,25,55.08,13.77,41.31,19.64,21.67,13.02,4.1,8
ORD001747,2024-04-04,CUST00874,63,PROD00186,Grocery,South,Mobile App,Cash on Delivery,Returned,3,68.81,15,206.43,30.96,175.47,105.08,70.39,5.47,4.6,1
ORD003965,2024-04-04,CUST00079,48,PROD00356,Home & Kitchen,South,Marketplace,Debit Card,Cancelled,2,21.5,20,43.0,8.6,34.4,19.33,15.07,11.73,5.0,5
ORD001476,2024-04-04,CUST01407,70,PROD00762,Sports,West,Mobile App,Credit Card,Returned,5,35.95,5,179.75,8.99,170.76,101.54,69.22,9.53,3.7,7
ORD002898,2024-04-05,CUST00217,67,PROD00684,Fashion,East,Website,Cash on Delivery,Delivered,1,72.27,0,72.27,0.0,72.27,37.13,35.14,9.3,3.6,4
ORD000518,2024-04-05,CUST01119,26,PROD00666,Grocery,Central,Mobile App,Credit Card,Shipped,5,98.68,15,493.4,74.01,419.39,220.87,198.52,13.5,4.6,6
ORD004248,2024-04-05,CUST01406,55,PROD00800,Beauty,West,Mobile App,Bank Transfer,Returned,1,19.14,5,19.14,0.96,18.18,12.27,5.91,2.42,4.1,1
ORD002003,2024-04-05,CUST00667,61,PROD00296,Home & Kitchen,West,Mobile App,Credit Card,Delivered,1,57.6,20,57.6,11.52,46.08,28.82,17.26,7.83,4.3,4
ORD003625,2024-04-06,CUST00661,70,PROD00703,Electronics,Central,Mobile App,Debit Card,Delivered,1,34.81,5,34.81,1.74,33.07,20.96,12.11,6.63,4.3,8
ORD003028,2024-04-06,CUST00900,35,PROD00388,Home & Kitchen,Central,Mobile App,PayPal,Shipped,5,15.54,20,77.7,15.54,62.16,41.72,20.44,12.82,4.3,5
ORD004105,2024-04-07,CUST01306,25,PROD00147,Electronics,North,Website,Credit Card,Shipped,2,17.84,20,35.68,7.14,28.54,18.17,10.37,4.52,4.3,5
ORD001941,2024-04-07,CUST00504,61,PROD00074,Sports,West,Mobile App,Debit Card,Delivered,5,7.82,15,39.1,5.86,33.24,20.62,12.62,10.29,2.5,10
ORD001998,2024-04-07,CUST00040,64,PROD00739,Beauty,North,Marketplace,Bank Transfer,Delivered,4,34.11,5,136.44,6.82,129.62,65.44,64.18,1.87,4.7,9
ORD000168,2024-04-08,CUST01110,62,PROD00341,Sports,Central,Website,Credit Card,Delivered,3,21.8,15,65.4,9.81,55.59,36.12,19.47,8.32,3.9,10
ORD003164,2024-04-08,CUST00595,61,PROD00086,Beauty,East,Website,Bank Transfer,Cancelled,4,35.56,10,142.24,14.22,128.02,80.83,47.19,10.14,4.4,5
ORD003963,2024-04-08,CUST00970,33,PROD00649,Beauty,East,Mobile App,Bank Transfer,Delivered,2,37.39,10,74.78,7.48,67.3,50.22,17.08,8.5,3.8,6
ORD004900,2024-04-08,CUST01488,51,PROD00448,Sports,North,Mobile App,Bank Transfer,Delivered,3,14.18,15,42.54,6.38,36.16,18.96,17.2,2.12,4.1,10
ORD002849,2024-04-09,CUST01428,24,PROD00104,Home & Kitchen,South,Marketplace,Cash on Delivery,Delivered,1,56.59,25,56.59,14.15,42.44,28.56,13.88,13.69,4.7,3
ORD003716,2024-04-09,CUST00436,69,PROD00338,Electronics,North,Website,Credit Card,Delivered,2,46.39,10,92.78,9.28,83.5,45.39,38.11,9.87,3.4,7
ORD002382,2024-04-09,CUST00403,33,PROD00228,Home & Kitchen,East,Website,Cash on Delivery,Returned,4,18.12,0,72.48,0.0,72.48,39.99,32.49,7.17,3.9,8
ORD004231,2024-04-09,CUST01347,34,PROD00197,Fashion,South,Website,Bank Transfer,Delivered,5,122.83,10,614.15,61.42,552.73,280.8,271.93,2.84,3.3,6
ORD003382,2024-04-09,CUST00344,24,PROD00406,Electronics,Central,Mobile App,PayPal,Cancelled,3,36.74,10,110.22,11.02,99.2,65.67,33.53,9.83,4.4,8
ORD001867,2024-04-09,CUST01187,59,PROD00237,Sports,West,Mobile App,Bank Transfer,Delivered,2,68.84,15,137.68,20.65,117.03,85.58,31.45,5.5,4.2,10
ORD001073,2024-04-10,CUST00330,55,PROD00066,Electronics,South,Mobile App,Cash on Delivery,Returned,3,199.46,5,598.38,29.92,568.46,258.24,310.22,9.54,4.3,7
ORD001908,2024-04-11,CUST00634,44,PROD00049,Home & Kitchen,North,Mobile App,Cash on Delivery,Delivered,1,28.79,15,28.79,4.32,24.47,17.93,6.54,17.89,4.6,3
ORD000005,2024-04-11,CUST00437,69,PROD00319,Electronics,East,Website,Credit Card,Delivered,4,23.51,0,94.04,0.0,94.04,64.22,29.82,8.42,4.4,1
ORD001249,2024-04-11,CUST01480,37,PROD00102,Grocery,Central,Mobile App,Credit Card,Shipped,4,77.23,10,308.92,30.89,278.03,184.74,93.29,9.39,3.6,4
ORD004861,2024-04-11,CUST01040,25,PROD00242,Home & Kitchen,North,Mobile App,Bank Transfer,Delivered,5,15.8,5,79.0,3.95,75.05,38.68,36.37,6.36,3.6,5
ORD001815,2024-04-11,CUST00026,55,PROD00571,Fashion,West,Marketplace,PayPal,Delivered,3,21.81,5,65.43,3.27,62.16,31.84,30.32,5.25,3.2,3
ORD002252,2024-04-12,CUST01455,59,PROD00397,Fashion,West,Website,Credit Card,Delivered,4,61.3,5,245.2,12.26,232.94,141.86,91.08,15.22,3.6,10
ORD004345,2024-04-12,CUST00886,43,PROD00754,Sports,East,Marketplace,Cash on Delivery,Delivered,3,13.87,10,41.61,4.16,37.45,16.91,20.54,9.36,4.9,6
ORD000721,2024-04-12,CUST00270,32,PROD00710,Fashion,Central,Website,Credit Card,Delivered,3,15.11,10,45.33,4.53,40.8,19.26,21.54,9.22,4.4,7
ORD004661,2024-04-12,CUST00115,44,PROD00440,Grocery,North,Marketplace,Cash on Delivery,Delivered,5,17.13,0,85.65,0.0,85.65,47.16,38.49,1.91,3.7,4
ORD000950,2024-04-13,CUST01094,27,PROD00190,Electronics,East,Website,Debit Card,Returned,4,61.38,15,245.52,36.83,208.69,146.07,62.62,8.65,3.1,2
ORD000223,2024-04-14,CUST00834,58,PROD00643,Electronics,South,Mobile App,PayPal,Delivered,5,43.67,5,218.35,10.92,207.43,94.7,112.73,12.3,5.0,2
ORD001614,2024-04-14,CUST01046,31,PROD00089,Sports,North,Website,PayPal,Shipped,4,31.57,10,126.28,12.63,113.65,51.99,61.66,7.47,3.8,7
ORD000969,2024-04-15,CUST01468,45,PROD00183,Grocery,West,Website,Debit Card,Returned,4,76.83,15,307.32,46.1,261.22,154.65,106.57,15.45,5.0,5
ORD003880,2024-04-15,CUST01469,26,PROD00308,Grocery,North,Website,Credit Card,Cancelled,4,35.11,5,140.44,7.02,133.42,73.52,59.9,9.29,3.7,5
ORD003658,2024-04-15,CUST00662,33,PROD00282,Beauty,Central,Website,Credit Card,Delivered,1,33.38,25,33.38,8.35,25.03,17.41,7.62,5.99,4.6,1
ORD003384,2024-04-15,CUST00217,45,PROD00107,Home & Kitchen,South,Website,PayPal,Delivered,4,10.69,0,42.76,0.0,42.76,23.34,19.42,16.81,4.3,5
ORD000288,2024-04-15,CUST00061,18,PROD00303,Beauty,East,Mobile App,Credit Card,Delivered,5,18.45,20,92.25,18.45,73.8,36.58,37.22,15.88,4.3,8
ORD002883,2024-04-15,CUST01149,23,PROD00313,Grocery,South,Mobile App,Credit Card,Delivered,3,27.19,10,81.57,8.16,73.41,38.94,34.47,1.83,4.1,6
ORD000496,2024-04-15,CUST01366,24,PROD00604,Grocery,North,Mobile App,Debit Card,Delivered,3,62.51,20,187.53,37.51,150.02,103.28,46.74,3.32,4.0,7
ORD002778,2024-04-15,CUST00207,43,PROD00061,Beauty,North,Website,PayPal,Delivered,3,5.1,20,15.3,3.06,12.24,8.35,3.89,12.68,4.3,7
ORD003052,2024-04-15,CUST00826,22,PROD00419,Sports,Central,Website,PayPal,Delivered,2,14.44,25,28.88,7.22,21.66,12.98,8.68,4.85,3.0,1
ORD004266,2024-04-15,CUST01197,46,PROD00504,Home & Kitchen,North,Mobile App,Credit Card,Delivered,5,29.85,15,149.25,22.39,126.86,83.7,43.16,12.16,2.1,7
ORD003996,2024-04-15,CUST00330,40,PROD00732,Electronics,West,Mobile App,Bank Transfer,Cancelled,1,18.8,15,18.8,2.82,15.98,11.61,4.37,6.95,4.6,2
ORD004993,2024-04-16,CUST00869,56,PROD00405,Beauty,South,Website,Cash on Delivery,Returned,2,15.67,0,31.34,0.0,31.34,21.01,10.33,10.36,4.2,2
ORD003950,2024-04-16,CUST00674,24,PROD00313,Sports,North,Website,Cash on Delivery,Delivered,4,298.01,30,1192.04,357.61,834.43,616.37,218.06,12.52,3.1,5
ORD003942,2024-04-16,CUST00323,28,PROD00455,Fashion,North,Website,Debit Card,Shipped,3,54.12,5,162.36,8.12,154.24,117.87,36.37,8.94,3.3,7
ORD000181,2024-04-17,CUST00549,33,PROD00753,Electronics,North,Marketplace,Debit Card,Cancelled,4,21.78,20,87.12,17.42,69.7,38.34,31.36,3.86,3.1,9
ORD002020,2024-04-17,CUST00736,62,PROD00438,Electronics,West,Mobile App,Cash on Delivery,Delivered,2,41.13,15,82.26,12.34,69.92,32.07,37.85,16.27,3.5,3
ORD000353,2024-04-18,CUST01304,38,PROD00477,Home & Kitchen,West,Website,Debit Card,Shipped,2,24.37,25,48.74,12.18,36.56,25.44,11.12,15.93,4.7,4
ORD000664,2024-04-18,CUST00704,61,PROD00394,Electronics,South,Mobile App,Bank Transfer,Returned,3,8.25,10,24.75,2.48,22.27,16.65,5.62,11.51,4.5,6
ORD001269,2024-04-18,CUST00359,69,PROD00435,Beauty,East,Mobile App,Credit Card,Returned,2,19.22,0,38.44,0.0,38.44,19.86,18.58,12.15,4.0,3
ORD000877,2024-04-19,CUST00195,68,PROD00639,Fashion,East,Mobile App,PayPal,Delivered,4,23.41,20,93.64,18.73,74.91,41.14,33.77,7.95,5.0,10
ORD000021,2024-04-19,CUST01328,62,PROD00800,Beauty,West,Mobile App,PayPal,Cancelled,4,23.05,10,92.2,9.22,82.98,61.13,21.85,10.44,3.7,5
ORD003040,2024-04-19,CUST01054,36,PROD00186,Sports,North,Mobile App,Credit Card,Shipped,5,25.74,5,128.7,6.44,122.26,69.64,52.62,14.11,4.1,3
ORD000550,2024-04-20,CUST00726,56,PROD00019,Electronics,East,Website,Cash on Delivery,Shipped,1,36.25,15,36.25,5.44,30.81,23.52,7.29,14.31,3.9,6
ORD002242,2024-04-20,CUST00899,39,PROD00680,Beauty,North,Website,Debit Card,Delivered,3,19.54,20,58.62,11.72,46.9,29.43,17.47,4.84,4.7,4
ORD000901,2024-04-20,CUST00071,67,PROD00086,Home & Kitchen,Central,Mobile App,Credit Card,Returned,4,17.06,30,68.24,20.47,47.77,35.21,12.56,9.76,4.6,10
ORD000472,2024-04-20,CUST00166,28,PROD00039,Electronics,East,Mobile App,Bank Transfer,Delivered,1,44.53,5,44.53,2.23,42.3,24.03,18.27,6.96,4.3,5
ORD002090,2024-04-20,CUST00122,38,PROD00249,Home & Kitchen,East,Mobile App,Credit Card,Cancelled,2,45.55,0,91.1,0.0,91.1,42.79,48.31,5.82,2.9,10
ORD004411,2024-04-20,CUST00179,57,PROD00338,Fashion,West,Mobile App,Bank Transfer,Delivered,3,36.4,5,109.2,5.46,103.74,61.96,41.78,1.5,4.9,3
ORD002630,2024-04-20,CUST00982,46,PROD00472,Home & Kitchen,Central,Marketplace,Credit Card,Delivered,3,21.45,0,64.35,0.0,64.35,49.76,14.59,17.58,3.5,9
ORD002300,2024-04-20,CUST00834,63,PROD00092,Sports,West,Website,Debit Card,Delivered,3,13.68,5,41.04,2.05,38.99,29.38,9.61,5.01,4.6,4
ORD001125,2024-04-21,CUST01198,32,PROD00039,Sports,East,Marketplace,Bank Transfer,Delivered,1,25.76,0,25.76,0.0,25.76,16.38,9.38,15.09,4.4,10
ORD003116,2024-04-21,CUST00021,68,PROD00476,Electronics,East,Marketplace,Cash on Delivery,Returned,3,76.17,15,228.51,34.28,194.23,122.34,71.89,6.65,3.7,5
ORD000244,2024-04-21,CUST00546,22,PROD00695,Fashion,Central,Mobile App,Cash on Delivery,Cancelled,3,14.93,15,44.79,6.72,38.07,17.27,20.8,17.11,3.2,6
ORD002399,2024-04-21,CUST00329,38,PROD00049,Sports,South,Mobile App,Debit Card,Delivered,5,119.22,5,596.1,29.8,566.3,343.56,222.74,9.98,4.5,8
ORD004541,2024-04-22,CUST01350,56,PROD00716,Beauty,South,Website,Debit Card,Delivered,4,59.54,5,238.16,11.91,226.25,138.31,87.94,8.77,4.2,6
ORD001455,2024-04-22,CUST01217,65,PROD00041,Grocery,North,Mobile App,Bank Transfer,Returned,4,43.14,0,172.56,0.0,172.56,97.53,75.03,3.27,4.1,8
ORD004293,2024-04-22,CUST00149,20,PROD00516,Fashion,North,Website,Bank Transfer,Delivered,1,6.94,15,6.94,1.04,5.9,3.21,2.69,15.33,2.7,1
ORD000802,2024-04-22,CUST00043,51,PROD00755,Home & Kitchen,West,Mobile App,Debit Card,Returned,2,7.87,20,15.74,3.15,12.59,6.08,6.51,7.41,4.4,6
ORD002961,2024-04-22,CUST00472,41,PROD00706,Home & Kitchen,Central,Mobile App,Credit Card,Cancelled,5,40.81,25,204.05,51.01,153.04,105.01,48.03,10.7,4.4,3
ORD003878,2024-04-23,CUST01191,38,PROD00100,Beauty,West,Mobile App,Cash on Delivery,Delivered,5,12.48,10,62.4,6.24,56.16,25.59,30.57,8.18,3.8,6
ORD004796,2024-04-23,CUST00826,69,PROD00461,Sports,North,Mobile App,Credit Card,Delivered,5,85.79,20,428.95,85.79,343.16,206.16,137.0,16.15,4.1,6
ORD002413,2024-04-24,CUST00428,36,PROD00138,Fashion,North,Mobile App,Credit Card,Cancelled,4,67.61,10,270.44,27.04,243.4,134.34,109.06,17.82,4.1,5
ORD002672,2024-04-24,CUST00630,25,PROD00159,Grocery,North,Mobile App,Credit Card,Delivered,4,7.36,5,29.44,1.47,27.97,16.42,11.55,17.79,3.8,5
ORD004613,2024-04-24,CUST00127,49,PROD00563,Home & Kitchen,West,Mobile App,PayPal,Delivered,3,55.76,5,167.28,8.36,158.92,113.52,45.4,4.72,3.0,6
ORD004387,2024-04-24,CUST01031,51,PROD00223,Sports,West,Mobile App,Bank Transfer,Cancelled,4,41.66,0,166.64,0.0,166.64,125.91,40.73,8.44,3.0,3
ORD003606,2024-04-24,CUST00260,43,PROD00369,Home & Kitchen,East,Marketplace,Cash on Delivery,Shipped,2,33.93,10,67.86,6.79,61.07,33.3,27.77,10.9,2.4,4
ORD004777,2024-04-25,CUST01443,68,PROD00075,Electronics,West,Website,PayPal,Delivered,4,92.87,10,371.48,37.15,334.33,162.44,171.89,16.96,3.5,3
ORD002087,2024-04-25,CUST00095,64,PROD00736,Sports,North,Website,Cash on Delivery,Returned,4,7.56,25,30.24,7.56,22.68,11.29,11.39,15.52,3.8,9
ORD003226,2024-04-25,CUST00604,43,PROD00753,Fashion,North,Mobile App,PayPal,Returned,1,39.39,15,39.39,5.91,33.48,23.39,10.09,8.03,4.4,6
ORD004663,2024-04-25,CUST01192,22,PROD00711,Fashion,North,Marketplace,Cash on Delivery,Delivered,2,32.82,25,65.64,16.41,49.23,36.43,12.8,16.86,3.9,7
ORD003851,2024-04-25,CUST01063,30,PROD00676,Beauty,West,Mobile App,PayPal,Delivered,3,15.86,0,47.58,0.0,47.58,28.5,19.08,14.74,3.8,6
ORD001750,2024-04-25,CUST00280,64,PROD00389,Fashion,Central,Mobile App,PayPal,Shipped,1,61.58,5,61.58,3.08,58.5,27.75,30.75,2.41,3.9,5
ORD001797,2024-04-26,CUST00132,43,PROD00781,Sports,South,Mobile App,Credit Card,Returned,4,28.06,10,112.24,11.22,101.02,52.15,48.87,4.28,3.9,4
ORD001042,2024-04-26,CUST01432,31,PROD00697,Home & Kitchen,Central,Website,Debit Card,Returned,3,35.8,10,107.4,10.74,96.66,66.95,29.71,6.16,4.0,6
ORD002411,2024-04-26,CUST01253,46,PROD00380,Home & Kitchen,Central,Mobile App,PayPal,Cancelled,1,113.85,5,113.85,5.69,108.16,48.83,59.33,11.36,3.7,10
ORD002323,2024-04-27,CUST00967,45,PROD00725,Fashion,Central,Website,PayPal,Delivered,5,24.04,20,120.2,24.04,96.16,54.33,41.83,5.95,4.0,5
ORD004204,2024-04-27,CUST00215,50,PROD00686,Sports,Central,Mobile App,PayPal,Delivered,5,83.34,25,416.7,104.18,312.52,172.56,139.96,3.66,4.9,3
ORD002608,2024-04-27,CUST01250,30,PROD00570,Fashion,West,Website,Cash on Delivery,Delivered,2,77.71,15,155.42,23.31,132.11,99.35,32.76,10.89,4.2,3
ORD001794,2024-04-27,CUST00825,37,PROD00408,Electronics,Central,Mobile App,Bank Transfer,Delivered,3,14.34,20,43.02,8.6,34.42,19.46,14.96,8.96,3.4,9
ORD001843,2024-04-27,CUST00167,54,PROD00102,Sports,North,Mobile App,Debit Card,Shipped,5,27.67,15,138.35,20.75,117.6,59.31,58.29,12.19,4.4,1
ORD001665,2024-04-27,CUST01062,36,PROD00020,Fashion,East,Mobile App,Credit Card,Shipped,2,76.39,5,152.78,7.64,145.14,80.64,64.5,6.52,4.3,9
ORD001259,2024-04-28,CUST00713,54,PROD00491,Sports,North,Website,Credit Card,Delivered,5,94.8,5,474.0,23.7,450.3,341.76,108.54,10.53,4.1,8
ORD002863,2024-04-28,CUST00011,47,PROD00366,Beauty,North,Website,PayPal,Cancelled,3,23.85,0,71.55,0.0,71.55,33.67,37.88,13.63,4.9,8
ORD003740,2024-04-29,CUST01128,70,PROD00385,Fashion,West,Marketplace,PayPal,Shipped,3,169.53,25,508.59,127.15,381.44,193.9,187.54,8.21,3.8,9
ORD002573,2024-04-29,CUST01331,52,PROD00572,Electronics,Central,Website,Credit Card,Delivered,5,21.97,0,109.85,0.0,109.85,82.78,27.07,14.09,3.6,9
ORD003396,2024-04-29,CUST01031,24,PROD00230,Home & Kitchen,North,Website,Bank Transfer,Shipped,4,30.92,0,123.68,0.0,123.68,79.93,43.75,6.69,4.3,5
ORD002244,2024-04-29,CUST00386,64,PROD00322,Fashion,North,Website,Bank Transfer,Returned,2,38.69,0,77.38,0.0,77.38,44.66,32.72,7.5,4.5,1
ORD003524,2024-04-29,CUST00594,68,PROD00207,Grocery,South,Mobile App,Bank Transfer,Shipped,4,6.14,5,24.56,1.23,23.33,11.85,11.48,12.28,4.6,4
ORD004820,2024-04-29,CUST00596,24,PROD00328,Fashion,West,Mobile App,Cash on Delivery,Returned,5,127.28,15,636.4,95.46,540.94,393.13,147.81,15.03,4.2,7
ORD002500,2024-04-29,CUST00823,39,PROD00729,Electronics,West,Mobile App,PayPal,Returned,1,17.17,10,17.17,1.72,15.45,8.88,6.57,11.72,3.7,10
ORD000119,2024-04-29,CUST00175,70,PROD00755,Electronics,North,Mobile App,PayPal,Returned,3,65.0,30,195.0,58.5,136.5,100.09,36.41,8.3,5.0,4
ORD001508,2024-04-29,CUST01405,70,PROD00419,Fashion,West,Website,Bank Transfer,Cancelled,1,21.87,0,21.87,0.0,21.87,10.14,11.73,3.25,4.3,2
ORD000680,2024-04-29,CUST00341,53,PROD00219,Beauty,South,Marketplace,Cash on Delivery,Delivered,1,37.03,25,37.03,9.26,27.77,19.62,8.15,8.88,4.7,5
ORD003766,2024-04-30,CUST01203,49,PROD00304,Home & Kitchen,West,Website,Bank Transfer,Cancelled,3,26.53,25,79.59,19.9,59.69,28.54,31.15,6.99,3.1,6
ORD002261,2024-04-30,CUST00848,24,PROD00597,Fashion,South,Website,Bank Transfer,Delivered,5,33.31,0,166.55,0.0,166.55,120.08,46.47,16.04,2.7,4
ORD003815,2024-04-30,CUST01301,41,PROD00085,Beauty,West,Mobile App,Cash on Delivery,Cancelled,5,10.71,25,53.55,13.39,40.16,24.84,15.32,7.16,3.2,4
ORD000565,2024-05-02,CUST00748,65,PROD00204,Electronics,West,Mobile App,PayPal,Delivered,5,37.07,25,185.35,46.34,139.01,82.9,56.11,4.55,4.3,4
ORD002820,2024-05-02,CUST01121,19,PROD00477,Beauty,East,Mobile App,Bank Transfer,Delivered,1,31.58,0,31.58,0.0,31.58,22.08,9.5,8.51,4.3,9
ORD001966,2024-05-02,CUST01329,59,PROD00555,Electronics,Central,Website,Credit Card,Delivered,5,24.07,0,120.35,0.0,120.35,80.38,39.97,4.47,4.2,9
ORD000334,2024-05-02,CUST00024,47,PROD00147,Sports,East,Mobile App,Debit Card,Cancelled,5,11.44,25,57.2,14.3,42.9,32.28,10.62,8.69,3.0,3
ORD003132,2024-05-02,CUST00196,18,PROD00572,Fashion,East,Mobile App,PayPal,Delivered,1,7.25,25,7.25,1.81,5.44,4.0,1.44,3.39,4.7,7
ORD003805,2024-05-02,CUST01413,56,PROD00113,Beauty,West,Marketplace,Bank Transfer,Delivered,2,103.73,0,207.46,0.0,207.46,126.18,81.28,2.94,2.8,7
ORD003105,2024-05-03,CUST00380,29,PROD00543,Electronics,North,Website,Debit Card,Shipped,5,53.51,0,267.55,0.0,267.55,146.28,121.27,8.6,3.7,7
ORD002909,2024-05-03,CUST00455,64,PROD00580,Sports,Central,Website,Bank Transfer,Delivered,4,43.12,10,172.48,17.25,155.23,85.35,69.88,3.14,4.1,10
ORD001074,2024-05-03,CUST00349,50,PROD00396,Sports,Central,Website,Cash on Delivery,Cancelled,4,30.19,0,120.76,0.0,120.76,90.04,30.72,4.0,3.8,3
ORD000175,2024-05-03,CUST00059,58,PROD00744,Grocery,East,Website,Debit Card,Returned,2,99.76,10,199.52,19.95,179.57,118.31,61.26,3.34,4.6,10
ORD002879,2024-05-03,CUST00910,57,PROD00021,Sports,West,Website,Debit Card,Cancelled,4,71.5,5,286.0,14.3,271.7,131.47,140.23,2.34,3.9,3
ORD001557,2024-05-03,CUST00053,67,PROD00253,Home & Kitchen,North,Mobile App,Cash on Delivery,Delivered,2,21.41,25,42.82,10.7,32.12,15.81,16.31,15.07,3.2,4
ORD003305,2024-05-04,CUST00674,55,PROD00635,Grocery,Central,Website,Credit Card,Cancelled,4,71.28,5,285.12,14.26,270.86,197.05,73.81,13.41,5.0,10
ORD001514,2024-05-04,CUST00037,61,PROD00232,Fashion,North,Website,Bank Transfer,Returned,4,10.34,15,41.36,6.2,35.16,16.04,19.12,1.71,5.0,6
ORD004292,2024-05-04,CUST00827,30,PROD00108,Electronics,South,Mobile App,Debit Card,Shipped,4,41.28,15,165.12,24.77,140.35,74.74,65.61,6.44,3.6,2
ORD002173,2024-05-04,CUST01254,38,PROD00577,Grocery,East,Website,Debit Card,Returned,1,25.52,20,25.52,5.1,20.42,10.73,9.69,13.58,3.9,3
ORD000269,2024-05-04,CUST00248,61,PROD00110,Beauty,Central,Website,Credit Card,Cancelled,5,6.19,10,30.95,3.1,27.85,17.66,10.19,2.53,4.6,9
ORD001766,2024-05-04,CUST01228,43,PROD00731,Fashion,North,Mobile App,Bank Transfer,Cancelled,5,61.9,5,309.5,15.48,294.02,162.16,131.86,10.78,3.2,3
ORD003537,2024-05-04,CUST00837,51,PROD00179,Grocery,West,Website,Debit Card,Delivered,3,23.26,25,69.78,17.44,52.34,26.92,25.42,1.71,3.9,5
ORD004327,2024-05-04,CUST00192,21,PROD00428,Sports,East,Website,PayPal,Shipped,4,34.26,20,137.04,27.41,109.63,77.78,31.85,6.96,4.0,10
ORD004769,2024-05-05,CUST01089,45,PROD00612,Sports,North,Website,Debit Card,Delivered,1,53.62,5,53.62,2.68,50.94,39.6,11.34,11.99,5.0,9
ORD002903,2024-05-05,CUST00241,34,PROD00046,Electronics,North,Website,PayPal,Returned,4,17.7,15,70.8,10.62,60.18,35.07,25.11,2.53,4.3,4
ORD004727,2024-05-05,CUST01169,54,PROD00358,Fashion,West,Mobile App,Cash on Delivery,Cancelled,4,11.63,25,46.52,11.63,34.89,19.41,15.48,10.32,4.9,9
ORD004210,2024-05-05,CUST01024,63,PROD00256,Electronics,West,Marketplace,Debit Card,Returned,5,56.04,0,280.2,0.0,280.2,166.57,113.63,2.04,3.3,5
ORD000946,2024-05-05,CUST00135,62,PROD00416,Beauty,Central,Marketplace,Credit Card,Shipped,1,15.21,25,15.21,3.8,11.41,8.05,3.36,15.25,3.7,8
ORD000450,2024-05-06,CUST01460,25,PROD00660,Home & Kitchen,West,Mobile App,Credit Card,Delivered,2,50.15,10,100.3,10.03,90.27,64.66,25.61,8.53,3.5,10
ORD001311,2024-05-06,CUST00190,38,PROD00295,Grocery,Central,Mobile App,Debit Card,Returned,1,23.31,10,23.31,2.33,20.98,16.17,4.81,10.85,3.1,4
ORD002157,2024-05-06,CUST00912,24,PROD00511,Grocery,South,Website,Debit Card,Delivered,3,21.23,0,63.69,0.0,63.69,48.78,14.91,13.87,4.2,5
ORD004837,2024-05-07,CUST00105,61,PROD00285,Fashion,Central,Mobile App,Cash on Delivery,Shipped,5,14.65,20,73.25,14.65,58.6,42.62,15.98,4.23,3.6,3
ORD001113,2024-05-07,CUST00927,58,PROD00609,Electronics,North,Marketplace,Debit Card,Delivered,1,38.53,0,38.53,0.0,38.53,27.23,11.3,12.61,4.3,2
ORD000073,2024-05-07,CUST00545,55,PROD00040,Home & Kitchen,West,Mobile App,Credit Card,Returned,1,57.31,0,57.31,0.0,57.31,42.98,14.33,3.64,5.0,10
ORD002930,2024-05-07,CUST00168,26,PROD00676,Sports,West,Mobile App,Credit Card,Shipped,1,57.8,5,57.8,2.89,54.91,39.28,15.63,4.78,4.2,7
ORD001862,2024-05-07,CUST01027,51,PROD00226,Electronics,West,Marketplace,Debit Card,Delivered,3,295.07,10,885.21,88.52,796.69,587.44,209.25,1.81,2.8,7
ORD004324,2024-05-07,CUST00244,21,PROD00225,Sports,Central,Mobile App,Cash on Delivery,Delivered,2,14.96,15,29.92,4.49,25.43,19.2,6.23,6.01,4.4,9
ORD003910,2024-05-07,CUST00318,51,PROD00236,Home & Kitchen,South,Mobile App,Credit Card,Delivered,5,21.47,5,107.35,5.37,101.98,78.95,23.03,10.15,4.2,3
ORD002406,2024-05-08,CUST00343,42,PROD00545,Home & Kitchen,South,Mobile App,Credit Card,Cancelled,1,7.71,20,7.71,1.54,6.17,3.81,2.36,7.05,4.9,4
ORD003304,2024-05-08,CUST00509,30,PROD00742,Fashion,North,Mobile App,PayPal,Delivered,4,38.16,25,152.64,38.16,114.48,65.23,49.25,11.64,4.6,7
ORD001619,2024-05-08,CUST01086,63,PROD00725,Fashion,North,Marketplace,Cash on Delivery,Cancelled,4,47.8,10,191.2,19.12,172.08,96.43,75.65,4.89,5.0,4
ORD000989,2024-05-08,CUST00623,29,PROD00417,Beauty,East,Mobile App,Debit Card,Cancelled,1,5.07,5,5.07,0.25,4.82,2.34,2.48,16.52,4.5,6
ORD004137,2024-05-08,CUST01103,29,PROD00771,Home & Kitchen,North,Website,Cash on Delivery,Delivered,2,11.48,10,22.96,2.3,20.66,11.48,9.18,8.15,3.2,4
ORD001559,2024-05-08,CUST01066,49,PROD00484,Fashion,South,Marketplace,PayPal,Delivered,3,15.6,5,46.8,2.34,44.46,20.16,24.3,14.44,3.8,7
ORD003728,2024-05-08,CUST00687,18,PROD00341,Beauty,Central,Mobile App,Cash on Delivery,Shipped,4,39.08,20,156.32,31.26,125.06,68.09,56.97,3.55,5.0,7
ORD004398,2024-05-09,CUST00393,64,PROD00554,Home & Kitchen,North,Mobile App,PayPal,Delivered,2,19.49,10,38.98,3.9,35.08,17.56,17.52,8.58,4.3,7
ORD004179,2024-05-09,CUST00819,20,PROD00442,Fashion,East,Mobile App,PayPal,Returned,4,55.02,20,220.08,44.02,176.06,117.81,58.25,4.52,4.1,8
ORD002962,2024-05-09,CUST01123,18,PROD00636,Grocery,Central,Website,PayPal,Cancelled,5,61.49,5,307.45,15.37,292.08,147.39,144.69,2.56,4.1,3
ORD003392,2024-05-09,CUST00841,32,PROD00106,Home & Kitchen,East,Website,Bank Transfer,Cancelled,3,12.82,5,38.46,1.92,36.54,16.44,20.1,3.2,3.3,9
ORD004680,2024-05-09,CUST01481,62,PROD00095,Home & Kitchen,North,Website,PayPal,Delivered,1,26.44,0,26.44,0.0,26.44,12.89,13.55,7.46,4.7,3
ORD001521,2024-05-09,CUST00072,33,PROD00251,Sports,East,Website,Cash on Delivery,Delivered,1,21.42,0,21.42,0.0,21.42,15.61,5.81,12.3,3.4,6
ORD004054,2024-05-10,CUST00557,47,PROD00502,Home & Kitchen,East,Mobile App,Credit Card,Cancelled,4,15.09,25,60.36,15.09,45.27,22.99,22.28,4.56,4.5,9
ORD003078,2024-05-10,CUST00015,52,PROD00589,Electronics,East,Marketplace,Bank Transfer,Delivered,4,37.52,20,150.08,30.02,120.06,91.49,28.57,2.54,4.7,2
ORD000370,2024-05-11,CUST00606,25,PROD00097,Beauty,West,Mobile App,PayPal,Returned,5,32.18,5,160.9,8.04,152.86,87.07,65.79,17.27,1.8,8
ORD001977,2024-05-11,CUST00320,68,PROD00240,Home & Kitchen,South,Website,PayPal,Delivered,1,120.52,5,120.52,6.03,114.49,89.16,25.33,17.52,5.0,3
ORD001108,2024-05-11,CUST01430,27,PROD00159,Beauty,South,Mobile App,Cash on Delivery,Shipped,1,44.25,10,44.25,4.42,39.83,26.2,13.63,9.27,3.0,2
ORD001869,2024-05-11,CUST00953,20,PROD00499,Beauty,South,Mobile App,Cash on Delivery,Delivered,2,7.14,5,14.28,0.71,13.57,9.07,4.5,13.14,3.3,8
ORD000250,2024-05-11,CUST00835,58,PROD00158,Beauty,East,Marketplace,Bank Transfer,Delivered,4,98.55,10,394.2,39.42,354.78,210.66,144.12,7.56,3.8,6
ORD001597,2024-05-12,CUST01243,51,PROD00163,Electronics,Central,Website,Bank Transfer,Shipped,4,112.91,20,451.64,90.33,361.31,193.75,167.56,14.03,2.9,6
ORD003868,2024-05-12,CUST01129,40,PROD00331,Grocery,East,Website,PayPal,Shipped,4,24.96,20,99.84,19.97,79.87,48.12,31.75,12.05,3.6,8
ORD000382,2024-05-13,CUST00251,59,PROD00308,Home & Kitchen,West,Mobile App,Bank Transfer,Delivered,4,37.01,0,148.04,0.0,148.04,84.28,63.76,6.85,3.9,7
ORD003618,2024-05-13,CUST00923,70,PROD00613,Fashion,West,Website,Bank Transfer,Cancelled,5,46.39,20,231.95,46.39,185.56,133.76,51.8,9.82,5.0,6
ORD003464,2024-05-13,CUST00195,46,PROD00653,Fashion,West,Website,Debit Card,Cancelled,5,38.06,15,190.3,28.54,161.76,77.82,83.94,9.39,4.6,3
ORD001927,2024-05-13,CUST00292,56,PROD00210,Beauty,East,Marketplace,Cash on Delivery,Delivered,3,9.65,15,28.95,4.34,24.61,16.52,8.09,5.32,3.9,6
ORD003408,2024-05-13,CUST00573,20,PROD00211,Grocery,North,Website,PayPal,Returned,4,41.11,0,164.44,0.0,164.44,104.25,60.19,5.84,4.5,6
ORD002649,2024-05-13,CUST00804,37,PROD00432,Fashion,East,Website,Cash on Delivery,Delivered,5,27.59,0,137.95,0.0,137.95,64.07,73.88,11.57,3.8,3
ORD003912,2024-05-13,CUST00019,49,PROD00013,Home & Kitchen,East,Website,Bank Transfer,Delivered,2,29.33,15,58.66,8.8,49.86,38.63,11.23,13.87,4.1,10
ORD002029,2024-05-14,CUST01253,69,PROD00387,Sports,East,Marketplace,Debit Card,Delivered,5,36.49,5,182.45,9.12,173.33,98.1,75.23,9.01,4.6,6
ORD003163,2024-05-14,CUST00825,25,PROD00470,Fashion,Central,Website,Bank Transfer,Shipped,2,19.75,10,39.5,3.95,35.55,16.89,18.66,3.21,4.9,5
ORD000458,2024-05-14,CUST00803,22,PROD00295,Sports,North,Marketplace,Credit Card,Cancelled,1,23.63,15,23.63,3.54,20.09,12.06,8.03,10.63,5.0,1
ORD002106,2024-05-14,CUST01406,61,PROD00563,Home & Kitchen,West,Mobile App,Bank Transfer,Delivered,1,29.61,15,29.61,4.44,25.17,15.36,9.81,7.4,4.6,3
ORD002066,2024-05-14,CUST01171,57,PROD00330,Electronics,North,Website,Credit Card,Cancelled,3,35.74,5,107.22,5.36,101.86,66.01,35.85,5.96,3.3,10
ORD004511,2024-05-14,CUST01388,43,PROD00453,Electronics,West,Website,Bank Transfer,Cancelled,4,39.35,0,157.4,0.0,157.4,110.47,46.93,12.29,2.7,7
ORD003847,2024-05-14,CUST01144,20,PROD00400,Electronics,East,Mobile App,PayPal,Shipped,1,11.08,10,11.08,1.11,9.97,6.05,3.92,12.86,3.9,9
ORD003621,2024-05-15,CUST00183,23,PROD00554,Home & Kitchen,East,Mobile App,Cash on Delivery,Shipped,3,145.64,10,436.92,43.69,393.23,221.61,171.62,6.67,4.7,5
ORD001336,2024-05-15,CUST01457,70,PROD00656,Grocery,West,Mobile App,Cash on Delivery,Delivered,5,23.49,20,117.45,23.49,93.96,51.59,42.37,6.56,3.2,3
ORD002355,2024-05-15,CUST00177,29,PROD00095,Beauty,West,Website,Bank Transfer,Delivered,1,29.64,20,29.64,5.93,23.71,13.88,9.83,13.19,2.8,10
ORD000515,2024-05-16,CUST00660,67,PROD00182,Fashion,South,Website,Debit Card,Returned,5,22.0,20,110.0,22.0,88.0,60.36,27.64,5.47,2.9,8
ORD000921,2024-05-16,CUST00530,18,PROD00273,Home & Kitchen,North,Website,Debit Card,Delivered,5,15.04,20,75.2,15.04,60.16,40.97,19.19,5.22,3.7,2
ORD004538,2024-05-16,CUST00914,25,PROD00498,Beauty,East,Website,Cash on Delivery,Delivered,4,45.14,5,180.56,9.03,171.53,84.22,87.31,12.92,4.0,6
ORD004939,2024-05-16,CUST00889,22,PROD00386,Fashion,East,Website,Bank Transfer,Delivered,3,75.28,15,225.84,33.88,191.96,137.78,54.18,9.07,3.7,1
ORD000793,2024-05-17,CUST00334,49,PROD00229,Fashion,Central,Mobile App,Cash on Delivery,Returned,4,46.28,20,185.12,37.02,148.1,106.02,42.08,6.88,4.5,2
ORD004007,2024-05-17,CUST00318,24,PROD00685,Beauty,West,Mobile App,Credit Card,Delivered,5,13.12,0,65.6,0.0,65.6,33.92,31.68,5.01,3.8,2
ORD004193,2024-05-17,CUST00295,47,PROD00247,Electronics,South,Mobile App,Cash on Delivery,Cancelled,5,46.79,5,233.95,11.7,222.25,135.39,86.86,8.11,3.8,4
ORD000105,2024-05-17,CUST01308,33,PROD00484,Beauty,South,Marketplace,Credit Card,Cancelled,3,13.82,10,41.46,4.15,37.31,20.87,16.44,4.9,3.8,5
ORD004600,2024-05-17,CUST01260,54,PROD00285,Sports,West,Mobile App,PayPal,Delivered,1,32.24,5,32.24,1.61,30.63,15.14,15.49,8.8,3.6,10
ORD000095,2024-05-17,CUST00630,66,PROD00026,Grocery,Central,Website,PayPal,Delivered,5,35.47,30,177.35,53.2,124.15,73.58,50.57,17.12,3.9,10
ORD004959,2024-05-17,CUST01361,41,PROD00112,Grocery,Central,Website,Credit Card,Delivered,2,27.75,20,55.5,11.1,44.4,27.18,17.22,10.38,3.4,3
ORD001468,2024-05-18,CUST00471,57,PROD00162,Beauty,South,Mobile App,Credit Card,Delivered,5,74.96,15,374.8,56.22,318.58,164.56,154.02,15.9,2.4,2
ORD003080,2024-05-18,CUST00441,30,PROD00502,Electronics,Central,Website,Debit Card,Shipped,4,123.89,20,495.56,99.11,396.45,235.99,160.46,11.7,3.7,8
ORD003297,2024-05-18,CUST00708,36,PROD00304,Electronics,Central,Mobile App,PayPal,Delivered,5,35.71,10,178.55,17.86,160.69,100.36,60.33,8.45,4.9,6
ORD000727,2024-05-18,CUST00308,48,PROD00095,Electronics,North,Mobile App,Bank Transfer,Returned,4,159.49,10,637.96,63.8,574.16,394.61,179.55,16.57,4.2,4
ORD002238,2024-05-18,CUST00787,58,PROD00136,Grocery,East,Mobile App,Cash on Delivery,Delivered,5,39.87,10,199.35,19.93,179.42,125.13,54.29,7.99,5.0,8
ORD003097,2024-05-19,CUST00688,49,PROD00427,Fashion,North,Website,Bank Transfer,Delivered,4,88.12,10,352.48,35.25,317.23,243.81,73.42,11.07,4.2,6
ORD003563,2024-05-19,CUST01121,66,PROD00039,Sports,West,Mobile App,Credit Card,Delivered,3,21.26,0,63.78,0.0,63.78,44.1,19.68,13.02,4.3,9
ORD003461,2024-05-19,CUST00664,34,PROD00048,Home & Kitchen,North,Website,Credit Card,Delivered,4,20.8,20,83.2,16.64,66.56,46.35,20.21,6.61,5.0,4
ORD002429,2024-05-19,CUST00585,24,PROD00126,Electronics,North,Website,Bank Transfer,Delivered,4,46.49,5,185.96,9.3,176.66,129.21,47.45,3.67,4.1,5
ORD004354,2024-05-19,CUST00597,59,PROD00574,Fashion,South,Website,Bank Transfer,Returned,2,45.74,15,91.48,13.72,77.76,47.72,30.04,13.97,4.5,2
ORD000480,2024-05-19,CUST01284,65,PROD00630,Grocery,North,Mobile App,Cash on Delivery,Delivered,2,7.01,25,14.02,3.5,10.52,7.65,2.87,10.42,3.8,10
ORD003903,2024-05-20,CUST01168,52,PROD00733,Home & Kitchen,East,Website,Debit Card,Delivered,1,193.46,0,193.46,0.0,193.46,117.22,76.24,17.46,4.3,8
ORD004521,2024-05-20,CUST00466,34,PROD00045,Electronics,South,Website,Cash on Delivery,Delivered,2,90.96,10,181.92,18.19,163.73,85.73,78.0,15.17,4.1,9
ORD001166,2024-05-20,CUST01012,29,PROD00278,Electronics,North,Website,Credit Card,Returned,2,12.49,0,24.98,0.0,24.98,12.81,12.17,14.9,4.5,4
ORD002896,2024-05-21,CUST00059,38,PROD00057,Sports,North,Website,Cash on Delivery,Returned,3,26.03,0,78.09,0.0,78.09,48.45,29.64,14.21,2.4,5
ORD004518,2024-05-21,CUST00822,33,PROD00559,Fashion,East,Mobile App,Cash on Delivery,Delivered,4,16.56,10,66.24,6.62,59.62,31.72,27.9,6.91,2.9,6
ORD004420,2024-05-22,CUST00438,61,PROD00229,Home & Kitchen,South,Website,PayPal,Shipped,2,12.16,5,24.32,1.22,23.1,14.97,8.13,4.56,3.7,6
ORD003620,2024-05-22,CUST00637,30,PROD00368,Home & Kitchen,Central,Marketplace,Cash on Delivery,Shipped,3,23.29,20,69.87,13.97,55.9,28.73,27.17,2.96,2.3,3
ORD003231,2024-05-22,CUST00596,31,PROD00269,Sports,North,Mobile App,Cash on Delivery,Shipped,2,23.4,0,46.8,0.0,46.8,31.08,15.72,10.78,4.4,5
ORD004768,2024-05-22,CUST01350,60,PROD00402,Home & Kitchen,West,Website,PayPal,Cancelled,2,7.46,10,14.92,1.49,13.43,6.35,7.08,3.1,4.9,7
ORD002718,2024-05-22,CUST01324,46,PROD00126,Sports,East,Website,Bank Transfer,Returned,5,29.49,10,147.45,14.74,132.71,85.93,46.78,3.8,5.0,8
ORD002241,2024-05-22,CUST00193,31,PROD00794,Home & Kitchen,West,Website,Cash on Delivery,Cancelled,5,12.82,20,64.1,12.82,51.28,31.69,19.59,7.5,4.3,7
ORD004549,2024-05-22,CUST00115,44,PROD00312,Sports,East,Website,Debit Card,Shipped,1,66.67,20,66.67,13.33,53.34,36.68,16.66,17.72,3.4,8
ORD000046,2024-05-23,CUST00079,23,PROD00687,Grocery,North,Website,Debit Card,Cancelled,2,95.48,25,190.96,47.74,143.22,82.65,60.57,16.73,3.1,6
ORD003112,2024-05-23,CUST00194,50,PROD00076,Beauty,West,Mobile App,Bank Transfer,Shipped,4,19.5,0,78.0,0.0,78.0,35.76,42.24,17.07,4.0,8
ORD002614,2024-05-23,CUST00248,20,PROD00226,Sports,West,Website,Bank Transfer,Cancelled,4,47.52,0,190.08,0.0,190.08,106.96,83.12,6.43,3.9,9
ORD003307,2024-05-23,CUST00888,23,PROD00456,Sports,South,Website,Bank Transfer,Cancelled,5,164.57,25,822.85,205.71,617.14,323.24,293.9,15.85,2.9,6
ORD001749,2024-05-23,CUST01281,60,PROD00695,Home & Kitchen,Central,Mobile App,Credit Card,Delivered,2,82.66,25,165.32,41.33,123.99,66.71,57.28,17.31,3.6,9
ORD001676,2024-05-23,CUST00946,65,PROD00040,Home & Kitchen,East,Marketplace,Cash on Delivery,Returned,1,27.76,5,27.76,1.39,26.37,13.49,12.88,9.68,3.8,7
ORD000205,2024-05-24,CUST00052,42,PROD00047,Home & Kitchen,North,Website,Cash on Delivery,Delivered,3,40.49,0,121.47,0.0,121.47,62.46,59.01,13.56,5.0,7
ORD001850,2024-05-24,CUST00438,66,PROD00010,Beauty,East,Website,Debit Card,Shipped,5,63.73,15,318.65,47.8,270.85,135.89,134.96,1.85,4.2,4
ORD003956,2024-05-24,CUST00247,46,PROD00295,Grocery,Central,Mobile App,PayPal,Delivered,3,150.43,10,451.29,45.13,406.16,281.6,124.56,16.04,3.8,8
ORD001876,2024-05-24,CUST00687,68,PROD00082,Home & Kitchen,South,Mobile App,Cash on Delivery,Cancelled,5,21.45,0,107.25,0.0,107.25,66.61,40.64,4.05,3.4,10
ORD000459,2024-05-25,CUST00179,61,PROD00437,Fashion,Central,Website,Bank Transfer,Delivered,5,54.77,10,273.85,27.38,246.47,167.74,78.73,8.68,3.2,4
ORD000023,2024-05-25,CUST00695,43,PROD00115,Electronics,East,Website,Credit Card,Returned,4,17.81,0,71.24,0.0,71.24,39.74,31.5,15.53,4.7,1
ORD002658,2024-05-25,CUST00217,44,PROD00265,Sports,Central,Mobile App,Debit Card,Delivered,3,10.11,15,30.33,4.55,25.78,14.31,11.47,9.69,4.1,4
ORD001500,2024-05-25,CUST00044,67,PROD00216,Grocery,East,Website,Debit Card,Cancelled,4,38.98,0,155.92,0.0,155.92,119.03,36.89,16.02,4.9,9
ORD000545,2024-05-25,CUST00315,56,PROD00648,Fashion,West,Website,Debit Card,Returned,5,17.73,10,88.65,8.86,79.79,52.39,27.4,14.54,3.4,4
ORD003325,2024-05-26,CUST01409,45,PROD00604,Home & Kitchen,West,Website,Cash on Delivery,Returned,1,17.44,15,17.44,2.62,14.82,8.48,6.34,9.75,3.7,8
ORD000284,2024-05-26,CUST01462,43,PROD00706,Home & Kitchen,Central,Website,Cash on Delivery,Delivered,4,61.09,10,244.36,24.44,219.92,169.52,50.4,8.61,4.9,3
ORD000331,2024-05-27,CUST00097,23,PROD00731,Fashion,Central,Mobile App,Debit Card,Shipped,3,59.49,20,178.47,35.69,142.78,95.21,47.57,4.18,3.6,6
ORD001488,2024-05-27,CUST00525,44,PROD00582,Fashion,South,Website,Credit Card,Delivered,1,29.42,15,29.42,4.41,25.01,16.27,8.74,7.02,4.5,10
ORD004532,2024-05-27,CUST01272,35,PROD00568,Grocery,South,Marketplace,Cash on Delivery,Delivered,5,60.26,10,301.3,30.13,271.17,176.47,94.7,6.29,3.9,3
ORD004982,2024-05-27,CUST01417,50,PROD00410,Beauty,East,Mobile App,PayPal,Delivered,1,65.32,20,65.32,13.06,52.26,37.06,15.2,17.7,2.5,2
ORD000767,2024-05-27,CUST00332,57,PROD00190,Sports,West,Mobile App,Cash on Delivery,Delivered,4,39.52,5,158.08,7.9,150.18,90.33,59.85,5.87,3.0,1
ORD003554,2024-05-28,CUST00254,44,PROD00202,Sports,North,Mobile App,Bank Transfer,Returned,3,165.18,25,495.54,123.88,371.66,244.17,127.49,17.11,4.1,10
ORD000963,2024-05-28,CUST00277,23,PROD00013,Fashion,Central,Website,Cash on Delivery,Delivered,5,58.94,10,294.7,29.47,265.23,154.55,110.68,3.42,5.0,6
ORD002396,2024-05-28,CUST01382,46,PROD00060,Electronics,Central,Mobile App,Credit Card,Delivered,2,57.12,10,114.24,11.42,102.82,72.98,29.84,15.83,4.2,3
ORD001396,2024-05-29,CUST01002,58,PROD00687,Sports,South,Website,Cash on Delivery,Returned,5,9.89,10,49.45,4.94,44.51,29.94,14.57,13.56,4.3,3
ORD002007,2024-05-29,CUST01029,21,PROD00278,Grocery,East,Mobile App,PayPal,Delivered,3,4.0,10,12.0,1.2,10.8,7.95,2.85,10.45,5.0,3
ORD003630,2024-05-29,CUST00680,21,PROD00652,Fashion,Central,Website,Bank Transfer,Shipped,3,24.96,30,74.88,22.46,52.42,37.38,15.04,11.49,3.5,8
ORD001732,2024-05-29,CUST00992,40,PROD00784,Electronics,East,Mobile App,Bank Transfer,Cancelled,4,78.92,20,315.68,63.14,252.54,140.23,112.31,2.29,3.3,7
ORD002017,2024-05-29,CUST00963,62,PROD00451,Home & Kitchen,East,Mobile App,Credit Card,Cancelled,5,19.59,10,97.95,9.8,88.15,68.15,20.0,6.76,2.9,8
ORD004798,2024-05-30,CUST01260,57,PROD00382,Fashion,West,Mobile App,PayPal,Delivered,3,175.0,0,525.0,0.0,525.0,359.55,165.45,7.09,4.3,4
ORD002336,2024-05-30,CUST00128,34,PROD00167,Grocery,West,Mobile App,PayPal,Delivered,2,42.76,0,85.52,0.0,85.52,45.53,39.99,6.34,3.8,6
ORD000708,2024-05-30,CUST00662,20,PROD00045,Beauty,South,Website,Credit Card,Delivered,1,10.26,0,10.26,0.0,10.26,5.29,4.97,14.51,5.0,9
ORD002884,2024-05-30,CUST00344,32,PROD00168,Beauty,West,Website,PayPal,Returned,1,80.84,5,80.84,4.04,76.8,42.39,34.41,1.99,3.0,7
ORD001432,2024-05-30,CUST00778,63,PROD00404,Fashion,East,Mobile App,Bank Transfer,Returned,2,18.95,5,37.9,1.9,36.0,19.4,16.6,16.39,5.0,5
ORD000365,2024-05-30,CUST01411,57,PROD00446,Grocery,East,Website,PayPal,Delivered,4,5.26,10,21.04,2.1,18.94,12.12,6.82,13.45,3.1,4
ORD001290,2024-05-30,CUST00990,65,PROD00515,Electronics,Central,Mobile App,Cash on Delivery,Cancelled,5,16.42,5,82.1,4.11,77.99,59.71,18.28,4.92,4.6,8
ORD002061,2024-05-30,CUST00005,29,PROD00544,Fashion,West,Website,Cash on Delivery,Delivered,1,14.1,5,14.1,0.7,13.4,6.89,6.51,10.4,4.2,7
ORD003170,2024-05-31,CUST01067,47,PROD00139,Fashion,East,Website,Cash on Delivery,Delivered,4,36.7,30,146.8,44.04,102.76,71.86,30.9,16.81,4.1,10
ORD002622,2024-05-31,CUST01363,18,PROD00322,Beauty,North,Website,Credit Card,Delivered,2,17.11,20,34.22,6.84,27.38,15.85,11.53,3.43,4.3,6
ORD000813,2024-05-31,CUST01218,52,PROD00755,Electronics,East,Mobile App,Cash on Delivery,Cancelled,1,61.3,5,61.3,3.06,58.24,42.93,15.31,12.5,2.7,4
ORD001702,2024-05-31,CUST01227,46,PROD00775,Electronics,Central,Website,Bank Transfer,Returned,2,32.05,30,64.1,19.23,44.87,33.78,11.09,9.8,3.5,10
ORD001534,2024-05-31,CUST01060,24,PROD00029,Beauty,South,Website,Credit Card,Delivered,2,17.76,10,35.52,3.55,31.97,16.31,15.66,1.87,4.1,6
ORD003201,2024-06-01,CUST00524,42,PROD00624,Grocery,South,Marketplace,Bank Transfer,Returned,2,25.86,15,51.72,7.76,43.96,23.85,20.11,17.19,4.0,1
ORD000549,2024-06-01,CUST00374,59,PROD00731,Sports,East,Website,Bank Transfer,Delivered,5,32.36,25,161.8,40.45,121.35,72.14,49.21,2.88,5.0,7
ORD003483,2024-06-01,CUST01185,35,PROD00693,Fashion,East,Mobile App,Debit Card,Delivered,4,95.52,20,382.08,76.42,305.66,226.61,79.05,12.8,3.7,5
ORD004872,2024-06-01,CUST00878,20,PROD00417,Electronics,South,Website,Cash on Delivery,Cancelled,5,28.74,5,143.7,7.18,136.52,86.79,49.73,11.13,3.7,1
ORD000246,2024-06-01,CUST00641,48,PROD00231,Electronics,Central,Website,Bank Transfer,Returned,4,13.97,10,55.88,5.59,50.29,29.41,20.88,15.16,2.0,1
ORD003705,2024-06-02,CUST01020,31,PROD00186,Fashion,East,Website,Cash on Delivery,Cancelled,2,18.31,10,36.62,3.66,32.96,23.09,9.87,8.37,5.0,1
ORD002857,2024-06-02,CUST00266,62,PROD00046,Fashion,West,Mobile App,Cash on Delivery,Shipped,4,38.43,0,153.72,0.0,153.72,109.3,44.42,8.22,4.3,6
ORD001844,2024-06-02,CUST01186,25,PROD00377,Electronics,South,Mobile App,Credit Card,Delivered,2,28.01,5,56.02,2.8,53.22,30.17,23.05,17.86,4.3,2
ORD003158,2024-06-02,CUST00258,35,PROD00563,Fashion,South,Website,Credit Card,Returned,1,134.11,5,134.11,6.71,127.4,80.32,47.08,3.02,3.9,9
ORD002621,2024-06-03,CUST00576,40,PROD00703,Sports,North,Mobile App,Debit Card,Delivered,4,25.33,20,101.32,20.26,81.06,56.73,24.33,12.06,4.4,8
ORD002489,2024-06-03,CUST01467,62,PROD00106,Home & Kitchen,North,Marketplace,Bank Transfer,Delivered,5,24.39,25,121.95,30.49,91.46,59.06,32.4,10.32,4.3,5
ORD001316,2024-06-03,CUST00341,45,PROD00403,Beauty,South,Website,Debit Card,Returned,2,35.07,5,70.14,3.51,66.63,34.89,31.74,13.55,4.9,10
ORD002958,2024-06-03,CUST01194,51,PROD00256,Home & Kitchen,Central,Website,Debit Card,Shipped,5,77.44,0,387.2,0.0,387.2,255.91,131.29,15.15,3.4,5
ORD001933,2024-06-03,CUST01112,50,PROD00484,Fashion,West,Website,Credit Card,Delivered,3,46.34,0,139.02,0.0,139.02,70.52,68.5,6.72,3.9,10
ORD002929,2024-06-03,CUST01438,54,PROD00172,Electronics,East,Mobile App,Bank Transfer,Shipped,5,44.48,20,222.4,44.48,177.92,107.54,70.38,16.78,3.9,7
ORD004234,2024-06-03,CUST00377,58,PROD00636,Sports,Central,Marketplace,Credit Card,Delivered,1,49.49,15,49.49,7.42,42.07,19.08,22.99,11.12,4.8,4
ORD004626,2024-06-03,CUST01189,23,PROD00758,Electronics,South,Website,Credit Card,Returned,5,43.44,10,217.2,21.72,195.48,111.66,83.82,3.66,4.2,5
ORD001644,2024-06-04,CUST01316,27,PROD00311,Beauty,East,Website,Debit Card,Delivered,1,19.54,25,19.54,4.88,14.66,7.09,7.57,2.03,3.6,4
ORD001190,2024-06-04,CUST00228,27,PROD00736,Sports,West,Mobile App,Bank Transfer,Delivered,4,17.48,25,69.92,17.48,52.44,29.33,23.11,6.34,3.4,10
ORD000986,2024-06-04,CUST00851,63,PROD00496,Beauty,Central,Mobile App,PayPal,Delivered,1,20.27,15,20.27,3.04,17.23,10.58,6.65,14.03,4.7,3
ORD003093,2024-06-04,CUST01012,56,PROD00291,Sports,Central,Mobile App,Credit Card,Delivered,4,28.14,10,112.56,11.26,101.3,56.68,44.62,8.42,4.9,4
ORD000077,2024-06-04,CUST00496,56,PROD00006,Home & Kitchen,Central,Website,Cash on Delivery,Cancelled,2,14.67,0,29.34,0.0,29.34,20.1,9.24,8.46,2.8,2
ORD004817,2024-06-04,CUST01184,58,PROD00762,Grocery,South,Website,Bank Transfer,Delivered,4,30.47,15,121.88,18.28,103.6,48.13,55.47,12.57,4.9,3
ORD001331,2024-06-04,CUST01058,70,PROD00164,Grocery,South,Website,PayPal,Cancelled,2,64.42,10,128.84,12.88,115.96,82.1,33.86,5.81,5.0,9
ORD001961,2024-06-05,CUST00312,65,PROD00615,Sports,East,Marketplace,Debit Card,Delivered,4,14.08,0,56.32,0.0,56.32,39.25,17.07,7.86,4.7,7
ORD000359,2024-06-05,CUST00224,27,PROD00151,Grocery,East,Website,Cash on Delivery,Delivered,5,38.39,20,191.95,38.39,153.56,106.7,46.86,17.75,3.5,7
ORD004353,2024-06-05,CUST00788,59,PROD00088,Grocery,South,Website,PayPal,Delivered,3,58.41,15,175.23,26.28,148.95,107.01,41.94,16.44,4.6,1
ORD002789,2024-06-06,CUST01309,60,PROD00577,Fashion,West,Marketplace,Debit Card,Delivered,5,11.58,5,57.9,2.9,55.0,39.47,15.53,7.64,4.9,3
ORD001960,2024-06-06,CUST00501,52,PROD00392,Fashion,West,Mobile App,PayPal,Cancelled,1,59.35,5,59.35,2.97,56.38,31.5,24.88,10.49,3.4,10
ORD004494,2024-06-06,CUST00870,19,PROD00234,Home & Kitchen,East,Website,Debit Card,Delivered,2,120.22,15,240.44,36.07,204.37,92.38,111.99,8.77,4.0,10
ORD004363,2024-06-07,CUST01363,24,PROD00646,Fashion,North,Website,Bank Transfer,Shipped,5,40.71,20,203.55,40.71,162.84,80.71,82.13,8.57,4.8,8
ORD000639,2024-06-07,CUST01308,36,PROD00773,Sports,South,Mobile App,Credit Card,Delivered,4,29.34,20,117.36,23.47,93.89,63.21,30.68,2.31,3.5,10
ORD001263,2024-06-07,CUST01182,25,PROD00200,Beauty,West,Website,PayPal,Shipped,4,18.04,5,72.16,3.61,68.55,49.9,18.65,7.85,3.6,9
ORD001059,2024-06-07,CUST00407,45,PROD00271,Home & Kitchen,Central,Mobile App,Cash on Delivery,Shipped,1,23.22,30,23.22,6.97,16.25,9.71,6.54,12.91,3.9,4
ORD003843,2024-06-08,CUST01164,21,PROD00710,Beauty,North,Marketplace,PayPal,Cancelled,3,22.52,0,67.56,0.0,67.56,49.06,18.5,17.39,3.4,3
ORD000124,2024-06-08,CUST00501,34,PROD00401,Electronics,West,Marketplace,Bank Transfer,Cancelled,1,80.08,20,80.08,16.02,64.06,42.36,21.7,2.35,3.4,6
ORD003148,2024-06-08,CUST01399,53,PROD00263,Sports,West,Mobile App,Cash on Delivery,Cancelled,4,125.8,5,503.2,25.16,478.04,310.46,167.58,17.78,2.6,9
ORD004809,2024-06-08,CUST01122,41,PROD00067,Grocery,West,Website,Bank Transfer,Delivered,3,35.37,5,106.11,5.31,100.8,54.26,46.54,2.65,4.2,7
ORD000277,2024-06-08,CUST00940,63,PROD00394,Home & Kitchen,North,Website,Debit Card,Delivered,5,32.4,20,162.0,32.4,129.6,75.2,54.4,12.65,3.9,10
ORD000985,2024-06-09,CUST00623,57,PROD00068,Grocery,Central,Mobile App,Cash on Delivery,Delivered,5,56.28,0,281.4,0.0,281.4,181.19,100.21,2.38,4.6,5
ORD000669,2024-06-09,CUST01221,23,PROD00237,Home & Kitchen,South,Mobile App,Debit Card,Returned,1,48.08,0,48.08,0.0,48.08,31.87,16.21,10.08,5.0,5
ORD002062,2024-06-09,CUST00072,24,PROD00064,Grocery,Central,Mobile App,Credit Card,Delivered,2,39.62,20,79.24,15.85,63.39,42.65,20.74,3.28,3.2,4
ORD000663,2024-06-09,CUST00664,59,PROD00254,Sports,North,Mobile App,Cash on Delivery,Shipped,5,21.86,10,109.3,10.93,98.37,63.14,35.23,10.54,4.4,3
ORD004080,2024-06-09,CUST00216,32,PROD00609,Fashion,South,Marketplace,Bank Transfer,Returned,4,50.16,15,200.64,30.1,170.54,115.1,55.44,8.59,2.3,1
ORD001457,2024-06-09,CUST00616,27,PROD00395,Beauty,West,Website,Credit Card,Cancelled,4,17.84,20,71.36,14.27,57.09,41.77,15.32,13.28,4.6,5
ORD001327,2024-06-10,CUST00556,28,PROD00022,Grocery,East,Mobile App,Credit Card,Shipped,2,85.78,5,171.56,8.58,162.98,86.38,76.6,12.52,4.7,1
ORD004362,2024-06-10,CUST01265,46,PROD00506,Electronics,East,Marketplace,Cash on Delivery,Delivered,3,18.15,10,54.45,5.44,49.01,32.98,16.03,1.8,3.6,4
ORD002421,2024-06-10,CUST00491,70,PROD00344,Electronics,South,Marketplace,Cash on Delivery,Delivered,2,65.05,10,130.1,13.01,117.09,73.71,43.38,13.41,4.6,9
ORD004428,2024-06-11,CUST00489,30,PROD00545,Beauty,South,Mobile App,Credit Card,Delivered,3,19.46,5,58.38,2.92,55.46,31.91,23.55,17.74,4.7,2
ORD004550,2024-06-11,CUST00493,30,PROD00339,Grocery,North,Mobile App,Credit Card,Delivered,3,130.61,5,391.83,19.59,372.24,276.9,95.34,9.18,4.9,5
ORD003542,2024-06-11,CUST00319,39,PROD00353,Grocery,West,Website,Credit Card,Shipped,3,48.77,15,146.31,21.95,124.36,68.22,56.14,15.91,4.1,2
ORD004774,2024-06-11,CUST00529,36,PROD00378,Grocery,North,Website,Cash on Delivery,Cancelled,5,70.35,20,351.75,70.35,281.4,189.27,92.13,7.31,5.0,8
ORD004710,2024-06-11,CUST01123,46,PROD00220,Beauty,East,Mobile App,Cash on Delivery,Cancelled,4,53.11,5,212.44,10.62,201.82,110.16,91.66,7.05,3.6,10
ORD004049,2024-06-12,CUST00465,26,PROD00069,Beauty,South,Website,Bank Transfer,Delivered,1,20.64,0,20.64,0.0,20.64,12.58,8.06,2.01,4.3,4
ORD002186,2024-06-12,CUST00397,40,PROD00746,Grocery,West,Marketplace,Credit Card,Shipped,5,32.12,10,160.6,16.06,144.54,96.22,48.32,11.47,3.2,8
ORD003452,2024-06-12,CUST00324,64,PROD00063,Fashion,East,Website,Credit Card,Delivered,1,93.37,0,93.37,0.0,93.37,52.35,41.02,7.94,4.9,5
ORD003998,2024-06-13,CUST01241,42,PROD00305,Electronics,South,Website,PayPal,Delivered,3,56.98,0,170.94,0.0,170.94,130.82,40.12,12.86,4.0,8
ORD004977,2024-06-13,CUST00531,60,PROD00142,Sports,South,Marketplace,Debit Card,Shipped,3,16.37,10,49.11,4.91,44.2,24.77,19.43,8.12,3.8,4
ORD003779,2024-06-13,CUST00190,42,PROD00253,Electronics,North,Website,Bank Transfer,Cancelled,5,24.69,0,123.45,0.0,123.45,86.13,37.32,8.56,5.0,10
ORD001448,2024-06-13,CUST00820,37,PROD00779,Sports,East,Mobile App,Bank Transfer,Delivered,3,12.66,0,37.98,0.0,37.98,27.36,10.62,3.59,4.6,4
ORD001656,2024-06-14,CUST01128,65,PROD00167,Sports,East,Mobile App,PayPal,Cancelled,5,35.06,15,175.3,26.3,149.0,87.68,61.32,13.97,3.1,10
ORD004321,2024-06-14,CUST01252,69,PROD00083,Sports,South,Website,Bank Transfer,Delivered,1,28.53,20,28.53,5.71,22.82,12.39,10.43,13.28,3.6,1
ORD002209,2024-06-15,CUST00701,70,PROD00348,Beauty,North,Mobile App,Credit Card,Delivered,2,49.49,0,98.98,0.0,98.98,52.07,46.91,7.58,5.0,3
ORD000739,2024-06-15,CUST00797,25,PROD00226,Fashion,Central,Mobile App,Debit Card,Delivered,3,17.34,5,52.02,2.6,49.42,36.17,13.25,11.22,2.8,4
ORD003498,2024-06-15,CUST00247,38,PROD00762,Fashion,South,Website,Credit Card,Delivered,3,56.6,25,169.8,42.45,127.35,64.51,62.84,12.12,4.8,1
ORD001434,2024-06-15,CUST00893,44,PROD00580,Fashion,South,Website,Bank Transfer,Cancelled,4,92.56,15,370.24,55.54,314.7,176.49,138.21,8.08,3.5,3
ORD003683,2024-06-15,CUST00569,67,PROD00425,Grocery,South,Website,Credit Card,Delivered,2,20.34,10,40.68,4.07,36.61,28.02,8.59,6.08,3.6,1
ORD002792,2024-06-16,CUST00200,51,PROD00189,Home & Kitchen,West,Marketplace,Debit Card,Shipped,4,52.14,10,208.56,20.86,187.7,129.53,58.17,2.69,2.6,10
ORD002428,2024-06-16,CUST01044,31,PROD00606,Beauty,East,Mobile App,Credit Card,Delivered,5,37.64,15,188.2,28.23,159.97,101.57,58.4,9.51,5.0,10
ORD004743,2024-06-16,CUST00789,32,PROD00231,Sports,West,Mobile App,Bank Transfer,Delivered,3,21.58,5,64.74,3.24,61.5,43.09,18.41,10.68,4.1,7
ORD002339,2024-06-16,CUST00525,56,PROD00121,Grocery,West,Marketplace,Credit Card,Delivered,3,30.19,0,90.57,0.0,90.57,41.69,48.88,11.63,2.7,6
ORD000635,2024-06-17,CUST00591,59,PROD00695,Electronics,West,Website,Credit Card,Delivered,5,37.4,25,187.0,46.75,140.25,91.33,48.92,2.43,3.8,2
ORD004271,2024-06-17,CUST00217,58,PROD00011,Sports,East,Website,Bank Transfer,Shipped,2,56.8,25,113.6,28.4,85.2,60.46,24.74,11.67,3.9,6
ORD001993,2024-06-17,CUST00364,60,PROD00053,Home & Kitchen,East,Website,Debit Card,Returned,5,60.87,5,304.35,15.22,289.13,168.93,120.2,7.59,3.4,5
ORD003482,2024-06-17,CUST00134,56,PROD00607,Grocery,West,Mobile App,Cash on Delivery,Delivered,3,30.09,10,90.27,9.03,81.24,47.68,33.56,4.27,3.5,3
ORD003585,2024-06-17,CUST01042,46,PROD00131,Fashion,Central,Mobile App,Credit Card,Delivered,5,23.94,15,119.7,17.95,101.75,65.84,35.91,7.34,3.3,5
ORD001231,2024-06-18,CUST00690,35,PROD00800,Home & Kitchen,South,Mobile App,Cash on Delivery,Delivered,5,275.83,25,1379.15,344.79,1034.36,657.78,376.58,4.96,5.0,1
ORD002046,2024-06-19,CUST00202,34,PROD00416,Grocery,North,Mobile App,Credit Card,Cancelled,5,10.96,5,54.8,2.74,52.06,39.39,12.67,10.24,3.7,6
ORD002069,2024-06-19,CUST00365,46,PROD00092,Beauty,Central,Mobile App,Bank Transfer,Delivered,5,83.69,20,418.45,83.69,334.76,199.24,135.52,11.29,4.4,10
ORD003048,2024-06-19,CUST00117,18,PROD00348,Beauty,South,Website,Bank Transfer,Returned,5,20.56,25,102.8,25.7,77.1,51.72,25.38,8.79,3.9,9
ORD003076,2024-06-20,CUST00104,65,PROD00279,Electronics,South,Mobile App,Bank Transfer,Delivered,2,17.89,15,35.78,5.37,30.41,14.15,16.26,7.67,3.7,9
ORD000874,2024-06-20,CUST01131,25,PROD00314,Beauty,North,Mobile App,Cash on Delivery,Delivered,1,31.44,10,31.44,3.14,28.3,13.18,15.12,5.75,3.4,5
ORD003634,2024-06-20,CUST00820,28,PROD00225,Home & Kitchen,East,Website,Bank Transfer,Delivered,2,39.44,20,78.88,15.78,63.1,37.84,25.26,15.46,5.0,7
ORD000687,2024-06-20,CUST01449,46,PROD00793,Sports,North,Website,Credit Card,Shipped,2,72.24,5,144.48,7.22,137.26,103.13,34.13,6.1,2.5,2
ORD003953,2024-06-20,CUST00713,58,PROD00647,Fashion,West,Website,Cash on Delivery,Shipped,5,22.63,15,113.15,16.97,96.18,69.29,26.89,8.05,3.1,8
ORD001801,2024-06-20,CUST00818,51,PROD00628,Home & Kitchen,Central,Website,Bank Transfer,Cancelled,4,41.52,10,166.08,16.61,149.47,85.6,63.87,8.3,4.2,6
ORD004500,2024-06-21,CUST01431,68,PROD00204,Sports,North,Marketplace,PayPal,Cancelled,2,67.72,5,135.44,6.77,128.67,62.74,65.93,7.84,4.5,9
ORD004684,2024-06-21,CUST00119,41,PROD00137,Sports,West,Website,Cash on Delivery,Returned,3,84.68,0,254.04,0.0,254.04,125.96,128.08,17.26,3.0,3
ORD000274,2024-06-21,CUST01373,51,PROD00166,Fashion,West,Mobile App,Cash on Delivery,Delivered,3,28.15,30,84.45,25.33,59.12,40.7,18.42,7.15,5.0,10
ORD003648,2024-06-23,CUST00969,28,PROD00396,Home & Kitchen,North,Website,Cash on Delivery,Cancelled,1,15.38,25,15.38,3.84,11.54,6.3,5.24,16.45,4.3,10
ORD002819,2024-06-23,CUST00315,19,PROD00457,Electronics,North,Website,Credit Card,Delivered,1,57.22,5,57.22,2.86,54.36,34.7,19.66,5.39,4.1,2
ORD004711,2024-06-23,CUST01250,23,PROD00569,Grocery,North,Marketplace,Bank Transfer,Cancelled,3,27.79,0,83.37,0.0,83.37,50.65,32.72,6.05,3.5,6
ORD001928,2024-06-23,CUST00421,68,PROD00688,Fashion,West,Mobile App,Credit Card,Delivered,3,151.4,5,454.2,22.71,431.49,231.14,200.35,14.63,3.3,8
ORD002890,2024-06-23,CUST01218,67,PROD00174,Grocery,East,Website,PayPal,Returned,3,35.39,0,106.17,0.0,106.17,55.72,50.45,9.01,3.7,7
ORD002797,2024-06-23,CUST00979,56,PROD00135,Home & Kitchen,North,Mobile App,Cash on Delivery,Delivered,1,47.4,25,47.4,11.85,35.55,17.24,18.31,13.76,3.9,9
ORD002433,2024-06-23,CUST01385,39,PROD00243,Fashion,East,Website,Bank Transfer,Delivered,1,68.43,25,68.43,17.11,51.32,39.24,12.08,13.74,4.5,8
ORD000510,2024-06-23,CUST01091,42,PROD00036,Fashion,Central,Website,Bank Transfer,Delivered,5,25.03,15,125.15,18.77,106.38,56.3,50.08,15.33,3.7,8
ORD003455,2024-06-24,CUST00655,65,PROD00627,Sports,Central,Website,Bank Transfer,Delivered,2,59.0,10,118.0,11.8,106.2,55.49,50.71,5.3,4.2,5
ORD000122,2024-06-24,CUST01335,19,PROD00564,Grocery,North,Website,Credit Card,Delivered,1,25.95,25,25.95,6.49,19.46,9.21,10.25,7.54,4.2,1
ORD002841,2024-06-24,CUST01236,54,PROD00382,Fashion,West,Mobile App,Bank Transfer,Delivered,1,36.58,15,36.58,5.49,31.09,15.14,15.95,14.03,3.2,4
ORD001996,2024-06-24,CUST00267,37,PROD00351,Beauty,East,Website,Credit Card,Delivered,4,26.65,10,106.6,10.66,95.94,44.24,51.7,11.69,5.0,8
ORD003475,2024-06-25,CUST00434,44,PROD00376,Sports,West,Website,Cash on Delivery,Delivered,5,57.63,30,288.15,86.45,201.7,148.25,53.45,6.77,5.0,4
ORD002572,2024-06-25,CUST00308,63,PROD00751,Grocery,North,Mobile App,PayPal,Delivered,4,34.03,0,136.12,0.0,136.12,96.29,39.83,13.4,4.8,8
ORD004558,2024-06-25,CUST01102,48,PROD00590,Home & Kitchen,Central,Website,Bank Transfer,Delivered,4,20.01,15,80.04,12.01,68.03,40.07,27.96,14.91,3.4,4
ORD004790,2024-06-25,CUST00609,50,PROD00226,Beauty,North,Marketplace,Debit Card,Cancelled,1,63.06,0,63.06,0.0,63.06,39.96,23.1,9.08,3.1,1
ORD000602,2024-06-25,CUST00469,43,PROD00011,Fashion,Central,Mobile App,Cash on Delivery,Returned,5,15.1,5,75.5,3.78,71.72,48.55,23.17,7.49,3.6,6
ORD002078,2024-06-25,CUST00249,56,PROD00363,Home & Kitchen,Central,Website,Credit Card,Cancelled,4,57.07,25,228.28,57.07,171.21,101.77,69.44,6.61,2.9,9
ORD002686,2024-06-25,CUST00428,60,PROD00295,Electronics,North,Marketplace,Bank Transfer,Delivered,1,38.98,5,38.98,1.95,37.03,21.71,15.32,13.68,3.5,6
ORD000715,2024-06-26,CUST01253,19,PROD00183,Home & Kitchen,West,Website,Debit Card,Delivered,5,48.7,0,243.5,0.0,243.5,148.38,95.12,16.17,4.1,10
ORD001805,2024-06-26,CUST00896,35,PROD00288,Home & Kitchen,West,Website,Debit Card,Returned,1,56.57,5,56.57,2.83,53.74,40.74,13.0,15.06,4.7,8
ORD004034,2024-06-26,CUST01469,56,PROD00452,Beauty,East,Marketplace,Debit Card,Cancelled,4,102.85,15,411.4,61.71,349.69,242.44,107.25,4.27,3.1,5
ORD002735,2024-06-27,CUST00619,61,PROD00354,Sports,North,Website,Cash on Delivery,Cancelled,5,15.99,15,79.95,11.99,67.96,36.64,31.32,10.57,3.7,2
ORD003362,2024-06-27,CUST00485,34,PROD00659,Beauty,East,Mobile App,PayPal,Delivered,1,159.93,15,159.93,23.99,135.94,95.83,40.11,15.94,4.4,3
ORD002274,2024-06-27,CUST00898,36,PROD00731,Sports,Central,Mobile App,Debit Card,Returned,1,69.18,15,69.18,10.38,58.8,26.86,31.94,9.76,4.7,2
ORD002305,2024-06-29,CUST01374,48,PROD00602,Sports,North,Marketplace,Credit Card,Cancelled,1,40.93,10,40.93,4.09,36.84,25.88,10.96,17.31,4.8,5
ORD004935,2024-06-29,CUST00719,25,PROD00469,Home & Kitchen,Central,Website,Credit Card,Delivered,3,49.21,10,147.63,14.76,132.87,102.86,30.01,10.47,3.1,2
ORD000642,2024-06-29,CUST00075,51,PROD00244,Electronics,South,Marketplace,Cash on Delivery,Delivered,4,113.64,30,454.56,136.37,318.19,171.84,146.35,10.99,4.8,5
ORD002987,2024-06-29,CUST00876,51,PROD00387,Sports,Central,Website,Credit Card,Shipped,3,14.61,10,43.83,4.38,39.45,26.12,13.33,17.29,4.3,3
ORD000613,2024-06-29,CUST00093,30,PROD00055,Sports,East,Website,PayPal,Delivered,1,8.83,30,8.83,2.65,6.18,3.44,2.74,9.67,3.1,4
ORD001117,2024-06-29,CUST00315,33,PROD00342,Sports,South,Marketplace,Debit Card,Delivered,1,35.28,20,35.28,7.06,28.22,14.42,13.8,12.22,4.3,8
ORD001877,2024-06-29,CUST00165,34,PROD00658,Fashion,South,Website,PayPal,Returned,5,12.98,25,64.9,16.23,48.67,25.22,23.45,14.24,5.0,1
ORD004870,2024-06-29,CUST00871,66,PROD00488,Grocery,North,Website,Debit Card,Delivered,5,58.01,30,290.05,87.02,203.03,147.33,55.7,16.05,4.4,10
ORD002698,2024-06-30,CUST00499,61,PROD00023,Fashion,North,Website,Debit Card,Delivered,2,141.07,20,282.14,56.43,225.71,173.46,52.25,14.66,2.3,8
ORD002114,2024-06-30,CUST00239,34,PROD00586,Grocery,North,Website,PayPal,Delivered,1,24.73,15,24.73,3.71,21.02,14.19,6.83,5.64,2.6,7
ORD003375,2024-06-30,CUST01149,65,PROD00378,Sports,Central,Website,Bank Transfer,Cancelled,5,26.88,10,134.4,13.44,120.96,87.21,33.75,13.0,4.4,2
ORD000240,2024-06-30,CUST00701,30,PROD00284,Fashion,North,Website,Credit Card,Shipped,2,16.88,15,33.76,5.06,28.7,19.52,9.18,2.4,3.9,4
ORD004871,2024-07-01,CUST00759,36,PROD00404,Sports,South,Website,Cash on Delivery,Shipped,3,22.8,25,68.4,17.1,51.3,31.37,19.93,3.4,4.6,9
ORD000718,2024-07-01,CUST00218,58,PROD00623,Grocery,West,Mobile App,Bank Transfer,Delivered,3,19.3,5,57.9,2.9,55.0,41.61,13.39,4.18,5.0,3
ORD002133,2024-07-01,CUST00173,25,PROD00227,Sports,East,Marketplace,Bank Transfer,Delivered,5,32.89,15,164.45,24.67,139.78,84.78,55.0,12.71,3.8,6
ORD004823,2024-07-02,CUST00991,53,PROD00240,Home & Kitchen,West,Mobile App,Debit Card,Delivered,1,54.51,25,54.51,13.63,40.88,29.47,11.41,9.79,2.9,2
ORD004013,2024-07-02,CUST00859,20,PROD00062,Beauty,South,Website,Bank Transfer,Delivered,3,57.39,15,172.17,25.83,146.34,88.82,57.52,3.65,2.2,5
ORD003312,2024-07-02,CUST00683,58,PROD00328,Sports,East,Mobile App,PayPal,Delivered,4,117.22,15,468.88,70.33,398.55,203.96,194.59,3.6,3.5,1
ORD001415,2024-07-02,CUST00769,39,PROD00128,Electronics,Central,Website,PayPal,Delivered,2,34.34,25,68.68,17.17,51.51,30.75,20.76,15.07,5.0,4
ORD002352,2024-07-03,CUST01412,30,PROD00411,Electronics,South,Website,Credit Card,Shipped,3,31.95,10,95.85,9.59,86.26,39.1,47.16,3.11,3.4,6
ORD004942,2024-07-03,CUST00441,27,PROD00625,Electronics,East,Website,Bank Transfer,Returned,2,6.8,0,13.6,0.0,13.6,7.95,5.65,2.2,4.0,5
ORD000806,2024-07-03,CUST00216,70,PROD00596,Electronics,North,Mobile App,Credit Card,Delivered,4,22.26,25,89.04,22.26,66.78,40.0,26.78,8.55,3.9,5
ORD000832,2024-07-03,CUST01238,58,PROD00107,Sports,West,Website,Credit Card,Cancelled,4,11.38,20,45.52,9.1,36.42,27.62,8.8,16.23,5.0,8
ORD004756,2024-07-03,CUST00348,70,PROD00010,Beauty,South,Website,Cash on Delivery,Shipped,2,29.36,25,58.72,14.68,44.04,32.83,11.21,2.04,5.0,1
ORD004786,2024-07-04,CUST00614,66,PROD00010,Grocery,East,Marketplace,Debit Card,Shipped,5,13.12,10,65.6,6.56,59.04,31.55,27.49,10.98,3.2,10
ORD002343,2024-07-04,CUST00894,41,PROD00053,Electronics,South,Mobile App,Bank Transfer,Delivered,4,17.91,10,71.64,7.16,64.48,48.59,15.89,11.87,5.0,1
ORD000356,2024-07-04,CUST00748,63,PROD00204,Beauty,North,Website,Cash on Delivery,Returned,4,17.0,0,68.0,0.0,68.0,32.61,35.39,6.62,3.1,8
ORD000177,2024-07-04,CUST00005,53,PROD00203,Sports,South,Website,Credit Card,Delivered,1,101.89,0,101.89,0.0,101.89,63.09,38.8,15.7,3.7,3
ORD004038,2024-07-05,CUST00288,46,PROD00757,Electronics,Central,Mobile App,Credit Card,Delivered,3,9.72,20,29.16,5.83,23.33,17.63,5.7,2.58,2.9,1
ORD000987,2024-07-05,CUST01360,64,PROD00001,Grocery,Central,Marketplace,Credit Card,Cancelled,5,11.42,10,57.1,5.71,51.39,38.66,12.73,14.93,4.1,10
ORD003026,2024-07-05,CUST01360,29,PROD00502,Electronics,North,Mobile App,Credit Card,Cancelled,4,6.39,10,25.56,2.56,23.0,15.13,7.87,1.68,3.8,10
ORD001384,2024-07-06,CUST00700,47,PROD00644,Fashion,South,Website,Bank Transfer,Delivered,3,6.93,20,20.79,4.16,16.63,12.42,4.21,10.66,4.4,4
ORD001464,2024-07-06,CUST01223,34,PROD00559,Home & Kitchen,South,Website,PayPal,Delivered,4,43.87,0,175.48,0.0,175.48,108.76,66.72,8.11,3.4,4
ORD002471,2024-07-06,CUST01313,62,PROD00589,Electronics,Central,Mobile App,Debit Card,Returned,3,15.63,25,46.89,11.72,35.17,21.48,13.69,15.22,4.3,1
ORD003036,2024-07-06,CUST00781,32,PROD00398,Fashion,North,Mobile App,Credit Card,Shipped,3,85.32,10,255.96,25.6,230.36,166.64,63.72,2.93,3.5,2
ORD003217,2024-07-06,CUST00119,44,PROD00402,Grocery,South,Mobile App,Credit Card,Shipped,3,51.44,15,154.32,23.15,131.17,63.73,67.44,14.58,4.2,6
ORD001686,2024-07-07,CUST00292,70,PROD00356,Fashion,South,Website,Cash on Delivery,Returned,2,47.44,25,94.88,23.72,71.16,35.09,36.07,17.05,3.6,5
ORD000800,2024-07-07,CUST00394,23,PROD00114,Fashion,East,Mobile App,Cash on Delivery,Shipped,2,70.02,15,140.04,21.01,119.03,54.32,64.71,8.44,3.3,10
ORD004341,2024-07-07,CUST00267,28,PROD00578,Fashion,East,Mobile App,Cash on Delivery,Delivered,2,17.87,25,35.74,8.94,26.8,14.03,12.77,9.61,4.7,8
ORD001881,2024-07-07,CUST00104,37,PROD00345,Sports,East,Website,Cash on Delivery,Delivered,3,78.57,10,235.71,23.57,212.14,153.43,58.71,4.46,3.7,5
ORD002250,2024-07-07,CUST00337,57,PROD00680,Sports,South,Website,Debit Card,Shipped,5,127.09,0,635.45,0.0,635.45,416.18,219.27,2.74,4.0,1
ORD001883,2024-07-07,CUST00596,40,PROD00641,Sports,West,Mobile App,PayPal,Shipped,5,37.06,15,185.3,27.8,157.5,120.05,37.45,16.64,5.0,5
ORD002459,2024-07-08,CUST01337,32,PROD00203,Home & Kitchen,East,Website,Cash on Delivery,Shipped,1,32.25,5,32.25,1.61,30.64,19.47,11.17,10.47,4.4,8
ORD002861,2024-07-08,CUST00020,43,PROD00630,Electronics,East,Marketplace,Debit Card,Delivered,2,35.75,0,71.5,0.0,71.5,47.42,24.08,7.21,2.7,6
ORD004399,2024-07-09,CUST00468,40,PROD00066,Sports,North,Mobile App,Cash on Delivery,Cancelled,1,80.99,0,80.99,0.0,80.99,58.12,22.87,11.12,3.5,7
ORD004084,2024-07-09,CUST00936,24,PROD00131,Electronics,North,Mobile App,Bank Transfer,Delivered,2,42.23,5,84.46,4.22,80.24,50.86,29.38,15.67,3.8,4
ORD004632,2024-07-10,CUST00811,62,PROD00045,Fashion,East,Mobile App,Credit Card,Delivered,4,63.13,0,252.52,0.0,252.52,158.06,94.46,3.88,5.0,6
ORD000127,2024-07-10,CUST00149,35,PROD00566,Grocery,Central,Mobile App,PayPal,Delivered,5,56.18,5,280.9,14.04,266.86,190.09,76.77,3.21,4.1,2
ORD001220,2024-07-10,CUST00909,21,PROD00505,Home & Kitchen,East,Mobile App,Bank Transfer,Delivered,3,33.5,30,100.5,30.15,70.35,38.6,31.75,15.19,3.8,2
ORD002565,2024-07-10,CUST00725,24,PROD00265,Home & Kitchen,East,Website,Bank Transfer,Returned,5,50.06,20,250.3,50.06,200.24,91.21,109.03,3.87,3.3,1
ORD004688,2024-07-10,CUST00317,66,PROD00202,Fashion,Central,Website,Credit Card,Delivered,5,37.63,0,188.15,0.0,188.15,85.91,102.24,14.14,3.6,3
ORD003496,2024-07-10,CUST00019,59,PROD00178,Home & Kitchen,Central,Website,PayPal,Delivered,2,8.81,5,17.62,0.88,16.74,11.84,4.9,12.45,3.9,6
ORD001227,2024-07-10,CUST00412,57,PROD00737,Electronics,Central,Website,Cash on Delivery,Delivered,2,62.98,25,125.96,31.49,94.47,60.18,34.29,6.03,4.1,5
ORD002351,2024-07-11,CUST00986,21,PROD00199,Beauty,East,Website,Bank Transfer,Delivered,4,59.65,10,238.6,23.86,214.74,161.68,53.06,12.84,4.4,2
ORD002832,2024-07-11,CUST00802,50,PROD00577,Beauty,South,Website,Cash on Delivery,Delivered,4,18.11,25,72.44,18.11,54.33,26.75,27.58,16.33,3.0,7
ORD002633,2024-07-11,CUST00606,59,PROD00072,Home & Kitchen,West,Mobile App,Credit Card,Delivered,2,9.92,5,19.84,0.99,18.85,12.38,6.47,16.49,4.0,8
ORD003182,2024-07-12,CUST00460,19,PROD00482,Fashion,East,Website,Cash on Delivery,Returned,3,67.69,15,203.07,30.46,172.61,102.4,70.21,12.0,5.0,4
ORD002549,2024-07-12,CUST00295,38,PROD00540,Grocery,Central,Marketplace,Credit Card,Cancelled,1,32.07,0,32.07,0.0,32.07,20.63,11.44,16.33,4.7,6
ORD002420,2024-07-12,CUST01022,20,PROD00632,Fashion,West,Mobile App,PayPal,Delivered,5,49.77,15,248.85,37.33,211.52,138.86,72.66,1.92,4.4,3
ORD004928,2024-07-12,CUST01461,61,PROD00400,Grocery,North,Website,Debit Card,Delivered,3,56.83,10,170.49,17.05,153.44,74.72,78.72,6.58,4.5,2
ORD001638,2024-07-12,CUST00692,62,PROD00442,Fashion,East,Website,Debit Card,Delivered,5,54.44,15,272.2,40.83,231.37,104.15,127.22,6.94,2.8,1
ORD004551,2024-07-12,CUST01081,55,PROD00147,Grocery,South,Website,Cash on Delivery,Delivered,4,29.65,0,118.6,0.0,118.6,92.11,26.49,13.66,5.0,7
ORD002248,2024-07-12,CUST01102,51,PROD00171,Home & Kitchen,South,Marketplace,Debit Card,Delivered,2,22.37,30,44.74,13.42,31.32,19.68,11.64,6.02,3.1,7
ORD002907,2024-07-12,CUST01476,55,PROD00147,Home & Kitchen,North,Website,Cash on Delivery,Shipped,5,18.94,10,94.7,9.47,85.23,50.75,34.48,4.84,4.0,1
ORD000742,2024-07-12,CUST00220,34,PROD00323,Home & Kitchen,South,Marketplace,PayPal,Shipped,2,16.78,15,33.56,5.03,28.53,14.99,13.54,6.74,2.7,1
ORD004318,2024-07-12,CUST01486,65,PROD00672,Grocery,North,Website,Debit Card,Delivered,5,30.91,15,154.55,23.18,131.37,82.74,48.63,17.11,3.4,6
ORD000333,2024-07-13,CUST01119,52,PROD00103,Electronics,Central,Website,PayPal,Delivered,4,68.48,15,273.92,41.09,232.83,133.55,99.28,17.78,3.0,1
ORD003240,2024-07-13,CUST00632,68,PROD00267,Fashion,West,Mobile App,Bank Transfer,Shipped,4,52.85,15,211.4,31.71,179.69,124.26,55.43,17.29,3.1,4
ORD002541,2024-07-13,CUST00504,64,PROD00546,Home & Kitchen,West,Mobile App,Cash on Delivery,Shipped,5,16.71,0,83.55,0.0,83.55,53.45,30.1,8.41,5.0,1
ORD003480,2024-07-13,CUST00809,62,PROD00342,Electronics,Central,Website,Cash on Delivery,Cancelled,4,49.39,10,197.56,19.76,177.8,119.37,58.43,11.23,4.3,1
ORD003438,2024-07-13,CUST00179,44,PROD00676,Electronics,East,Mobile App,Cash on Delivery,Shipped,5,18.42,10,92.1,9.21,82.89,39.79,43.1,17.71,3.6,5
ORD003227,2024-07-13,CUST00152,35,PROD00331,Home & Kitchen,North,Website,Bank Transfer,Delivered,1,14.25,5,14.25,0.71,13.54,9.3,4.24,3.65,4.9,6
ORD002938,2024-07-13,CUST01362,60,PROD00185,Electronics,North,Mobile App,Cash on Delivery,Delivered,5,9.09,25,45.45,11.36,34.09,24.36,9.73,17.11,4.0,4
ORD003121,2024-07-14,CUST00930,40,PROD00024,Fashion,East,Marketplace,Bank Transfer,Delivered,3,31.46,10,94.38,9.44,84.94,64.9,20.04,11.43,3.7,7
ORD000903,2024-07-14,CUST00444,25,PROD00503,Sports,North,Mobile App,Debit Card,Cancelled,2,34.63,15,69.26,10.39,58.87,31.62,27.25,13.56,5.0,6
ORD001768,2024-07-14,CUST01162,43,PROD00663,Grocery,South,Website,Debit Card,Cancelled,3,53.77,15,161.31,24.2,137.11,97.75,39.36,5.49,4.7,4
ORD001699,2024-07-14,CUST01364,65,PROD00061,Beauty,North,Mobile App,PayPal,Delivered,5,23.83,5,119.15,5.96,113.19,71.71,41.48,11.43,3.6,8
ORD002204,2024-07-14,CUST00360,53,PROD00041,Beauty,Central,Website,Cash on Delivery,Shipped,4,8.84,15,35.36,5.3,30.06,19.46,10.6,2.24,3.3,7
ORD003514,2024-07-14,CUST01131,43,PROD00486,Electronics,East,Mobile App,PayPal,Delivered,3,45.13,20,135.39,27.08,108.31,51.16,57.15,15.16,4.6,2
ORD004923,2024-07-15,CUST01264,69,PROD00568,Fashion,East,Website,Cash on Delivery,Shipped,3,28.57,20,85.71,17.14,68.57,35.61,32.96,3.91,3.1,4
ORD003104,2024-07-16,CUST01114,26,PROD00354,Grocery,East,Website,Cash on Delivery,Delivered,4,28.52,0,114.08,0.0,114.08,77.7,36.38,7.39,4.5,9
ORD004691,2024-07-16,CUST01304,28,PROD00074,Beauty,South,Mobile App,Bank Transfer,Shipped,3,98.64,15,295.92,44.39,251.53,152.69,98.84,11.52,4.8,1
ORD001929,2024-07-16,CUST00812,39,PROD00573,Beauty,East,Mobile App,Debit Card,Cancelled,1,15.65,25,15.65,3.91,11.74,7.75,3.99,10.32,4.9,8
ORD002112,2024-07-16,CUST01396,35,PROD00478,Fashion,East,Mobile App,PayPal,Returned,3,24.96,20,74.88,14.98,59.9,27.77,32.13,7.15,5.0,1
ORD002512,2024-07-16,CUST00241,49,PROD00378,Fashion,East,Website,Cash on Delivery,Delivered,4,111.84,0,447.36,0.0,447.36,325.11,122.25,4.17,4.0,6
ORD000030,2024-07-16,CUST00186,49,PROD00310,Grocery,North,Website,Bank Transfer,Delivered,2,29.3,5,58.6,2.93,55.67,39.27,16.4,5.19,5.0,5
ORD000228,2024-07-16,CUST00843,39,PROD00426,Fashion,Central,Website,Credit Card,Delivered,5,150.7,10,753.5,75.35,678.15,431.33,246.82,15.13,5.0,4
ORD001158,2024-07-17,CUST00871,62,PROD00394,Beauty,North,Website,Cash on Delivery,Delivered,4,7.45,25,29.8,7.45,22.35,10.54,11.81,16.97,4.6,7
ORD000142,2024-07-17,CUST00190,70,PROD00344,Beauty,North,Website,Bank Transfer,Returned,1,14.49,10,14.49,1.45,13.04,8.71,4.33,5.14,3.4,9
ORD000116,2024-07-17,CUST00811,26,PROD00256,Fashion,East,Mobile App,Credit Card,Returned,3,30.91,15,92.73,13.91,78.82,61.3,17.52,4.25,4.8,9
ORD002905,2024-07-17,CUST00734,34,PROD00120,Home & Kitchen,West,Mobile App,Cash on Delivery,Delivered,4,47.3,20,189.2,37.84,151.36,97.74,53.62,3.5,4.8,10
ORD003738,2024-07-17,CUST00971,35,PROD00030,Sports,Central,Website,Credit Card,Returned,4,36.65,15,146.6,21.99,124.61,71.04,53.57,13.06,3.5,5
ORD003879,2024-07-18,CUST00638,20,PROD00253,Sports,Central,Website,PayPal,Returned,4,44.97,0,179.88,0.0,179.88,89.7,90.18,11.29,4.4,10
ORD002829,2024-07-18,CUST00606,62,PROD00143,Fashion,West,Marketplace,PayPal,Delivered,4,193.55,20,774.2,154.84,619.36,469.52,149.84,15.02,4.3,1
ORD000042,2024-07-18,CUST00419,23,PROD00292,Grocery,South,Mobile App,Cash on Delivery,Delivered,4,30.1,20,120.4,24.08,96.32,50.53,45.79,11.29,3.4,8
ORD004885,2024-07-19,CUST00070,37,PROD00248,Beauty,North,Website,Cash on Delivery,Delivered,2,30.42,15,60.84,9.13,51.71,34.01,17.7,2.24,3.7,3
ORD003063,2024-07-19,CUST00287,56,PROD00467,Sports,Central,Website,PayPal,Delivered,2,72.95,10,145.9,14.59,131.31,61.16,70.15,12.58,3.7,8
ORD000262,2024-07-19,CUST01495,46,PROD00674,Fashion,North,Mobile App,Debit Card,Delivered,2,13.88,5,27.76,1.39,26.37,13.89,12.48,12.92,4.1,10
ORD002035,2024-07-19,CUST00390,25,PROD00453,Electronics,South,Mobile App,Bank Transfer,Delivered,4,11.48,5,45.92,2.3,43.62,33.79,9.83,14.03,4.2,7
ORD000052,2024-07-19,CUST00123,30,PROD00320,Sports,West,Mobile App,Bank Transfer,Shipped,2,43.85,5,87.7,4.38,83.32,44.85,38.47,9.61,3.1,1
ORD004426,2024-07-19,CUST01239,68,PROD00113,Home & Kitchen,West,Marketplace,Credit Card,Delivered,5,33.93,5,169.65,8.48,161.17,123.85,37.32,13.02,4.7,6
ORD000863,2024-07-20,CUST00458,46,PROD00666,Home & Kitchen,South,Mobile App,Bank Transfer,Returned,3,33.33,10,99.99,10.0,89.99,68.44,21.55,10.27,4.1,1
ORD003363,2024-07-20,CUST01443,64,PROD00694,Grocery,South,Mobile App,Debit Card,Delivered,5,29.35,0,146.75,0.0,146.75,106.51,40.24,8.16,3.4,5
ORD002246,2024-07-20,CUST00989,51,PROD00781,Home & Kitchen,North,Mobile App,Credit Card,Returned,1,9.18,20,9.18,1.84,7.34,4.97,2.37,13.05,2.7,4
ORD003314,2024-07-21,CUST01295,31,PROD00521,Electronics,West,Website,Debit Card,Cancelled,1,48.7,5,48.7,2.44,46.26,23.63,22.63,7.41,5.0,5
ORD003749,2024-07-21,CUST00413,32,PROD00031,Fashion,North,Website,Bank Transfer,Returned,3,36.12,15,108.36,16.25,92.11,65.12,26.99,14.49,3.6,2
ORD004361,2024-07-22,CUST01210,28,PROD00148,Sports,West,Mobile App,Cash on Delivery,Delivered,2,30.76,0,61.52,0.0,61.52,32.42,29.1,15.55,4.7,4
ORD003171,2024-07-22,CUST01075,66,PROD00010,Electronics,West,Website,Debit Card,Shipped,3,36.14,30,108.42,32.53,75.89,47.32,28.57,7.9,3.9,3
ORD000436,2024-07-22,CUST01486,37,PROD00560,Fashion,South,Website,PayPal,Cancelled,3,65.6,25,196.8,49.2,147.6,94.88,52.72,6.49,4.4,6
ORD003196,2024-07-22,CUST00180,70,PROD00286,Sports,North,Marketplace,Cash on Delivery,Delivered,4,34.11,10,136.44,13.64,122.8,58.55,64.25,3.32,4.1,3
ORD004069,2024-07-23,CUST01229,19,PROD00502,Grocery,South,Mobile App,Debit Card,Returned,2,29.4,10,58.8,5.88,52.92,27.61,25.31,13.74,3.7,1
ORD003731,2024-07-23,CUST00405,58,PROD00314,Fashion,North,Marketplace,Credit Card,Returned,5,10.29,0,51.45,0.0,51.45,37.44,14.01,10.27,2.3,2
ORD001288,2024-07-23,CUST00641,53,PROD00386,Grocery,East,Mobile App,PayPal,Delivered,4,15.07,0,60.28,0.0,60.28,46.15,14.13,14.53,3.1,4
ORD000263,2024-07-23,CUST00156,44,PROD00608,Beauty,South,Website,Credit Card,Shipped,3,26.74,20,80.22,16.04,64.18,39.8,24.38,6.95,3.1,1
ORD000296,2024-07-23,CUST00251,26,PROD00103,Grocery,West,Website,Credit Card,Delivered,2,14.59,25,29.18,7.3,21.88,11.78,10.1,9.09,4.3,8
ORD001306,2024-07-23,CUST00277,70,PROD00067,Grocery,South,Website,Credit Card,Delivered,2,32.59,10,65.18,6.52,58.66,43.23,15.43,4.68,3.6,3
ORD003526,2024-07-24,CUST00692,62,PROD00059,Electronics,Central,Marketplace,PayPal,Delivered,4,81.07,10,324.28,32.43,291.85,188.08,103.77,17.07,3.0,4
ORD002201,2024-07-24,CUST01106,62,PROD00179,Beauty,South,Website,Cash on Delivery,Delivered,5,21.79,20,108.95,21.79,87.16,40.54,46.62,9.06,3.4,1
ORD004076,2024-07-24,CUST00333,58,PROD00091,Home & Kitchen,East,Website,Credit Card,Returned,1,42.39,5,42.39,2.12,40.27,21.39,18.88,17.19,4.2,9
ORD001216,2024-07-24,CUST00280,26,PROD00762,Sports,South,Mobile App,Debit Card,Delivered,2,14.5,25,29.0,7.25,21.75,16.15,5.6,7.43,3.7,4
ORD003661,2024-07-24,CUST00208,56,PROD00606,Sports,West,Website,Cash on Delivery,Shipped,5,12.08,25,60.4,15.1,45.3,32.79,12.51,1.66,3.5,9
ORD001892,2024-07-25,CUST00394,29,PROD00330,Fashion,North,Mobile App,Cash on Delivery,Returned,3,43.74,25,131.22,32.8,98.42,48.3,50.12,7.5,2.7,10
ORD004131,2024-07-25,CUST01341,23,PROD00658,Sports,North,Website,Cash on Delivery,Delivered,3,3.51,25,10.53,2.63,7.9,4.12,3.78,8.48,3.7,9
ORD001253,2024-07-25,CUST00441,27,PROD00252,Fashion,Central,Mobile App,PayPal,Delivered,5,33.24,25,166.2,41.55,124.65,62.63,62.02,10.95,2.3,2
ORD004827,2024-07-25,CUST00960,32,PROD00313,Sports,Central,Mobile App,Cash on Delivery,Delivered,4,42.85,10,171.4,17.14,154.26,71.76,82.5,3.25,4.9,9
ORD004009,2024-07-26,CUST01236,24,PROD00633,Fashion,South,Marketplace,PayPal,Returned,1,37.32,5,37.32,1.87,35.45,25.76,9.69,16.53,4.1,4
ORD002442,2024-07-26,CUST00375,61,PROD00307,Electronics,South,Website,Debit Card,Returned,5,23.11,5,115.55,5.78,109.77,79.12,30.65,9.78,3.5,1
ORD003607,2024-07-26,CUST00503,21,PROD00534,Grocery,East,Marketplace,Cash on Delivery,Delivered,4,14.21,10,56.84,5.68,51.16,33.11,18.05,11.95,4.7,9
ORD003640,2024-07-26,CUST01423,34,PROD00373,Grocery,North,Website,Debit Card,Cancelled,3,13.11,5,39.33,1.97,37.36,17.27,20.09,13.11,2.6,6
ORD002180,2024-07-26,CUST00475,53,PROD00221,Fashion,East,Website,Cash on Delivery,Delivered,1,76.97,20,76.97,15.39,61.58,42.24,19.34,2.03,3.0,2
ORD003507,2024-07-27,CUST00108,45,PROD00351,Fashion,West,Marketplace,Debit Card,Shipped,5,33.79,15,168.95,25.34,143.61,83.66,59.95,8.56,5.0,9
ORD002525,2024-07-27,CUST00563,47,PROD00475,Fashion,West,Mobile App,Credit Card,Delivered,4,11.89,0,47.56,0.0,47.56,26.13,21.43,2.18,3.9,10
ORD000729,2024-07-27,CUST00409,65,PROD00246,Electronics,East,Mobile App,Cash on Delivery,Delivered,1,45.52,25,45.52,11.38,34.14,25.83,8.31,14.3,5.0,5
ORD000776,2024-07-27,CUST01128,61,PROD00449,Grocery,East,Website,Bank Transfer,Delivered,1,23.48,15,23.48,3.52,19.96,9.56,10.4,14.63,3.9,9
ORD004223,2024-07-28,CUST00992,50,PROD00506,Electronics,Central,Mobile App,Credit Card,Delivered,5,46.97,0,234.85,0.0,234.85,130.58,104.27,5.13,3.9,3
ORD004087,2024-07-28,CUST00622,59,PROD00092,Home & Kitchen,West,Marketplace,PayPal,Delivered,2,43.13,0,86.26,0.0,86.26,44.03,42.23,5.86,5.0,9
ORD001552,2024-07-28,CUST00494,57,PROD00043,Electronics,East,Website,PayPal,Cancelled,4,12.45,5,49.8,2.49,47.31,30.38,16.93,12.44,3.1,9
ORD000293,2024-07-28,CUST00722,62,PROD00005,Grocery,East,Website,Credit Card,Returned,2,129.48,5,258.96,12.95,246.01,164.56,81.45,16.48,3.2,2
ORD003584,2024-07-28,CUST00842,44,PROD00551,Home & Kitchen,East,Mobile App,PayPal,Returned,2,43.79,5,87.58,4.38,83.2,54.55,28.65,6.23,4.3,5
ORD004905,2024-07-28,CUST00592,32,PROD00764,Grocery,North,Marketplace,Credit Card,Cancelled,2,14.72,15,29.44,4.42,25.02,16.33,8.69,6.55,4.2,1
ORD002278,2024-07-28,CUST00455,30,PROD00541,Fashion,North,Website,Bank Transfer,Shipped,5,5.59,5,27.95,1.4,26.55,13.32,13.23,15.28,5.0,3
ORD000872,2024-07-28,CUST01407,48,PROD00484,Sports,South,Marketplace,Bank Transfer,Delivered,5,38.78,15,193.9,29.08,164.82,98.67,66.15,2.94,5.0,3
ORD000787,2024-07-28,CUST00301,56,PROD00212,Sports,Central,Marketplace,Cash on Delivery,Delivered,4,47.59,10,190.36,19.04,171.32,105.57,65.75,4.63,4.8,4
ORD001490,2024-07-29,CUST00492,37,PROD00717,Electronics,South,Website,Debit Card,Delivered,3,31.63,0,94.89,0.0,94.89,48.9,45.99,4.51,3.8,1
ORD004519,2024-07-29,CUST01461,57,PROD00668,Electronics,East,Website,Bank Transfer,Cancelled,2,12.06,15,24.12,3.62,20.5,13.23,7.27,3.74,3.4,5
ORD002556,2024-07-29,CUST01494,53,PROD00155,Fashion,Central,Mobile App,PayPal,Returned,4,31.82,20,127.28,25.46,101.82,46.26,55.56,10.39,3.7,4
ORD002766,2024-07-30,CUST00616,57,PROD00721,Sports,South,Website,Credit Card,Delivered,3,42.08,10,126.24,12.62,113.62,62.7,50.92,11.31,4.7,6
ORD001137,2024-07-30,CUST01339,40,PROD00103,Sports,West,Mobile App,Bank Transfer,Returned,3,41.52,10,124.56,12.46,112.1,65.79,46.31,9.88,4.4,9
ORD001778,2024-07-31,CUST01292,63,PROD00060,Beauty,South,Marketplace,Debit Card,Delivered,3,19.15,20,57.45,11.49,45.96,22.57,23.39,9.39,3.0,9
ORD000586,2024-07-31,CUST00817,70,PROD00080,Sports,East,Website,Credit Card,Shipped,4,45.16,15,180.64,27.1,153.54,113.47,40.07,7.85,3.3,10
ORD004358,2024-07-31,CUST00041,31,PROD00624,Grocery,Central,Website,PayPal,Delivered,1,40.95,30,40.95,12.28,28.67,17.67,11.0,6.76,4.4,2
ORD000125,2024-07-31,CUST01214,48,PROD00460,Beauty,South,Mobile App,Debit Card,Returned,3,37.33,20,111.99,22.4,89.59,55.89,33.7,8.09,3.9,5
ORD001441,2024-07-31,CUST01455,59,PROD00115,Electronics,East,Marketplace,Credit Card,Shipped,4,14.72,0,58.88,0.0,58.88,40.84,18.04,17.67,3.6,9
ORD002436,2024-08-01,CUST00356,23,PROD00359,Home & Kitchen,South,Website,PayPal,Cancelled,5,38.77,0,193.85,0.0,193.85,140.39,53.46,11.52,3.7,7
ORD002688,2024-08-01,CUST00866,61,PROD00132,Sports,North,Website,Debit Card,Cancelled,4,12.57,10,50.28,5.03,45.25,22.1,23.15,6.66,4.0,3
ORD000941,2024-08-01,CUST00413,48,PROD00535,Home & Kitchen,East,Website,Cash on Delivery,Delivered,4,90.94,5,363.76,18.19,345.57,181.93,163.64,9.77,3.3,2
ORD000798,2024-08-01,CUST01481,47,PROD00216,Fashion,West,Mobile App,Bank Transfer,Delivered,3,23.65,15,70.95,10.64,60.31,41.06,19.25,8.98,3.8,1
ORD004291,2024-08-02,CUST01042,47,PROD00761,Fashion,East,Mobile App,Cash on Delivery,Returned,2,67.25,10,134.5,13.45,121.05,84.08,36.97,2.95,2.9,4
ORD004591,2024-08-02,CUST01125,55,PROD00041,Electronics,North,Website,Bank Transfer,Delivered,5,55.08,10,275.4,27.54,247.86,125.59,122.27,12.2,3.5,7
ORD002937,2024-08-02,CUST00102,39,PROD00517,Home & Kitchen,East,Website,Credit Card,Returned,4,58.43,15,233.72,35.06,198.66,130.47,68.19,4.39,5.0,3
ORD001183,2024-08-02,CUST00971,18,PROD00608,Grocery,East,Website,Bank Transfer,Delivered,1,48.74,5,48.74,2.44,46.3,33.66,12.64,1.63,3.7,9
ORD001909,2024-08-03,CUST00466,69,PROD00536,Home & Kitchen,West,Mobile App,Debit Card,Returned,5,84.02,10,420.1,42.01,378.09,188.09,190.0,5.69,3.1,3
ORD000337,2024-08-03,CUST01428,44,PROD00655,Fashion,West,Mobile App,Cash on Delivery,Delivered,5,70.58,10,352.9,35.29,317.61,243.69,73.92,7.75,3.7,6
ORD003056,2024-08-03,CUST00909,48,PROD00004,Fashion,North,Website,Cash on Delivery,Delivered,4,90.9,5,363.6,18.18,345.42,193.09,152.33,2.63,3.3,10
ORD002116,2024-08-03,CUST00648,66,PROD00544,Home & Kitchen,West,Mobile App,PayPal,Cancelled,2,39.22,10,78.44,7.84,70.6,52.4,18.2,9.76,4.3,5
ORD001663,2024-08-03,CUST01396,19,PROD00224,Home & Kitchen,Central,Website,Bank Transfer,Shipped,1,40.18,15,40.18,6.03,34.15,21.37,12.78,16.84,3.6,4
ORD002641,2024-08-04,CUST00581,36,PROD00040,Sports,North,Mobile App,Cash on Delivery,Shipped,4,64.79,15,259.16,38.87,220.29,123.08,97.21,2.79,4.1,9
ORD002145,2024-08-04,CUST00885,46,PROD00548,Home & Kitchen,Central,Mobile App,Debit Card,Shipped,1,143.89,20,143.89,28.78,115.11,67.95,47.16,9.19,4.2,1
ORD003118,2024-08-04,CUST01023,45,PROD00649,Electronics,North,Mobile App,Credit Card,Delivered,1,23.16,20,23.16,4.63,18.53,10.38,8.15,15.63,4.8,4
ORD004571,2024-08-04,CUST01227,18,PROD00730,Beauty,East,Marketplace,PayPal,Delivered,3,11.84,0,35.52,0.0,35.52,23.85,11.67,6.37,3.8,10
ORD004276,2024-08-04,CUST00889,60,PROD00313,Home & Kitchen,North,Marketplace,Debit Card,Delivered,2,33.86,20,67.72,13.54,54.18,24.91,29.27,3.98,4.8,10
ORD002060,2024-08-05,CUST00064,66,PROD00322,Beauty,South,Mobile App,Bank Transfer,Cancelled,4,103.31,25,413.24,103.31,309.93,176.9,133.03,8.72,3.7,1
ORD003527,2024-08-05,CUST00728,62,PROD00206,Home & Kitchen,Central,Mobile App,Credit Card,Delivered,2,40.64,15,81.28,12.19,69.09,36.41,32.68,17.08,4.7,7
ORD004120,2024-08-05,CUST01471,37,PROD00077,Fashion,Central,Website,Bank Transfer,Delivered,4,41.11,10,164.44,16.44,148.0,69.49,78.51,15.81,5.0,7
ORD002482,2024-08-06,CUST01147,20,PROD00107,Electronics,Central,Mobile App,Bank Transfer,Delivered,4,38.03,0,152.12,0.0,152.12,90.19,61.93,10.45,3.8,9
ORD001339,2024-08-06,CUST01342,70,PROD00266,Grocery,South,Marketplace,Credit Card,Delivered,1,21.03,10,21.03,2.1,18.93,13.2,5.73,6.74,5.0,7
ORD003741,2024-08-06,CUST00900,64,PROD00598,Electronics,West,Mobile App,Cash on Delivery,Delivered,2,85.12,10,170.24,17.02,153.22,74.53,78.69,4.66,3.5,1
ORD001649,2024-08-06,CUST00216,33,PROD00500,Electronics,East,Mobile App,Bank Transfer,Shipped,3,39.41,15,118.23,17.73,100.5,73.13,27.37,1.82,5.0,7
ORD004017,2024-08-07,CUST00975,31,PROD00682,Sports,South,Mobile App,PayPal,Cancelled,3,8.8,15,26.4,3.96,22.44,12.85,9.59,6.63,4.2,9
ORD001555,2024-08-07,CUST00790,59,PROD00490,Home & Kitchen,East,Website,Cash on Delivery,Cancelled,2,54.74,5,109.48,5.47,104.01,48.23,55.78,5.65,3.3,8
ORD001146,2024-08-07,CUST00749,25,PROD00648,Beauty,Central,Website,Credit Card,Returned,1,57.62,30,57.62,17.29,40.33,30.57,9.76,6.08,3.7,8
ORD003209,2024-08-08,CUST00329,30,PROD00618,Beauty,Central,Website,Debit Card,Shipped,1,47.08,0,47.08,0.0,47.08,33.65,13.43,17.05,4.6,5
ORD001251,2024-08-08,CUST01419,49,PROD00781,Home & Kitchen,North,Website,PayPal,Delivered,1,6.97,20,6.97,1.39,5.58,3.22,2.36,12.83,4.7,2
ORD002040,2024-08-09,CUST01199,31,PROD00165,Sports,West,Mobile App,Cash on Delivery,Cancelled,1,110.11,0,110.11,0.0,110.11,84.23,25.88,13.3,2.3,6
ORD000202,2024-08-09,CUST00670,60,PROD00326,Grocery,West,Mobile App,Credit Card,Delivered,3,44.07,5,132.21,6.61,125.6,76.19,49.41,7.5,2.6,6
ORD002299,2024-08-10,CUST00771,48,PROD00263,Fashion,East,Website,PayPal,Returned,4,61.66,15,246.64,37.0,209.64,125.08,84.56,15.69,3.5,6
ORD001355,2024-08-10,CUST00264,38,PROD00102,Sports,North,Mobile App,Debit Card,Delivered,4,26.46,10,105.84,10.58,95.26,52.21,43.05,4.42,3.9,3
ORD004679,2024-08-10,CUST00697,33,PROD00432,Home & Kitchen,North,Mobile App,Credit Card,Returned,1,26.74,15,26.74,4.01,22.73,10.9,11.83,9.26,3.9,7
ORD001005,2024-08-10,CUST01330,20,PROD00704,Fashion,North,Mobile App,Debit Card,Delivered,2,158.94,25,317.88,79.47,238.41,111.66,126.75,15.36,3.3,1
ORD003019,2024-08-10,CUST00081,30,PROD00009,Home & Kitchen,East,Website,Debit Card,Delivered,1,67.05,15,67.05,10.06,56.99,28.43,28.56,17.45,5.0,10
ORD001541,2024-08-10,CUST00255,66,PROD00618,Sports,South,Website,Credit Card,Shipped,3,34.3,0,102.9,0.0,102.9,74.26,28.64,6.17,3.4,7
ORD002199,2024-08-10,CUST00094,46,PROD00300,Fashion,East,Marketplace,PayPal,Cancelled,4,68.23,10,272.92,27.29,245.63,170.77,74.86,14.19,5.0,2
ORD004351,2024-08-10,CUST01472,42,PROD00725,Grocery,West,Website,Credit Card,Returned,4,119.18,10,476.72,47.67,429.05,329.97,99.08,12.49,4.5,2
ORD000766,2024-08-10,CUST00515,67,PROD00633,Sports,South,Website,Bank Transfer,Cancelled,3,74.42,10,223.26,22.33,200.93,117.63,83.3,15.4,3.7,4
ORD000447,2024-08-10,CUST01157,37,PROD00636,Electronics,East,Website,PayPal,Delivered,5,55.8,25,279.0,69.75,209.25,111.16,98.09,12.34,4.2,4
ORD001556,2024-08-11,CUST00336,45,PROD00566,Grocery,South,Website,PayPal,Returned,5,24.29,0,121.45,0.0,121.45,60.87,60.58,17.45,4.5,8
ORD001237,2024-08-11,CUST00825,23,PROD00372,Home & Kitchen,Central,Mobile App,Cash on Delivery,Delivered,5,16.16,10,80.8,8.08,72.72,56.54,16.18,14.51,5.0,9
ORD004287,2024-08-11,CUST00379,70,PROD00720,Grocery,North,Mobile App,Debit Card,Delivered,2,60.56,5,121.12,6.06,115.06,59.02,56.04,11.87,3.7,7
ORD003296,2024-08-11,CUST01051,58,PROD00636,Home & Kitchen,Central,Mobile App,Bank Transfer,Delivered,5,35.79,10,178.95,17.9,161.05,120.63,40.42,7.47,3.9,10
ORD004623,2024-08-11,CUST01192,22,PROD00161,Home & Kitchen,Central,Mobile App,Credit Card,Shipped,1,15.2,5,15.2,0.76,14.44,7.75,6.69,14.29,3.2,1
ORD001625,2024-08-11,CUST00564,40,PROD00120,Fashion,South,Mobile App,Credit Card,Returned,4,54.5,5,218.0,10.9,207.1,101.21,105.89,4.09,4.1,1
ORD001367,2024-08-11,CUST00037,23,PROD00619,Home & Kitchen,South,Website,Credit Card,Shipped,3,59.1,25,177.3,44.32,132.98,67.53,65.45,9.05,5.0,3
ORD000918,2024-08-12,CUST00563,44,PROD00593,Sports,East,Mobile App,Credit Card,Delivered,5,35.18,0,175.9,0.0,175.9,97.13,78.77,13.8,4.7,1
ORD004055,2024-08-12,CUST00883,42,PROD00345,Sports,West,Mobile App,Bank Transfer,Delivered,3,27.75,15,83.25,12.49,70.76,47.07,23.69,10.82,4.4,5
ORD001675,2024-08-12,CUST01209,28,PROD00377,Electronics,North,Website,Cash on Delivery,Shipped,5,39.24,0,196.2,0.0,196.2,144.67,51.53,12.26,3.8,3
ORD001317,2024-08-13,CUST00593,20,PROD00674,Fashion,West,Mobile App,Debit Card,Shipped,4,17.49,10,69.96,7.0,62.96,37.51,25.45,4.55,3.2,10
ORD004220,2024-08-13,CUST01048,54,PROD00136,Grocery,South,Mobile App,Credit Card,Shipped,4,32.04,15,128.16,19.22,108.94,69.97,38.97,2.54,4.6,2
ORD001358,2024-08-14,CUST00703,20,PROD00303,Beauty,West,Mobile App,Debit Card,Delivered,1,90.94,25,90.94,22.74,68.2,48.05,20.15,10.03,4.0,7
ORD001483,2024-08-14,CUST01079,57,PROD00368,Sports,Central,Marketplace,Cash on Delivery,Delivered,4,75.79,25,303.16,75.79,227.37,147.61,79.76,12.94,4.0,3
ORD004705,2024-08-14,CUST00994,57,PROD00151,Electronics,West,Marketplace,Bank Transfer,Cancelled,2,24.0,20,48.0,9.6,38.4,24.35,14.05,3.53,4.2,7
ORD000978,2024-08-15,CUST00936,63,PROD00584,Home & Kitchen,South,Website,Credit Card,Delivered,5,20.66,25,103.3,25.82,77.48,35.38,42.1,13.22,2.8,2
ORD002965,2024-08-15,CUST01133,34,PROD00795,Home & Kitchen,East,Mobile App,PayPal,Cancelled,1,28.58,15,28.58,4.29,24.29,15.9,8.39,3.12,2.5,8
ORD003553,2024-08-15,CUST01314,64,PROD00388,Fashion,Central,Marketplace,Cash on Delivery,Delivered,1,41.7,0,41.7,0.0,41.7,21.2,20.5,5.27,3.8,2
ORD004963,2024-08-15,CUST00292,70,PROD00622,Beauty,East,Mobile App,PayPal,Returned,3,38.55,10,115.65,11.56,104.09,47.78,56.31,14.79,2.7,3
ORD001203,2024-08-15,CUST00947,48,PROD00341,Home & Kitchen,South,Marketplace,Bank Transfer,Returned,3,24.86,5,74.58,3.73,70.85,51.36,19.49,13.45,4.5,7
ORD000080,2024-08-15,CUST00685,59,PROD00374,Electronics,West,Mobile App,Cash on Delivery,Returned,2,51.1,15,102.2,15.33,86.87,41.38,45.49,10.6,3.7,4
ORD002179,2024-08-15,CUST00429,52,PROD00722,Home & Kitchen,South,Website,Bank Transfer,Cancelled,4,17.4,5,69.6,3.48,66.12,43.18,22.94,15.93,5.0,7
ORD002499,2024-08-16,CUST01496,57,PROD00327,Beauty,Central,Website,Cash on Delivery,Delivered,2,21.82,10,43.64,4.36,39.28,28.07,11.21,10.58,3.3,3
ORD001090,2024-08-16,CUST00697,68,PROD00774,Electronics,South,Mobile App,Debit Card,Cancelled,5,10.72,10,53.6,5.36,48.24,25.67,22.57,13.19,4.6,3
ORD002071,2024-08-16,CUST00416,34,PROD00190,Fashion,East,Website,Cash on Delivery,Returned,2,30.54,0,61.08,0.0,61.08,33.91,27.17,9.14,3.5,9
ORD001879,2024-08-16,CUST00658,29,PROD00224,Sports,West,Website,PayPal,Returned,2,53.15,15,106.3,15.94,90.36,40.93,49.43,7.7,3.5,5
ORD004843,2024-08-16,CUST00801,51,PROD00035,Home & Kitchen,West,Website,PayPal,Delivered,5,48.21,5,241.05,12.05,229.0,178.36,50.64,11.0,5.0,3
ORD001771,2024-08-16,CUST00619,19,PROD00545,Home & Kitchen,West,Website,PayPal,Delivered,1,11.26,25,11.26,2.82,8.44,5.17,3.27,7.17,3.6,3
ORD003235,2024-08-17,CUST00589,37,PROD00157,Fashion,East,Mobile App,Credit Card,Shipped,2,13.77,0,27.54,0.0,27.54,14.04,13.5,4.6,4.5,2
ORD000699,2024-08-17,CUST00723,42,PROD00561,Grocery,East,Mobile App,Credit Card,Delivered,4,45.66,20,182.64,36.53,146.11,109.07,37.04,15.35,3.7,7
ORD004866,2024-08-17,CUST01282,46,PROD00289,Sports,West,Website,Bank Transfer,Delivered,1,30.54,0,30.54,0.0,30.54,17.56,12.98,10.6,4.0,8
ORD003162,2024-08-17,CUST01048,60,PROD00300,Home & Kitchen,South,Website,Cash on Delivery,Returned,5,73.42,25,367.1,91.78,275.32,208.29,67.03,3.01,4.6,7
ORD000415,2024-08-18,CUST01218,27,PROD00203,Fashion,North,Website,Credit Card,Delivered,3,40.1,10,120.3,12.03,108.27,70.98,37.29,3.5,4.7,3
ORD003221,2024-08-18,CUST00049,70,PROD00154,Grocery,North,Website,Bank Transfer,Shipped,4,19.31,15,77.24,11.59,65.65,49.61,16.04,4.42,3.9,3
ORD002358,2024-08-18,CUST00653,27,PROD00596,Electronics,Central,Website,PayPal,Cancelled,2,87.32,15,174.64,26.2,148.44,76.86,71.58,1.75,3.8,5
ORD002147,2024-08-18,CUST01472,41,PROD00063,Sports,South,Mobile App,Debit Card,Delivered,5,21.02,30,105.1,31.53,73.57,47.78,25.79,12.56,3.6,4
ORD004961,2024-08-19,CUST01183,23,PROD00107,Home & Kitchen,South,Mobile App,Credit Card,Returned,5,31.77,10,158.85,15.88,142.97,85.13,57.84,17.94,3.8,1
ORD004949,2024-08-19,CUST00292,52,PROD00694,Home & Kitchen,West,Website,Debit Card,Delivered,3,50.2,15,150.6,22.59,128.01,58.38,69.63,15.86,4.3,2
ORD003394,2024-08-19,CUST00199,43,PROD00101,Electronics,North,Website,Credit Card,Cancelled,5,124.62,20,623.1,124.62,498.48,384.74,113.74,16.65,5.0,1
ORD004630,2024-08-19,CUST01285,27,PROD00559,Fashion,West,Website,Debit Card,Shipped,3,4.44,5,13.32,0.67,12.65,6.11,6.54,7.76,3.2,6
ORD002922,2024-08-20,CUST00294,45,PROD00150,Grocery,South,Mobile App,Bank Transfer,Returned,3,25.51,25,76.53,19.13,57.4,33.35,24.05,15.63,4.6,5
ORD001849,2024-08-20,CUST01416,27,PROD00123,Beauty,West,Marketplace,Bank Transfer,Cancelled,4,5.36,15,21.44,3.22,18.22,10.48,7.74,15.23,3.8,8
ORD002031,2024-08-20,CUST01055,27,PROD00092,Home & Kitchen,South,Website,Cash on Delivery,Delivered,4,25.54,20,102.16,20.43,81.73,60.6,21.13,9.62,3.5,5
ORD001990,2024-08-20,CUST01413,44,PROD00372,Home & Kitchen,North,Marketplace,Credit Card,Returned,5,35.27,5,176.35,8.82,167.53,129.08,38.45,15.01,3.5,8
ORD003623,2024-08-20,CUST00814,48,PROD00277,Grocery,North,Marketplace,Debit Card,Shipped,4,100.94,30,403.76,121.13,282.63,211.73,70.9,8.47,4.4,2
ORD000812,2024-08-20,CUST00016,65,PROD00513,Sports,East,Website,Credit Card,Delivered,1,37.81,20,37.81,7.56,30.25,16.76,13.49,15.61,3.9,1
ORD002176,2024-08-20,CUST00355,18,PROD00479,Grocery,South,Mobile App,Bank Transfer,Delivered,3,16.19,0,48.57,0.0,48.57,30.63,17.94,14.75,4.5,8
ORD004573,2024-08-20,CUST00955,44,PROD00309,Grocery,East,Website,Cash on Delivery,Delivered,3,11.05,30,33.15,9.95,23.2,13.54,9.66,8.47,4.0,4
ORD004569,2024-08-21,CUST00294,19,PROD00036,Beauty,North,Mobile App,Cash on Delivery,Cancelled,4,26.51,20,106.04,21.21,84.83,49.53,35.3,13.32,4.0,10
ORD004165,2024-08-21,CUST00307,35,PROD00147,Grocery,South,Marketplace,PayPal,Delivered,2,27.9,25,55.8,13.95,41.85,25.76,16.09,15.09,4.1,3
ORD004484,2024-08-22,CUST00760,24,PROD00320,Sports,Central,Mobile App,Bank Transfer,Returned,4,68.76,30,275.04,82.51,192.53,110.85,81.68,1.59,4.1,1
ORD004794,2024-08-22,CUST00258,54,PROD00615,Sports,Central,Mobile App,Debit Card,Shipped,5,25.86,0,129.3,0.0,129.3,63.04,66.26,17.71,4.9,9
ORD002989,2024-08-23,CUST00341,56,PROD00608,Sports,North,Website,Debit Card,Delivered,2,63.34,30,126.68,38.0,88.68,51.28,37.4,9.95,4.3,9
ORD000778,2024-08-23,CUST01459,38,PROD00673,Beauty,East,Website,Cash on Delivery,Delivered,3,26.94,10,80.82,8.08,72.74,53.36,19.38,9.9,4.8,9
ORD000037,2024-08-23,CUST00992,46,PROD00126,Grocery,West,Website,PayPal,Shipped,2,102.29,25,204.58,51.14,153.44,74.19,79.25,11.2,4.0,10
ORD002233,2024-08-23,CUST00895,29,PROD00587,Beauty,North,Mobile App,Bank Transfer,Returned,1,61.94,20,61.94,12.39,49.55,33.29,16.26,14.32,5.0,2
ORD004486,2024-08-23,CUST00630,67,PROD00522,Grocery,North,Mobile App,Debit Card,Shipped,1,25.68,0,25.68,0.0,25.68,19.97,5.71,8.66,3.5,4
ORD002486,2024-08-24,CUST01334,69,PROD00623,Fashion,East,Mobile App,Bank Transfer,Delivered,3,23.33,20,69.99,14.0,55.99,27.13,28.86,13.33,4.1,5
ORD002104,2024-08-24,CUST00300,30,PROD00113,Beauty,South,Website,Debit Card,Delivered,1,26.3,25,26.3,6.58,19.72,14.87,4.85,12.64,4.4,2
ORD004050,2024-08-24,CUST00256,50,PROD00556,Electronics,Central,Website,Debit Card,Delivered,4,17.83,5,71.32,3.57,67.75,48.18,19.57,11.04,4.3,3
ORD002463,2024-08-24,CUST00377,34,PROD00257,Sports,South,Mobile App,PayPal,Returned,5,240.97,25,1204.85,301.21,903.64,417.59,486.05,6.34,4.3,5
ORD002033,2024-08-24,CUST00282,64,PROD00133,Grocery,East,Mobile App,Credit Card,Shipped,3,44.0,5,132.0,6.6,125.4,67.02,58.38,2.8,3.5,1
ORD003302,2024-08-25,CUST01046,48,PROD00365,Sports,South,Mobile App,Debit Card,Cancelled,5,40.42,10,202.1,20.21,181.89,118.13,63.76,16.42,4.5,8
ORD002652,2024-08-26,CUST01097,19,PROD00004,Fashion,West,Website,Credit Card,Shipped,5,20.19,0,100.95,0.0,100.95,47.32,53.63,13.99,5.0,8
ORD002219,2024-08-26,CUST00045,25,PROD00576,Electronics,West,Website,Cash on Delivery,Returned,3,19.54,0,58.62,0.0,58.62,28.26,30.36,11.22,2.7,1
ORD000853,2024-08-26,CUST00109,23,PROD00079,Sports,East,Mobile App,Credit Card,Cancelled,2,15.81,0,31.62,0.0,31.62,14.53,17.09,6.02,4.9,6
ORD000633,2024-08-26,CUST00267,21,PROD00207,Sports,East,Marketplace,PayPal,Returned,3,51.37,15,154.11,23.12,130.99,62.59,68.4,1.64,4.5,10
ORD002990,2024-08-27,CUST01028,49,PROD00045,Electronics,West,Mobile App,Cash on Delivery,Cancelled,4,41.12,5,164.48,8.22,156.26,85.85,70.41,6.5,4.0,10
ORD001572,2024-08-27,CUST01419,68,PROD00737,Sports,East,Website,Bank Transfer,Returned,5,24.95,20,124.75,24.95,99.8,60.43,39.37,12.12,4.5,7
ORD000389,2024-08-27,CUST00350,36,PROD00284,Sports,Central,Website,Credit Card,Shipped,2,41.11,15,82.22,12.33,69.89,51.87,18.02,7.84,3.5,5
ORD002425,2024-08-27,CUST00447,33,PROD00266,Sports,East,Mobile App,Debit Card,Cancelled,2,22.41,5,44.82,2.24,42.58,31.78,10.8,4.59,4.8,2
ORD004595,2024-08-27,CUST00262,43,PROD00183,Grocery,North,Mobile App,Cash on Delivery,Cancelled,1,118.83,15,118.83,17.82,101.01,62.86,38.15,9.88,4.9,2
ORD004029,2024-08-28,CUST00232,45,PROD00170,Sports,Central,Website,Bank Transfer,Delivered,2,26.54,15,53.08,7.96,45.12,31.6,13.52,16.61,3.7,4
ORD003871,2024-08-28,CUST01213,25,PROD00508,Electronics,West,Mobile App,Bank Transfer,Delivered,1,56.7,5,56.7,2.84,53.86,33.0,20.86,10.48,4.4,4
ORD004183,2024-08-28,CUST01312,40,PROD00700,Home & Kitchen,North,Mobile App,Credit Card,Delivered,2,139.66,20,279.32,55.86,223.46,160.08,63.38,17.42,2.5,9
ORD004670,2024-08-28,CUST01366,41,PROD00263,Grocery,South,Mobile App,PayPal,Delivered,5,96.43,10,482.15,48.22,433.93,270.91,163.02,11.37,4.9,8
ORD003719,2024-08-29,CUST01076,54,PROD00311,Home & Kitchen,East,Mobile App,Cash on Delivery,Cancelled,5,23.29,0,116.45,0.0,116.45,76.34,40.11,6.74,4.3,3
ORD004575,2024-08-29,CUST00946,67,PROD00481,Grocery,North,Marketplace,Credit Card,Shipped,1,39.1,10,39.1,3.91,35.19,18.55,16.64,13.86,4.0,5
ORD000253,2024-08-29,CUST00877,66,PROD00421,Beauty,Central,Mobile App,Bank Transfer,Delivered,1,7.38,15,7.38,1.11,6.27,3.07,3.2,4.01,4.3,10
ORD001346,2024-08-29,CUST00848,66,PROD00262,Sports,Central,Marketplace,Debit Card,Cancelled,4,27.55,10,110.2,11.02,99.18,73.1,26.08,11.58,3.7,9
ORD004315,2024-08-29,CUST00249,57,PROD00053,Sports,South,Mobile App,Cash on Delivery,Delivered,2,11.26,5,22.52,1.13,21.39,15.12,6.27,6.28,4.2,3
ORD004143,2024-08-30,CUST01401,59,PROD00081,Grocery,South,Website,PayPal,Shipped,1,4.56,30,4.56,1.37,3.19,1.47,1.72,17.33,3.6,3
ORD003823,2024-08-30,CUST00301,52,PROD00365,Electronics,Central,Marketplace,PayPal,Delivered,5,79.46,0,397.3,0.0,397.3,237.18,160.12,17.45,4.8,4
ORD004425,2024-08-30,CUST01117,28,PROD00275,Home & Kitchen,Central,Marketplace,Bank Transfer,Cancelled,4,38.96,10,155.84,15.58,140.26,68.45,71.81,15.97,3.7,4
ORD002887,2024-08-30,CUST00423,36,PROD00633,Grocery,South,Website,Cash on Delivery,Returned,4,129.76,5,519.04,25.95,493.09,339.8,153.29,10.44,3.8,2
ORD003589,2024-08-30,CUST00381,20,PROD00681,Grocery,East,Website,PayPal,Cancelled,2,92.43,25,184.86,46.22,138.64,86.41,52.23,6.02,3.7,5
ORD003867,2024-08-30,CUST00086,50,PROD00361,Sports,Central,Website,Cash on Delivery,Delivered,4,192.01,30,768.04,230.41,537.63,380.74,156.89,4.88,2.7,8
ORD001438,2024-08-30,CUST01354,51,PROD00385,Beauty,East,Marketplace,Cash on Delivery,Delivered,3,34.93,20,104.79,20.96,83.83,64.09,19.74,4.21,3.5,2
ORD000166,2024-08-31,CUST01207,51,PROD00227,Electronics,Central,Mobile App,Cash on Delivery,Returned,3,24.12,15,72.36,10.85,61.51,45.65,15.86,5.0,4.7,2
ORD001833,2024-08-31,CUST00350,19,PROD00202,Electronics,North,Website,Debit Card,Delivered,3,83.63,0,250.89,0.0,250.89,175.53,75.36,17.71,4.8,8
ORD003938,2024-08-31,CUST01182,55,PROD00089,Beauty,Central,Mobile App,Cash on Delivery,Delivered,3,62.96,20,188.88,37.78,151.1,80.71,70.39,11.45,4.7,1
ORD003244,2024-09-01,CUST01076,39,PROD00559,Sports,Central,Website,PayPal,Delivered,4,13.8,15,55.2,8.28,46.92,27.7,19.22,11.54,2.1,10
ORD000994,2024-09-01,CUST00538,33,PROD00355,Home & Kitchen,South,Marketplace,PayPal,Delivered,1,125.61,0,125.61,0.0,125.61,88.57,37.04,17.9,3.1,6
ORD004471,2024-09-01,CUST00015,55,PROD00697,Home & Kitchen,East,Website,Bank Transfer,Delivered,1,8.91,0,8.91,0.0,8.91,5.21,3.7,15.84,3.7,5
ORD002189,2024-09-01,CUST01367,54,PROD00134,Beauty,South,Marketplace,PayPal,Delivered,3,12.64,0,37.92,0.0,37.92,18.54,19.38,9.53,3.8,6
ORD001011,2024-09-01,CUST01474,51,PROD00112,Beauty,East,Mobile App,Credit Card,Returned,3,43.84,0,131.52,0.0,131.52,74.3,57.22,12.9,3.6,5
ORD004400,2024-09-01,CUST00870,53,PROD00350,Fashion,East,Mobile App,Debit Card,Delivered,1,44.98,5,44.98,2.25,42.73,22.72,20.01,8.46,4.4,7
ORD002881,2024-09-01,CUST00630,61,PROD00192,Beauty,North,Mobile App,Debit Card,Delivered,2,15.17,5,30.34,1.52,28.82,14.93,13.89,1.94,2.1,2
ORD004429,2024-09-02,CUST00151,49,PROD00089,Grocery,East,Website,Debit Card,Delivered,2,27.14,10,54.28,5.43,48.85,24.52,24.33,2.75,3.7,2
ORD002531,2024-09-02,CUST00611,56,PROD00223,Home & Kitchen,West,Website,Cash on Delivery,Delivered,1,31.07,20,31.07,6.21,24.86,14.5,10.36,8.68,4.4,3
ORD002202,2024-09-02,CUST00340,37,PROD00208,Sports,Central,Mobile App,PayPal,Cancelled,2,15.28,25,30.56,7.64,22.92,17.61,5.31,4.13,3.4,1
ORD004046,2024-09-02,CUST00255,62,PROD00450,Sports,Central,Website,Credit Card,Cancelled,5,15.45,0,77.25,0.0,77.25,59.27,17.98,6.72,5.0,1
ORD004912,2024-09-02,CUST00048,58,PROD00315,Grocery,East,Mobile App,Bank Transfer,Delivered,4,91.81,15,367.24,55.09,312.15,188.21,123.94,2.68,4.0,5
ORD002128,2024-09-03,CUST00831,21,PROD00455,Sports,Central,Website,Cash on Delivery,Delivered,5,13.93,25,69.65,17.41,52.24,30.28,21.96,13.35,4.8,10
ORD002769,2024-09-03,CUST01499,55,PROD00005,Grocery,South,Marketplace,PayPal,Delivered,4,41.87,15,167.48,25.12,142.36,107.07,35.29,16.97,3.9,5
ORD004971,2024-09-03,CUST00659,33,PROD00736,Sports,East,Website,Cash on Delivery,Returned,3,45.71,30,137.13,41.14,95.99,72.44,23.55,3.49,4.9,3
ORD002354,2024-09-03,CUST00132,48,PROD00505,Grocery,Central,Website,Bank Transfer,Delivered,2,11.3,30,22.6,6.78,15.82,11.56,4.26,9.9,3.9,9
ORD002269,2024-09-04,CUST00219,50,PROD00445,Fashion,North,Mobile App,Bank Transfer,Returned,2,17.38,15,34.76,5.21,29.55,14.78,14.77,13.93,4.1,9
ORD002624,2024-09-04,CUST01348,19,PROD00539,Fashion,Central,Mobile App,Bank Transfer,Shipped,5,83.73,15,418.65,62.8,355.85,251.64,104.21,13.49,3.7,6
ORD000102,2024-09-04,CUST00837,19,PROD00289,Electronics,East,Mobile App,Bank Transfer,Cancelled,3,72.62,20,217.86,43.57,174.29,130.99,43.3,14.38,3.1,6
ORD002981,2024-09-04,CUST00533,23,PROD00589,Beauty,West,Mobile App,Bank Transfer,Shipped,1,30.3,30,30.3,9.09,21.21,14.46,6.75,5.13,3.6,9
ORD004364,2024-09-04,CUST01118,69,PROD00084,Sports,East,Website,PayPal,Delivered,4,23.0,5,92.0,4.6,87.4,66.07,21.33,8.28,5.0,5
ORD000701,2024-09-04,CUST00769,39,PROD00519,Sports,South,Marketplace,Credit Card,Delivered,3,48.59,20,145.77,29.15,116.62,75.47,41.15,12.62,4.8,6
ORD002266,2024-09-04,CUST00477,30,PROD00268,Electronics,North,Marketplace,Debit Card,Shipped,2,54.22,10,108.44,10.84,97.6,71.38,26.22,16.94,3.5,10
ORD000303,2024-09-04,CUST00742,22,PROD00047,Fashion,East,Marketplace,Credit Card,Cancelled,4,11.5,30,46.0,13.8,32.2,25.03,7.17,10.71,3.9,2
ORD002838,2024-09-05,CUST00640,39,PROD00522,Electronics,West,Website,Bank Transfer,Cancelled,3,68.0,25,204.0,51.0,153.0,81.62,71.38,2.06,4.2,10
ORD003909,2024-09-05,CUST01495,59,PROD00116,Sports,West,Website,PayPal,Delivered,3,65.71,0,197.13,0.0,197.13,151.39,45.74,9.62,3.6,6
ORD002364,2024-09-05,CUST00940,37,PROD00326,Sports,South,Mobile App,Bank Transfer,Delivered,2,24.03,10,48.06,4.81,43.25,19.87,23.38,15.01,3.9,5
ORD001714,2024-09-05,CUST00420,52,PROD00199,Sports,North,Mobile App,Bank Transfer,Returned,5,14.62,15,73.1,10.96,62.14,43.82,18.32,9.37,2.8,3
ORD001096,2024-09-06,CUST01062,31,PROD00230,Fashion,South,Mobile App,Credit Card,Delivered,5,21.4,15,107.0,16.05,90.95,45.2,45.75,1.88,3.8,8
ORD004729,2024-09-06,CUST00056,69,PROD00224,Grocery,Central,Website,Credit Card,Shipped,3,21.68,15,65.04,9.76,55.28,36.05,19.23,11.26,3.8,6
ORD004031,2024-09-06,CUST00013,26,PROD00518,Fashion,West,Mobile App,Cash on Delivery,Shipped,3,7.83,5,23.49,1.17,22.32,17.29,5.03,7.47,5.0,7
ORD003038,2024-09-06,CUST00249,65,PROD00587,Beauty,West,Marketplace,Cash on Delivery,Shipped,4,21.23,10,84.92,8.49,76.43,47.61,28.82,16.5,2.7,3
ORD003899,2024-09-06,CUST00153,23,PROD00131,Beauty,West,Website,Credit Card,Delivered,3,30.43,20,91.29,18.26,73.03,52.91,20.12,3.44,5.0,5
ORD002877,2024-09-07,CUST00619,53,PROD00458,Sports,South,Website,Cash on Delivery,Delivered,2,37.45,0,74.9,0.0,74.9,42.07,32.83,12.29,3.5,8
ORD004404,2024-09-07,CUST01208,43,PROD00287,Sports,Central,Mobile App,Debit Card,Shipped,4,15.02,10,60.08,6.01,54.07,38.12,15.95,13.03,4.1,3
ORD003670,2024-09-07,CUST00409,34,PROD00578,Fashion,North,Website,Debit Card,Delivered,1,20.06,10,20.06,2.01,18.05,10.02,8.03,4.64,3.6,1
ORD000783,2024-09-07,CUST00907,26,PROD00140,Sports,West,Marketplace,Credit Card,Cancelled,3,30.04,15,90.12,13.52,76.6,43.42,33.18,7.48,3.9,1
ORD003543,2024-09-07,CUST01366,65,PROD00364,Beauty,East,Website,Debit Card,Shipped,3,8.96,5,26.88,1.34,25.54,17.65,7.89,17.44,3.5,1
ORD004897,2024-09-07,CUST01332,36,PROD00448,Electronics,East,Mobile App,Bank Transfer,Returned,1,14.83,15,14.83,2.22,12.61,9.02,3.59,7.09,4.3,10
ORD000394,2024-09-08,CUST00130,23,PROD00780,Sports,West,Mobile App,Bank Transfer,Delivered,3,143.87,15,431.61,64.74,366.87,262.99,103.88,5.08,4.2,5
ORD004812,2024-09-08,CUST00665,34,PROD00707,Sports,South,Marketplace,Debit Card,Returned,3,35.76,5,107.28,5.36,101.92,76.78,25.14,1.56,5.0,1
ORD003255,2024-09-09,CUST00164,41,PROD00138,Home & Kitchen,Central,Website,Credit Card,Delivered,1,35.48,25,35.48,8.87,26.61,12.28,14.33,14.62,4.1,7
ORD004517,2024-09-09,CUST00485,43,PROD00622,Fashion,East,Marketplace,Credit Card,Shipped,3,29.78,5,89.34,4.47,84.87,53.09,31.78,13.4,4.2,3
ORD001723,2024-09-09,CUST00440,35,PROD00424,Fashion,North,Mobile App,Credit Card,Delivered,1,137.07,25,137.07,34.27,102.8,68.17,34.63,2.32,3.3,8
ORD004289,2024-09-09,CUST00794,38,PROD00417,Sports,South,Website,Debit Card,Delivered,4,80.75,10,323.0,32.3,290.7,194.39,96.31,8.48,5.0,2
ORD002467,2024-09-09,CUST00320,69,PROD00641,Grocery,Central,Mobile App,Bank Transfer,Delivered,2,40.0,15,80.0,12.0,68.0,51.73,16.27,7.16,4.7,10
ORD002137,2024-09-09,CUST00452,28,PROD00087,Fashion,West,Website,Bank Transfer,Shipped,4,49.68,20,198.72,39.74,158.98,117.46,41.52,6.21,4.7,2
ORD004249,2024-09-09,CUST00377,31,PROD00604,Home & Kitchen,North,Mobile App,PayPal,Shipped,2,8.96,5,17.92,0.9,17.02,9.37,7.65,2.16,3.3,10
ORD004319,2024-09-09,CUST01422,38,PROD00009,Home & Kitchen,Central,Website,Bank Transfer,Delivered,2,26.42,10,52.84,5.28,47.56,26.64,20.92,5.33,2.3,5
ORD003510,2024-09-10,CUST00998,32,PROD00599,Beauty,West,Website,PayPal,Cancelled,5,35.21,25,176.05,44.01,132.04,99.52,32.52,9.38,5.0,10
ORD002953,2024-09-10,CUST00311,67,PROD00735,Electronics,East,Mobile App,Credit Card,Delivered,2,99.59,25,199.18,49.8,149.38,86.22,63.16,7.26,4.2,8
ORD001604,2024-09-10,CUST00314,24,PROD00548,Home & Kitchen,South,Mobile App,PayPal,Returned,3,17.15,25,51.45,12.86,38.59,28.94,9.65,8.09,2.4,2
ORD001496,2024-09-11,CUST00375,66,PROD00511,Sports,North,Website,Bank Transfer,Cancelled,5,33.65,5,168.25,8.41,159.84,91.59,68.25,4.09,5.0,7
ORD001098,2024-09-11,CUST00951,54,PROD00227,Beauty,West,Mobile App,Debit Card,Returned,5,73.02,0,365.1,0.0,365.1,237.1,128.0,6.96,3.8,6
ORD004138,2024-09-11,CUST01068,34,PROD00671,Sports,East,Website,Bank Transfer,Shipped,1,29.43,0,29.43,0.0,29.43,22.55,6.88,15.64,4.1,5
ORD002931,2024-09-11,CUST01106,55,PROD00623,Fashion,East,Website,Credit Card,Delivered,3,57.29,10,171.87,17.19,154.68,100.87,53.81,16.71,3.8,8
ORD002315,2024-09-11,CUST00923,49,PROD00277,Home & Kitchen,East,Website,Credit Card,Delivered,4,117.49,10,469.96,47.0,422.96,195.53,227.43,5.48,3.6,5
ORD003398,2024-09-11,CUST01004,42,PROD00523,Home & Kitchen,West,Website,Credit Card,Delivered,2,27.24,10,54.48,5.45,49.03,31.92,17.11,9.64,2.7,8
ORD002638,2024-09-11,CUST00393,60,PROD00786,Sports,East,Website,Cash on Delivery,Delivered,3,67.17,0,201.51,0.0,201.51,151.35,50.16,10.1,4.3,4
ORD002949,2024-09-11,CUST00890,28,PROD00210,Beauty,West,Mobile App,Cash on Delivery,Returned,3,95.39,0,286.17,0.0,286.17,196.99,89.18,15.48,4.3,1
ORD004800,2024-09-12,CUST00424,58,PROD00639,Electronics,East,Website,Cash on Delivery,Returned,2,79.28,0,158.56,0.0,158.56,117.41,41.15,4.45,4.4,5
ORD003348,2024-09-12,CUST01275,56,PROD00340,Sports,East,Marketplace,Cash on Delivery,Delivered,5,61.26,15,306.3,45.94,260.36,200.57,59.79,10.11,3.9,3
ORD002811,2024-09-12,CUST00749,51,PROD00320,Fashion,North,Marketplace,Cash on Delivery,Shipped,2,57.99,20,115.98,23.2,92.78,59.38,33.4,10.32,3.5,9
ORD001688,2024-09-12,CUST00295,35,PROD00644,Beauty,West,Website,Bank Transfer,Delivered,3,67.33,0,201.99,0.0,201.99,92.69,109.3,4.13,4.1,9
ORD004369,2024-09-13,CUST00733,52,PROD00108,Beauty,Central,Mobile App,PayPal,Delivered,3,46.42,25,139.26,34.82,104.44,70.5,33.94,10.08,3.5,4
ORD003364,2024-09-13,CUST00421,34,PROD00078,Electronics,West,Website,Bank Transfer,Cancelled,5,67.64,10,338.2,33.82,304.38,186.4,117.98,10.53,5.0,2
ORD004514,2024-09-13,CUST00144,24,PROD00213,Beauty,Central,Website,Bank Transfer,Delivered,2,103.66,10,207.32,20.73,186.59,86.7,99.89,11.25,4.3,7
ORD000697,2024-09-14,CUST00821,58,PROD00690,Fashion,West,Mobile App,Bank Transfer,Delivered,4,47.29,0,189.16,0.0,189.16,113.49,75.67,8.08,4.4,5
ORD004808,2024-09-14,CUST01409,44,PROD00022,Beauty,North,Website,PayPal,Cancelled,4,63.39,30,253.56,76.07,177.49,117.54,59.95,11.95,3.4,4
ORD001034,2024-09-14,CUST01371,63,PROD00184,Fashion,Central,Website,Cash on Delivery,Delivered,1,29.8,5,29.8,1.49,28.31,16.15,12.16,10.62,4.8,10
ORD002865,2024-09-14,CUST00279,33,PROD00304,Home & Kitchen,West,Marketplace,Debit Card,Delivered,1,46.24,25,46.24,11.56,34.68,25.36,9.32,11.86,4.1,2
ORD004622,2024-09-14,CUST00589,49,PROD00798,Sports,West,Mobile App,Credit Card,Delivered,4,60.01,0,240.04,0.0,240.04,167.12,72.92,9.82,4.0,6
ORD002775,2024-09-15,CUST00799,35,PROD00325,Grocery,North,Website,Debit Card,Delivered,5,8.03,10,40.15,4.01,36.14,24.69,11.45,15.22,4.2,4
ORD000582,2024-09-15,CUST00229,25,PROD00130,Home & Kitchen,South,Mobile App,Credit Card,Cancelled,1,7.94,20,7.94,1.59,6.35,2.98,3.37,10.61,4.9,6
ORD004146,2024-09-15,CUST01031,66,PROD00283,Sports,East,Mobile App,Cash on Delivery,Delivered,3,105.91,15,317.73,47.66,270.07,166.43,103.64,9.13,3.8,3
ORD000707,2024-09-15,CUST00578,39,PROD00038,Beauty,East,Website,Cash on Delivery,Shipped,5,44.44,0,222.2,0.0,222.2,160.21,61.99,6.89,4.3,3
ORD001878,2024-09-15,CUST01106,42,PROD00193,Sports,West,Marketplace,Bank Transfer,Delivered,2,19.85,20,39.7,7.94,31.76,16.68,15.08,5.9,4.0,9
ORD000186,2024-09-15,CUST00715,45,PROD00133,Beauty,North,Website,Bank Transfer,Delivered,1,87.0,20,87.0,17.4,69.6,42.55,27.05,17.07,2.8,7
ORD000657,2024-09-16,CUST01339,44,PROD00033,Fashion,South,Website,Cash on Delivery,Delivered,3,15.23,15,45.69,6.85,38.84,17.58,21.26,9.24,3.5,4
ORD003994,2024-09-16,CUST00114,63,PROD00422,Home & Kitchen,West,Mobile App,Credit Card,Returned,2,62.48,5,124.96,6.25,118.71,62.98,55.73,1.89,4.4,8
ORD001885,2024-09-16,CUST00259,45,PROD00776,Sports,North,Website,Bank Transfer,Delivered,2,61.47,10,122.94,12.29,110.65,77.23,33.42,2.31,3.0,10
ORD004955,2024-09-16,CUST01148,62,PROD00561,Fashion,East,Mobile App,Credit Card,Delivered,2,22.76,5,45.52,2.28,43.24,24.83,18.41,15.98,3.8,9
ORD004995,2024-09-16,CUST00958,39,PROD00660,Fashion,West,Website,Bank Transfer,Delivered,1,142.96,15,142.96,21.44,121.52,75.26,46.26,15.16,4.6,8
ORD000265,2024-09-17,CUST00934,57,PROD00230,Electronics,East,Website,Bank Transfer,Shipped,1,20.75,20,20.75,4.15,16.6,11.0,5.6,12.48,3.2,2
ORD004455,2024-09-18,CUST00285,44,PROD00457,Beauty,East,Mobile App,Bank Transfer,Shipped,5,36.63,15,183.15,27.47,155.68,115.27,40.41,15.0,4.9,5
ORD000826,2024-09-18,CUST01349,44,PROD00710,Fashion,East,Mobile App,Cash on Delivery,Delivered,3,39.03,20,117.09,23.42,93.67,71.34,22.33,4.32,4.1,9
ORD004723,2024-09-18,CUST00954,21,PROD00550,Sports,Central,Marketplace,PayPal,Delivered,1,32.62,5,32.62,1.63,30.99,23.11,7.88,2.73,3.9,8
ORD001735,2024-09-18,CUST01362,50,PROD00635,Electronics,Central,Website,Credit Card,Delivered,5,40.16,5,200.8,10.04,190.76,145.95,44.81,14.49,4.8,1
ORD003034,2024-09-19,CUST00337,55,PROD00028,Grocery,East,Website,PayPal,Delivered,5,63.63,5,318.15,15.91,302.24,201.58,100.66,14.56,2.3,2
ORD000201,2024-09-19,CUST00539,51,PROD00507,Beauty,Central,Website,Bank Transfer,Shipped,2,21.19,5,42.38,2.12,40.26,22.39,17.87,11.89,4.1,4
ORD003701,2024-09-19,CUST00544,67,PROD00386,Grocery,East,Website,Bank Transfer,Delivered,2,59.75,5,119.5,5.98,113.52,62.98,50.54,8.15,3.7,6
ORD002218,2024-09-19,CUST00960,32,PROD00672,Electronics,East,Website,PayPal,Delivered,1,50.08,15,50.08,7.51,42.57,24.8,17.77,13.14,4.1,7
ORD003980,2024-09-19,CUST00995,57,PROD00525,Electronics,South,Mobile App,Bank Transfer,Returned,1,175.63,5,175.63,8.78,166.85,90.73,76.12,17.15,4.3,4
ORD003053,2024-09-19,CUST01451,66,PROD00391,Sports,North,Website,Debit Card,Delivered,1,11.41,5,11.41,0.57,10.84,8.33,2.51,8.45,3.9,3
ORD003875,2024-09-19,CUST00603,66,PROD00234,Electronics,South,Mobile App,Credit Card,Delivered,1,76.51,10,76.51,7.65,68.86,31.5,37.36,6.57,4.4,2
ORD000134,2024-09-19,CUST00451,57,PROD00322,Sports,Central,Mobile App,PayPal,Shipped,3,27.04,25,81.12,20.28,60.84,36.42,24.42,12.01,3.6,1
ORD001875,2024-09-20,CUST01416,40,PROD00312,Home & Kitchen,East,Website,PayPal,Cancelled,3,19.65,0,58.95,0.0,58.95,39.88,19.07,4.29,5.0,9
ORD002994,2024-09-20,CUST00420,25,PROD00246,Home & Kitchen,South,Marketplace,Bank Transfer,Returned,2,15.65,15,31.3,4.7,26.6,14.91,11.69,13.5,3.3,5
ORD001084,2024-09-20,CUST00428,37,PROD00412,Home & Kitchen,Central,Mobile App,PayPal,Returned,4,21.11,10,84.44,8.44,76.0,50.13,25.87,3.25,4.4,4
ORD004748,2024-09-20,CUST00125,40,PROD00222,Home & Kitchen,North,Website,Cash on Delivery,Delivered,5,41.17,25,205.85,51.46,154.39,103.99,50.4,9.67,3.6,8
ORD002517,2024-09-20,CUST01395,45,PROD00146,Sports,North,Marketplace,Credit Card,Delivered,1,73.06,15,73.06,10.96,62.1,35.18,26.92,10.07,3.1,1
ORD001588,2024-09-20,CUST01219,36,PROD00563,Electronics,North,Marketplace,PayPal,Shipped,3,18.51,30,55.53,16.66,38.87,20.01,18.86,17.08,4.7,3
ORD002171,2024-09-20,CUST01260,65,PROD00620,Grocery,East,Marketplace,Debit Card,Delivered,2,24.74,10,49.48,4.95,44.53,31.17,13.36,10.63,3.3,1
ORD001736,2024-09-21,CUST00885,41,PROD00156,Grocery,East,Mobile App,Bank Transfer,Delivered,5,86.9,0,434.5,0.0,434.5,198.48,236.02,15.49,3.4,6
ORD001481,2024-09-21,CUST01354,56,PROD00252,Grocery,South,Mobile App,Bank Transfer,Cancelled,3,37.98,20,113.94,22.79,91.15,43.88,47.27,7.57,3.9,9
ORD003379,2024-09-21,CUST00191,68,PROD00452,Sports,Central,Website,Debit Card,Delivered,4,26.71,0,106.84,0.0,106.84,79.65,27.19,9.93,3.1,1
ORD003957,2024-09-21,CUST00625,69,PROD00698,Fashion,South,Marketplace,PayPal,Delivered,2,33.86,5,67.72,3.39,64.33,35.88,28.45,12.24,4.7,6
ORD004239,2024-09-21,CUST00800,52,PROD00692,Sports,West,Website,PayPal,Delivered,2,41.77,30,83.54,25.06,58.48,27.54,30.94,11.31,2.9,4
ORD003466,2024-09-21,CUST00818,60,PROD00231,Electronics,South,Website,Debit Card,Cancelled,3,32.41,10,97.23,9.72,87.51,52.18,35.33,17.48,3.2,6
ORD001667,2024-09-22,CUST00762,21,PROD00204,Sports,South,Website,Bank Transfer,Delivered,5,15.33,15,76.65,11.5,65.15,45.44,19.71,6.7,3.7,1
ORD003717,2024-09-22,CUST01345,29,PROD00085,Electronics,South,Marketplace,Bank Transfer,Delivered,3,94.93,10,284.79,28.48,256.31,126.75,129.56,5.11,3.8,6
ORD002886,2024-09-22,CUST00892,42,PROD00171,Electronics,Central,Website,Bank Transfer,Delivered,1,31.76,15,31.76,4.76,27.0,14.9,12.1,11.85,4.3,7
ORD002722,2024-09-23,CUST00634,23,PROD00219,Grocery,Central,Website,PayPal,Cancelled,3,22.53,5,67.59,3.38,64.21,35.72,28.49,10.96,2.4,9
ORD002142,2024-09-23,CUST00399,18,PROD00210,Grocery,North,Mobile App,Debit Card,Cancelled,1,32.17,5,32.17,1.61,30.56,18.86,11.7,8.82,3.5,9
ORD002781,2024-09-23,CUST00442,55,PROD00789,Electronics,North,Website,Bank Transfer,Delivered,2,83.39,20,166.78,33.36,133.42,76.74,56.68,3.23,5.0,5
ORD000980,2024-09-23,CUST00814,30,PROD00422,Grocery,Central,Mobile App,Debit Card,Cancelled,2,13.88,25,27.76,6.94,20.82,15.42,5.4,12.3,3.6,9
ORD003460,2024-09-23,CUST00942,60,PROD00132,Electronics,South,Website,Credit Card,Cancelled,1,28.89,20,28.89,5.78,23.11,15.66,7.45,5.3,4.1,9
ORD002765,2024-09-24,CUST01385,64,PROD00073,Fashion,South,Mobile App,Bank Transfer,Delivered,5,131.51,25,657.55,164.39,493.16,275.24,217.92,13.21,3.5,1
ORD001726,2024-09-24,CUST00273,25,PROD00374,Grocery,West,Marketplace,Credit Card,Delivered,2,28.68,30,57.36,17.21,40.15,18.68,21.47,13.81,3.1,1
ORD002374,2024-09-24,CUST01430,68,PROD00560,Beauty,South,Website,Cash on Delivery,Shipped,5,28.05,0,140.25,0.0,140.25,77.04,63.21,7.79,4.6,7
ORD000133,2024-09-24,CUST00572,21,PROD00403,Grocery,North,Mobile App,PayPal,Cancelled,2,63.64,5,127.28,6.36,120.92,78.43,42.49,3.02,3.7,8
ORD000630,2024-09-25,CUST00179,38,PROD00713,Grocery,West,Mobile App,Bank Transfer,Shipped,1,22.35,30,22.35,6.7,15.65,8.02,7.63,2.2,3.8,3
ORD003410,2024-09-25,CUST00215,35,PROD00595,Sports,North,Mobile App,PayPal,Cancelled,3,15.52,20,46.56,9.31,37.25,23.99,13.26,3.56,3.9,5
ORD001019,2024-09-25,CUST00261,38,PROD00182,Electronics,South,Mobile App,Credit Card,Shipped,5,44.42,30,222.1,66.63,155.47,73.84,81.63,14.41,5.0,5
ORD004954,2024-09-25,CUST00557,51,PROD00335,Fashion,West,Website,Cash on Delivery,Shipped,5,135.06,5,675.3,33.76,641.54,454.18,187.36,15.57,3.7,7
ORD000330,2024-09-25,CUST00464,22,PROD00482,Beauty,South,Mobile App,PayPal,Delivered,5,7.89,25,39.45,9.86,29.59,17.99,11.6,5.81,4.1,6
ORD000455,2024-09-25,CUST00861,32,PROD00401,Sports,Central,Marketplace,Bank Transfer,Shipped,3,69.49,15,208.47,31.27,177.2,115.15,62.05,15.43,2.5,1
ORD000442,2024-09-25,CUST01363,29,PROD00718,Sports,Central,Website,Bank Transfer,Delivered,4,47.71,15,190.84,28.63,162.21,82.87,79.34,16.2,4.2,2
ORD003500,2024-09-26,CUST01444,32,PROD00287,Fashion,North,Mobile App,Credit Card,Shipped,3,47.12,5,141.36,7.07,134.29,99.95,34.34,4.98,2.3,7
ORD001185,2024-09-26,CUST01116,26,PROD00469,Home & Kitchen,West,Mobile App,Bank Transfer,Shipped,2,10.6,15,21.2,3.18,18.02,11.3,6.72,10.99,2.0,5
ORD001380,2024-09-26,CUST00910,48,PROD00321,Sports,Central,Mobile App,Cash on Delivery,Shipped,5,37.97,0,189.85,0.0,189.85,136.52,53.33,10.93,4.5,6
ORD000320,2024-09-27,CUST01251,33,PROD00401,Beauty,South,Mobile App,PayPal,Shipped,3,24.12,15,72.36,10.85,61.51,39.46,22.05,10.33,3.6,6
ORD001447,2024-09-28,CUST00458,18,PROD00082,Fashion,East,Website,Credit Card,Delivered,2,92.01,15,184.02,27.6,156.42,90.53,65.89,8.86,2.9,8
ORD001681,2024-09-28,CUST00855,62,PROD00086,Fashion,East,Mobile App,PayPal,Returned,4,30.03,0,120.12,0.0,120.12,93.25,26.87,10.52,3.6,1
ORD003754,2024-09-28,CUST00396,65,PROD00219,Fashion,West,Mobile App,Debit Card,Shipped,4,374.88,5,1499.52,74.98,1424.54,968.79,455.75,12.67,4.7,6
ORD002198,2024-09-28,CUST00644,52,PROD00122,Grocery,North,Marketplace,Cash on Delivery,Returned,2,36.12,20,72.24,14.45,57.79,44.63,13.16,13.07,3.9,1
ORD002122,2024-09-29,CUST01317,50,PROD00304,Home & Kitchen,North,Website,Cash on Delivery,Returned,4,13.49,0,53.96,0.0,53.96,24.8,29.16,2.31,5.0,5
ORD003404,2024-09-29,CUST00254,35,PROD00608,Sports,West,Website,PayPal,Cancelled,2,75.44,10,150.88,15.09,135.79,80.91,54.88,1.59,3.6,9
ORD002587,2024-09-29,CUST00586,45,PROD00329,Fashion,West,Mobile App,Cash on Delivery,Shipped,2,55.83,25,111.66,27.92,83.74,50.9,32.84,13.96,4.6,4
ORD004284,2024-09-29,CUST00813,44,PROD00622,Electronics,North,Website,Cash on Delivery,Delivered,4,70.88,20,283.52,56.7,226.82,124.21,102.61,5.27,3.3,5
ORD000660,2024-09-30,CUST00092,48,PROD00255,Fashion,West,Mobile App,PayPal,Returned,4,122.28,15,489.12,73.37,415.75,241.96,173.79,15.69,4.3,8
ORD002497,2024-09-30,CUST01399,43,PROD00338,Beauty,North,Website,Credit Card,Delivered,1,24.31,15,24.31,3.65,20.66,12.56,8.1,16.25,4.8,2
ORD003844,2024-09-30,CUST00265,49,PROD00137,Grocery,South,Mobile App,Bank Transfer,Returned,5,18.19,10,90.95,9.1,81.85,47.29,34.56,12.24,3.8,7
ORD003293,2024-09-30,CUST00652,22,PROD00611,Beauty,East,Website,Cash on Delivery,Delivered,4,8.61,25,34.44,8.61,25.83,16.55,9.28,15.56,4.3,2
ORD004185,2024-09-30,CUST00936,33,PROD00416,Electronics,South,Mobile App,Bank Transfer,Cancelled,1,177.88,0,177.88,0.0,177.88,90.02,87.86,10.61,4.6,5
ORD002153,2024-09-30,CUST01261,27,PROD00006,Electronics,North,Marketplace,Credit Card,Cancelled,1,68.71,25,68.71,17.18,51.53,37.61,13.92,11.28,4.4,5
ORD004377,2024-09-30,CUST00161,70,PROD00272,Grocery,Central,Mobile App,PayPal,Delivered,2,76.78,20,153.56,30.71,122.85,86.19,36.66,15.25,5.0,2
ORD000218,2024-10-01,CUST00008,35,PROD00620,Electronics,West,Website,PayPal,Returned,3,9.76,0,29.28,0.0,29.28,13.65,15.63,13.15,3.5,4
ORD002334,2024-10-01,CUST01077,24,PROD00202,Beauty,Central,Website,Bank Transfer,Shipped,4,17.84,15,71.36,10.7,60.66,29.55,31.11,5.49,5.0,7
ORD003443,2024-10-01,CUST00988,19,PROD00700,Beauty,West,Website,Credit Card,Cancelled,4,73.03,25,292.12,73.03,219.09,157.9,61.19,16.54,4.5,9
ORD000880,2024-10-01,CUST00872,66,PROD00606,Home & Kitchen,North,Marketplace,Debit Card,Returned,4,18.86,10,75.44,7.54,67.9,38.92,28.98,14.96,3.0,9
ORD003699,2024-10-01,CUST00537,31,PROD00700,Electronics,North,Mobile App,PayPal,Returned,2,29.11,15,58.22,8.73,49.49,32.68,16.81,2.97,3.4,1
ORD000180,2024-10-02,CUST01407,29,PROD00694,Electronics,North,Website,Credit Card,Delivered,2,23.93,5,47.86,2.39,45.47,22.68,22.79,16.41,5.0,4
ORD002126,2024-10-02,CUST00367,26,PROD00567,Home & Kitchen,East,Website,Bank Transfer,Delivered,4,41.73,15,166.92,25.04,141.88,65.89,75.99,2.82,4.3,10
ORD004423,2024-10-02,CUST00537,68,PROD00681,Grocery,Central,Website,Debit Card,Delivered,1,24.1,20,24.1,4.82,19.28,9.9,9.38,5.9,2.6,5
ORD000147,2024-10-03,CUST00318,24,PROD00291,Sports,West,Mobile App,Bank Transfer,Delivered,5,36.34,5,181.7,9.09,172.61,94.62,77.99,2.54,2.0,5
ORD004217,2024-10-03,CUST01279,26,PROD00164,Electronics,North,Website,Cash on Delivery,Delivered,4,13.59,5,54.36,2.72,51.64,36.79,14.85,10.28,4.2,4
ORD001820,2024-10-03,CUST01036,44,PROD00126,Home & Kitchen,Central,Marketplace,Bank Transfer,Delivered,3,19.83,20,59.49,11.9,47.59,28.53,19.06,3.61,4.0,6
ORD003685,2024-10-04,CUST00869,41,PROD00436,Sports,South,Website,Credit Card,Delivered,5,20.2,20,101.0,20.2,80.8,55.77,25.03,14.67,3.0,10
ORD000103,2024-10-04,CUST00851,18,PROD00575,Electronics,West,Mobile App,Credit Card,Returned,1,38.56,10,38.56,3.86,34.7,24.29,10.41,16.81,4.5,1
ORD004536,2024-10-05,CUST00976,32,PROD00209,Grocery,North,Website,Bank Transfer,Cancelled,5,10.5,5,52.5,2.62,49.88,31.76,18.12,17.81,4.0,10
ORD001626,2024-10-05,CUST00158,59,PROD00178,Beauty,West,Mobile App,Bank Transfer,Shipped,1,41.65,15,41.65,6.25,35.4,27.06,8.34,4.35,4.1,9
ORD003265,2024-10-05,CUST00202,49,PROD00759,Sports,North,Mobile App,Bank Transfer,Cancelled,4,35.66,0,142.64,0.0,142.64,71.02,71.62,7.74,4.1,9
ORD003508,2024-10-05,CUST00677,50,PROD00541,Sports,South,Website,Bank Transfer,Delivered,1,50.31,20,50.31,10.06,40.25,25.54,14.71,14.06,4.2,1
ORD002876,2024-10-05,CUST00737,59,PROD00289,Fashion,East,Mobile App,PayPal,Delivered,5,46.0,25,230.0,57.5,172.5,111.17,61.33,14.16,3.5,5
ORD002289,2024-10-06,CUST00501,38,PROD00069,Grocery,South,Website,Cash on Delivery,Delivered,1,38.92,10,38.92,3.89,35.03,24.1,10.93,10.42,5.0,4
ORD000637,2024-10-06,CUST00616,46,PROD00297,Beauty,West,Mobile App,Credit Card,Returned,5,90.79,30,453.95,136.19,317.76,227.1,90.66,14.82,4.2,8
ORD003341,2024-10-06,CUST00415,62,PROD00759,Beauty,North,Website,Credit Card,Cancelled,3,85.22,10,255.66,25.57,230.09,143.44,86.65,10.13,4.3,8
ORD003397,2024-10-07,CUST01287,35,PROD00087,Electronics,West,Website,Cash on Delivery,Delivered,2,47.71,20,95.42,19.08,76.34,53.56,22.78,7.55,3.1,10
ORD004739,2024-10-07,CUST00790,60,PROD00412,Sports,North,Website,Debit Card,Delivered,5,19.15,0,95.75,0.0,95.75,49.84,45.91,14.16,3.4,9
ORD000129,2024-10-07,CUST00593,55,PROD00191,Fashion,West,Mobile App,Cash on Delivery,Shipped,1,46.73,25,46.73,11.68,35.05,27.13,7.92,9.8,3.8,5
ORD001008,2024-10-07,CUST01141,39,PROD00530,Fashion,South,Mobile App,Bank Transfer,Delivered,4,17.75,10,71.0,7.1,63.9,29.86,34.04,6.87,3.7,3
ORD000724,2024-10-07,CUST00540,60,PROD00776,Grocery,North,Mobile App,Cash on Delivery,Delivered,3,17.81,10,53.43,5.34,48.09,22.4,25.69,8.38,3.8,4
ORD002579,2024-10-07,CUST00621,26,PROD00588,Sports,North,Mobile App,Debit Card,Delivered,4,99.11,15,396.44,59.47,336.97,230.94,106.03,8.29,4.3,10
ORD002347,2024-10-07,CUST00088,67,PROD00360,Sports,Central,Website,Bank Transfer,Delivered,2,19.03,5,38.06,1.9,36.16,26.76,9.4,8.08,3.9,6
ORD002293,2024-10-07,CUST00220,64,PROD00122,Beauty,West,Marketplace,Cash on Delivery,Delivered,3,26.28,0,78.84,0.0,78.84,36.63,42.21,17.64,4.1,6
ORD000032,2024-10-08,CUST00888,70,PROD00270,Home & Kitchen,Central,Mobile App,Bank Transfer,Cancelled,4,75.62,25,302.48,75.62,226.86,130.84,96.02,5.43,4.3,3
ORD001985,2024-10-08,CUST01134,56,PROD00110,Electronics,Central,Mobile App,PayPal,Returned,5,50.75,0,253.75,0.0,253.75,142.83,110.92,1.53,5.0,1
ORD002687,2024-10-08,CUST00471,55,PROD00177,Electronics,West,Website,PayPal,Delivered,3,95.4,20,286.2,57.24,228.96,147.15,81.81,2.6,4.7,8
ORD000078,2024-10-09,CUST00960,40,PROD00311,Fashion,Central,Marketplace,Bank Transfer,Cancelled,1,32.52,15,32.52,4.88,27.64,19.11,8.53,11.59,3.3,1
ORD002694,2024-10-09,CUST00051,65,PROD00193,Electronics,South,Website,Bank Transfer,Returned,3,18.4,10,55.2,5.52,49.68,32.4,17.28,7.27,3.9,6
ORD001694,2024-10-09,CUST00634,36,PROD00539,Electronics,North,Marketplace,Cash on Delivery,Delivered,5,63.53,25,317.65,79.41,238.24,177.61,60.63,9.47,3.0,6
ORD002808,2024-10-10,CUST00317,38,PROD00223,Electronics,West,Website,Debit Card,Delivered,4,47.3,15,189.2,28.38,160.82,106.25,54.57,6.9,3.0,10
ORD004288,2024-10-10,CUST00705,21,PROD00289,Electronics,East,Website,Credit Card,Shipped,1,9.36,0,9.36,0.0,9.36,6.12,3.24,9.71,3.5,4
ORD000137,2024-10-10,CUST00853,21,PROD00214,Sports,North,Website,Credit Card,Cancelled,1,28.39,0,28.39,0.0,28.39,16.53,11.86,17.14,3.9,10
ORD003313,2024-10-10,CUST00338,21,PROD00661,Beauty,North,Mobile App,Cash on Delivery,Shipped,5,79.9,30,399.5,119.85,279.65,182.16,97.49,14.24,5.0,5
ORD003885,2024-10-10,CUST00151,37,PROD00132,Sports,West,Website,Cash on Delivery,Delivered,3,61.45,15,184.35,27.65,156.7,84.7,72.0,11.7,5.0,7
ORD004740,2024-10-10,CUST01452,50,PROD00305,Grocery,East,Mobile App,Credit Card,Cancelled,5,21.0,5,105.0,5.25,99.75,68.96,30.79,11.59,4.4,8
ORD002275,2024-10-10,CUST00769,38,PROD00485,Home & Kitchen,West,Mobile App,Debit Card,Shipped,2,24.13,20,48.26,9.65,38.61,30.03,8.58,13.18,2.8,4
ORD001856,2024-10-11,CUST01351,68,PROD00037,Electronics,South,Website,Credit Card,Delivered,2,41.91,10,83.82,8.38,75.44,51.15,24.29,5.36,3.5,1
ORD004526,2024-10-11,CUST00100,70,PROD00595,Beauty,Central,Mobile App,PayPal,Delivered,3,6.96,5,20.88,1.04,19.84,10.22,9.62,15.53,4.0,5
ORD003550,2024-10-11,CUST00186,42,PROD00722,Fashion,South,Mobile App,Debit Card,Delivered,5,28.38,30,141.9,42.57,99.33,71.08,28.25,14.29,3.7,2
ORD001673,2024-10-11,CUST00535,48,PROD00768,Home & Kitchen,South,Website,Credit Card,Shipped,2,46.94,10,93.88,9.39,84.49,38.28,46.21,15.2,3.9,6
ORD003751,2024-10-11,CUST00592,68,PROD00673,Fashion,West,Website,PayPal,Delivered,4,14.55,0,58.2,0.0,58.2,39.24,18.96,3.07,2.8,6
ORD003014,2024-10-12,CUST01041,18,PROD00044,Fashion,West,Mobile App,Bank Transfer,Delivered,5,191.46,30,957.3,287.19,670.11,353.58,316.53,2.85,3.0,9
ORD003645,2024-10-12,CUST00686,66,PROD00115,Home & Kitchen,Central,Website,Debit Card,Returned,2,24.29,10,48.58,4.86,43.72,31.16,12.56,11.28,4.7,8
ORD001953,2024-10-13,CUST00239,48,PROD00365,Fashion,West,Mobile App,Cash on Delivery,Delivered,5,27.71,20,138.55,27.71,110.84,58.29,52.55,7.05,4.0,3
ORD004482,2024-10-13,CUST00054,41,PROD00317,Electronics,West,Marketplace,PayPal,Delivered,3,6.73,15,20.19,3.03,17.16,9.32,7.84,15.66,3.6,3
ORD004268,2024-10-14,CUST01224,23,PROD00437,Beauty,East,Website,Bank Transfer,Delivered,2,28.23,15,56.46,8.47,47.99,26.92,21.07,17.02,5.0,4
ORD000469,2024-10-14,CUST00293,50,PROD00211,Fashion,Central,Mobile App,Bank Transfer,Shipped,3,34.09,15,102.27,15.34,86.93,40.25,46.68,6.36,4.5,8
ORD004447,2024-10-14,CUST00516,43,PROD00602,Beauty,West,Mobile App,Debit Card,Returned,1,61.08,0,61.08,0.0,61.08,44.15,16.93,12.3,3.0,4
ORD004822,2024-10-14,CUST01018,20,PROD00346,Grocery,North,Mobile App,PayPal,Delivered,1,26.79,5,26.79,1.34,25.45,11.72,13.73,6.59,2.8,6
ORD002454,2024-10-14,CUST00775,23,PROD00789,Sports,Central,Mobile App,Cash on Delivery,Delivered,5,20.94,10,104.7,10.47,94.23,55.55,38.68,2.3,4.7,5
ORD003390,2024-10-14,CUST00576,52,PROD00601,Electronics,East,Mobile App,PayPal,Delivered,3,115.69,20,347.07,69.41,277.66,160.24,117.42,10.23,4.3,9
ORD003676,2024-10-15,CUST01308,63,PROD00161,Electronics,East,Website,Debit Card,Delivered,5,30.47,0,152.35,0.0,152.35,96.62,55.73,11.66,2.7,8
ORD003951,2024-10-15,CUST00532,65,PROD00504,Home & Kitchen,East,Mobile App,Bank Transfer,Returned,3,132.66,5,397.98,19.9,378.08,207.91,170.17,1.59,4.4,7
ORD000745,2024-10-15,CUST01482,53,PROD00518,Beauty,North,Marketplace,Bank Transfer,Delivered,2,8.74,15,17.48,2.62,14.86,9.1,5.76,7.39,4.0,1
ORD000286,2024-10-15,CUST01211,65,PROD00268,Fashion,West,Mobile App,Cash on Delivery,Cancelled,4,37.2,15,148.8,22.32,126.48,78.28,48.2,4.93,2.7,6
ORD002504,2024-10-16,CUST01450,33,PROD00750,Electronics,Central,Mobile App,Cash on Delivery,Returned,4,5.97,10,23.88,2.39,21.49,10.28,11.21,8.29,4.4,10
ORD004061,2024-10-16,CUST00007,19,PROD00332,Fashion,East,Marketplace,Debit Card,Delivered,3,30.26,15,90.78,13.62,77.16,51.67,25.49,2.52,4.0,7
ORD004207,2024-10-17,CUST01188,44,PROD00561,Sports,South,Mobile App,Debit Card,Delivered,5,14.81,15,74.05,11.11,62.94,36.03,26.91,3.69,3.8,3
ORD004332,2024-10-17,CUST01063,58,PROD00152,Home & Kitchen,South,Mobile App,PayPal,Returned,5,89.2,5,446.0,22.3,423.7,285.99,137.71,16.17,4.0,2
ORD000495,2024-10-17,CUST01210,42,PROD00413,Electronics,Central,Mobile App,Debit Card,Returned,3,53.37,5,160.11,8.01,152.1,72.74,79.36,4.5,4.3,10
ORD000317,2024-10-17,CUST00058,26,PROD00521,Sports,Central,Mobile App,Bank Transfer,Delivered,3,7.39,5,22.17,1.11,21.06,15.19,5.87,5.82,3.5,1
ORD002623,2024-10-18,CUST00034,68,PROD00781,Electronics,Central,Website,Debit Card,Returned,4,49.53,10,198.12,19.81,178.31,128.76,49.55,9.17,4.2,10
ORD004051,2024-10-18,CUST00423,21,PROD00662,Home & Kitchen,Central,Website,PayPal,Cancelled,3,26.3,15,78.9,11.84,67.06,47.23,19.83,7.63,3.8,6
ORD000321,2024-10-18,CUST01193,56,PROD00664,Beauty,West,Mobile App,Debit Card,Delivered,1,80.31,10,80.31,8.03,72.28,43.47,28.81,17.59,4.0,8
ORD003259,2024-10-18,CUST00081,42,PROD00593,Sports,East,Website,Debit Card,Delivered,2,27.09,15,54.18,8.13,46.05,26.59,19.46,2.35,2.1,4
ORD001730,2024-10-18,CUST00883,37,PROD00443,Fashion,East,Mobile App,PayPal,Delivered,3,33.0,20,99.0,19.8,79.2,52.67,26.53,8.82,3.9,2
ORD003477,2024-10-19,CUST00417,20,PROD00413,Electronics,Central,Website,Debit Card,Returned,4,36.61,5,146.44,7.32,139.12,85.45,53.67,5.2,4.9,6
ORD003559,2024-10-19,CUST01480,46,PROD00130,Fashion,West,Mobile App,Credit Card,Returned,3,23.43,15,70.29,10.54,59.75,44.43,15.32,17.94,3.7,1
ORD004127,2024-10-19,CUST01277,52,PROD00242,Fashion,Central,Website,Cash on Delivery,Delivered,5,16.16,10,80.8,8.08,72.72,47.12,25.6,14.21,4.2,5
ORD004654,2024-10-19,CUST01300,51,PROD00264,Sports,East,Mobile App,Bank Transfer,Delivered,2,51.66,25,103.32,25.83,77.49,48.11,29.38,15.61,4.3,1
ORD000445,2024-10-19,CUST00334,46,PROD00215,Electronics,Central,Website,Bank Transfer,Delivered,1,93.81,15,93.81,14.07,79.74,37.87,41.87,5.45,5.0,7
ORD003149,2024-10-20,CUST00727,66,PROD00325,Home & Kitchen,West,Website,Debit Card,Delivered,4,18.55,5,74.2,3.71,70.49,51.85,18.64,9.05,4.1,9
ORD002422,2024-10-20,CUST01320,48,PROD00704,Electronics,Central,Website,Debit Card,Cancelled,2,18.6,5,37.2,1.86,35.34,16.01,19.33,5.59,4.2,4
ORD003469,2024-10-20,CUST01207,28,PROD00549,Electronics,South,Mobile App,Credit Card,Returned,4,95.77,20,383.08,76.62,306.46,154.54,151.92,4.84,3.8,9
ORD000239,2024-10-20,CUST00908,42,PROD00161,Fashion,East,Mobile App,Debit Card,Delivered,1,14.78,5,14.78,0.74,14.04,10.1,3.94,7.61,3.5,10
ORD002097,2024-10-21,CUST01486,29,PROD00787,Grocery,South,Website,Credit Card,Delivered,1,119.12,5,119.12,5.96,113.16,76.14,37.02,13.52,5.0,7
ORD002737,2024-10-21,CUST00769,39,PROD00467,Fashion,East,Mobile App,PayPal,Delivered,5,64.58,10,322.9,32.29,290.61,187.6,103.01,15.83,3.6,1
ORD003693,2024-10-21,CUST01225,45,PROD00351,Home & Kitchen,West,Marketplace,Bank Transfer,Delivered,1,19.84,5,19.84,0.99,18.85,14.01,4.84,9.3,3.8,10
ORD003789,2024-10-21,CUST00556,61,PROD00605,Sports,West,Marketplace,Debit Card,Delivered,5,66.11,15,330.55,49.58,280.97,156.26,124.71,3.18,3.7,10
ORD000169,2024-10-21,CUST00806,25,PROD00272,Grocery,West,Website,Debit Card,Delivered,1,29.77,20,29.77,5.95,23.82,17.48,6.34,12.0,3.0,3
ORD003999,2024-10-22,CUST00272,20,PROD00353,Beauty,East,Website,PayPal,Shipped,1,55.15,20,55.15,11.03,44.12,28.0,16.12,5.67,4.6,2
ORD000866,2024-10-22,CUST00901,35,PROD00196,Home & Kitchen,South,Mobile App,Debit Card,Delivered,3,10.4,10,31.2,3.12,28.08,17.14,10.94,10.16,3.7,5
ORD001069,2024-10-22,CUST01184,26,PROD00751,Home & Kitchen,Central,Marketplace,Debit Card,Delivered,1,28.84,15,28.84,4.33,24.51,17.42,7.09,1.53,3.3,6
ORD004391,2024-10-22,CUST00763,68,PROD00066,Sports,South,Website,Bank Transfer,Delivered,1,92.7,25,92.7,23.18,69.52,31.89,37.63,11.63,5.0,5
ORD003084,2024-10-22,CUST00738,21,PROD00218,Electronics,North,Mobile App,Credit Card,Delivered,1,24.13,10,24.13,2.41,21.72,16.09,5.63,17.38,4.4,7
ORD001855,2024-10-22,CUST00562,64,PROD00151,Sports,East,Website,Bank Transfer,Delivered,2,43.03,5,86.06,4.3,81.76,41.9,39.86,12.43,5.0,2
ORD003872,2024-10-22,CUST01084,54,PROD00232,Electronics,Central,Mobile App,Credit Card,Cancelled,2,117.65,25,235.3,58.82,176.48,129.77,46.71,2.39,4.6,9
ORD003017,2024-10-22,CUST01184,70,PROD00723,Beauty,Central,Marketplace,Credit Card,Delivered,1,23.15,0,23.15,0.0,23.15,13.84,9.31,12.61,4.1,10
ORD001668,2024-10-22,CUST00733,45,PROD00142,Beauty,East,Marketplace,Credit Card,Returned,5,79.94,5,399.7,19.98,379.72,289.99,89.73,8.94,3.1,1
ORD002407,2024-10-22,CUST01410,67,PROD00058,Beauty,North,Website,PayPal,Shipped,1,77.21,15,77.21,11.58,65.63,49.54,16.09,15.66,4.6,9
ORD001982,2024-10-22,CUST00628,26,PROD00325,Grocery,Central,Mobile App,PayPal,Delivered,3,29.36,5,88.08,4.4,83.68,40.35,43.33,15.98,4.6,6
ORD001414,2024-10-23,CUST01271,53,PROD00362,Home & Kitchen,Central,Mobile App,Credit Card,Delivered,5,25.16,15,125.8,18.87,106.93,49.36,57.57,12.54,2.6,5
ORD003400,2024-10-23,CUST00628,38,PROD00093,Electronics,West,Marketplace,Debit Card,Delivered,2,11.83,10,23.66,2.37,21.29,10.65,10.64,11.11,3.5,2
ORD001991,2024-10-23,CUST00588,41,PROD00525,Home & Kitchen,North,Marketplace,Bank Transfer,Delivered,3,24.36,30,73.08,21.92,51.16,25.9,25.26,11.38,3.7,8
ORD003238,2024-10-23,CUST01493,29,PROD00429,Fashion,Central,Mobile App,Bank Transfer,Returned,5,8.57,10,42.85,4.28,38.57,24.77,13.8,17.69,3.0,6
ORD003377,2024-10-23,CUST01288,33,PROD00496,Electronics,Central,Marketplace,Cash on Delivery,Delivered,2,14.65,5,29.3,1.46,27.84,15.82,12.02,12.38,4.4,10
ORD000892,2024-10-23,CUST01345,67,PROD00217,Fashion,West,Marketplace,PayPal,Cancelled,5,11.08,15,55.4,8.31,47.09,23.62,23.47,10.49,3.5,3
ORD002365,2024-10-23,CUST01397,45,PROD00656,Fashion,North,Website,Cash on Delivery,Cancelled,5,36.97,0,184.85,0.0,184.85,124.09,60.76,7.02,4.3,5
ORD001669,2024-10-23,CUST00063,35,PROD00376,Grocery,South,Mobile App,Debit Card,Cancelled,3,133.43,15,400.29,60.04,340.25,177.73,162.52,1.83,3.9,9
ORD000705,2024-10-23,CUST00867,44,PROD00438,Beauty,South,Website,Bank Transfer,Delivered,4,76.28,20,305.12,61.02,244.1,183.62,60.48,6.85,3.8,9
ORD004709,2024-10-23,CUST00548,48,PROD00475,Fashion,East,Website,Debit Card,Shipped,5,26.24,5,131.2,6.56,124.64,63.05,61.59,11.69,5.0,7
ORD001717,2024-10-23,CUST00176,37,PROD00627,Sports,Central,Website,PayPal,Delivered,1,34.7,25,34.7,8.68,26.02,14.06,11.96,12.52,4.0,5
ORD001986,2024-10-24,CUST01342,29,PROD00466,Electronics,North,Website,Cash on Delivery,Shipped,3,15.08,5,45.24,2.26,42.98,28.41,14.57,8.59,2.0,2
ORD004918,2024-10-24,CUST00381,61,PROD00038,Sports,South,Website,Cash on Delivery,Delivered,2,70.28,15,140.56,21.08,119.48,70.27,49.21,10.27,4.4,10
ORD001814,2024-10-24,CUST01493,43,PROD00141,Fashion,North,Mobile App,Credit Card,Delivered,3,117.59,15,352.77,52.92,299.85,174.19,125.66,11.91,4.3,7
ORD000408,2024-10-24,CUST00651,45,PROD00682,Fashion,South,Marketplace,Debit Card,Shipped,1,59.33,0,59.33,0.0,59.33,41.74,17.59,13.36,3.4,4
ORD004722,2024-10-24,CUST00517,19,PROD00045,Home & Kitchen,South,Marketplace,Debit Card,Delivered,3,9.73,25,29.19,7.3,21.89,15.52,6.37,3.95,3.0,10
ORD004134,2024-10-24,CUST01284,25,PROD00453,Fashion,West,Website,Debit Card,Delivered,5,3.96,15,19.8,2.97,16.83,12.69,4.14,16.44,3.9,5
ORD004386,2024-10-24,CUST00592,29,PROD00180,Sports,East,Website,Bank Transfer,Shipped,4,17.14,10,68.56,6.86,61.7,39.64,22.06,8.09,4.0,5
ORD001919,2024-10-25,CUST00068,28,PROD00020,Beauty,South,Mobile App,Cash on Delivery,Delivered,1,81.58,25,81.58,20.4,61.18,29.22,31.96,17.36,4.4,8
ORD000885,2024-10-25,CUST00352,36,PROD00358,Electronics,North,Marketplace,PayPal,Delivered,1,14.97,15,14.97,2.25,12.72,7.06,5.66,4.25,3.1,1
ORD001035,2024-10-25,CUST00779,34,PROD00369,Beauty,East,Mobile App,Credit Card,Returned,1,82.13,20,82.13,16.43,65.7,46.76,18.94,14.41,3.9,4
ORD001655,2024-10-25,CUST00513,52,PROD00734,Fashion,North,Website,Debit Card,Shipped,1,14.24,15,14.24,2.14,12.1,5.86,6.24,6.65,3.6,10
ORD000140,2024-10-25,CUST00534,60,PROD00336,Fashion,North,Marketplace,Debit Card,Delivered,3,29.42,20,88.26,17.65,70.61,54.21,16.4,15.68,4.1,4
ORD002077,2024-10-25,CUST00901,55,PROD00748,Home & Kitchen,Central,Mobile App,Cash on Delivery,Shipped,4,24.78,25,99.12,24.78,74.34,36.48,37.86,8.49,3.5,4
ORD000790,2024-10-26,CUST00104,40,PROD00120,Fashion,West,Website,Credit Card,Shipped,5,14.48,0,72.4,0.0,72.4,48.0,24.4,7.24,4.2,4
ORD004838,2024-10-26,CUST00883,18,PROD00343,Home & Kitchen,North,Website,Bank Transfer,Delivered,1,28.34,25,28.34,7.08,21.26,11.38,9.88,5.39,4.0,9
ORD001589,2024-10-26,CUST00928,47,PROD00477,Grocery,South,Website,Debit Card,Returned,3,27.08,20,81.24,16.25,64.99,33.13,31.86,3.19,5.0,9
ORD002854,2024-10-26,CUST01448,33,PROD00678,Grocery,Central,Mobile App,Cash on Delivery,Delivered,3,33.51,0,100.53,0.0,100.53,72.75,27.78,11.64,3.6,6
ORD000668,2024-10-27,CUST00834,62,PROD00250,Fashion,South,Website,Bank Transfer,Cancelled,1,118.18,15,118.18,17.73,100.45,47.38,53.07,12.6,5.0,10
ORD000991,2024-10-27,CUST00469,42,PROD00197,Beauty,South,Website,Bank Transfer,Delivered,5,41.2,5,206.0,10.3,195.7,111.19,84.51,4.44,4.7,8
ORD000893,2024-10-27,CUST00384,45,PROD00559,Home & Kitchen,West,Mobile App,Credit Card,Delivered,1,36.95,10,36.95,3.7,33.25,25.74,7.51,6.89,3.8,5
ORD004467,2024-10-27,CUST00608,31,PROD00408,Grocery,East,Website,Credit Card,Delivered,1,22.05,10,22.05,2.2,19.85,15.27,4.58,5.95,5.0,8
ORD002637,2024-10-27,CUST00132,59,PROD00073,Electronics,Central,Marketplace,Bank Transfer,Delivered,4,31.42,0,125.68,0.0,125.68,96.5,29.18,5.28,5.0,4
ORD002986,2024-10-28,CUST00636,46,PROD00505,Beauty,East,Website,Bank Transfer,Delivered,1,8.77,5,8.77,0.44,8.33,5.3,3.03,7.85,4.0,7
ORD000626,2024-10-28,CUST00139,21,PROD00243,Electronics,South,Mobile App,Bank Transfer,Cancelled,5,80.53,10,402.65,40.26,362.39,247.42,114.97,15.7,4.0,2
ORD002516,2024-10-28,CUST00237,62,PROD00485,Grocery,North,Mobile App,Credit Card,Delivered,1,23.36,5,23.36,1.17,22.19,12.37,9.82,9.65,4.1,8
ORD003921,2024-10-29,CUST00018,59,PROD00426,Grocery,East,Website,PayPal,Returned,5,82.37,25,411.85,102.96,308.89,240.67,68.22,6.37,3.3,2
ORD000504,2024-10-29,CUST00596,43,PROD00041,Fashion,West,Website,Credit Card,Delivered,5,73.08,15,365.4,54.81,310.59,143.06,167.53,15.57,3.1,5
ORD003459,2024-10-29,CUST00144,53,PROD00286,Sports,Central,Website,Debit Card,Cancelled,2,18.71,15,37.42,5.61,31.81,20.6,11.21,2.77,3.8,1
ORD002764,2024-10-29,CUST00270,44,PROD00488,Sports,Central,Mobile App,Credit Card,Delivered,2,37.1,5,74.2,3.71,70.49,47.66,22.83,13.31,4.5,5
ORD003214,2024-10-30,CUST00622,27,PROD00421,Fashion,Central,Mobile App,Credit Card,Cancelled,5,94.61,20,473.05,94.61,378.44,231.37,147.07,7.08,3.8,5
ORD001533,2024-10-30,CUST00367,54,PROD00265,Electronics,East,Website,Cash on Delivery,Delivered,5,41.07,0,205.35,0.0,205.35,158.78,46.57,4.37,3.0,10
ORD004890,2024-10-30,CUST00670,22,PROD00225,Grocery,Central,Website,Debit Card,Returned,3,35.4,5,106.2,5.31,100.89,72.34,28.55,9.59,4.8,2
ORD002280,2024-10-31,CUST01026,24,PROD00575,Grocery,South,Website,Bank Transfer,Delivered,4,56.05,20,224.2,44.84,179.36,112.19,67.17,8.31,5.0,6
ORD000911,2024-10-31,CUST01045,56,PROD00513,Beauty,East,Mobile App,Debit Card,Cancelled,5,60.91,10,304.55,30.45,274.1,177.16,96.94,11.74,4.3,4
ORD001725,2024-10-31,CUST01355,41,PROD00175,Grocery,North,Marketplace,Credit Card,Delivered,4,15.57,30,62.28,18.68,43.6,33.1,10.5,2.69,4.9,7
ORD003976,2024-10-31,CUST01016,53,PROD00721,Home & Kitchen,East,Mobile App,Cash on Delivery,Cancelled,1,8.4,15,8.4,1.26,7.14,5.47,1.67,13.59,4.1,10
ORD001623,2024-10-31,CUST01361,61,PROD00525,Sports,West,Marketplace,Debit Card,Delivered,2,15.37,20,30.74,6.15,24.59,13.22,11.37,15.75,5.0,2
ORD003517,2024-11-01,CUST00337,26,PROD00137,Beauty,East,Website,Credit Card,Delivered,1,32.46,30,32.46,9.74,22.72,16.24,6.48,8.88,4.2,10
ORD001865,2024-11-02,CUST00185,45,PROD00403,Grocery,South,Website,PayPal,Delivered,4,25.22,0,100.88,0.0,100.88,55.84,45.04,10.4,4.4,8
ORD001810,2024-11-02,CUST01395,57,PROD00582,Home & Kitchen,North,Mobile App,Credit Card,Returned,5,45.55,25,227.75,56.94,170.81,112.96,57.85,5.06,3.3,7
ORD003391,2024-11-02,CUST01408,69,PROD00226,Fashion,North,Mobile App,Credit Card,Delivered,5,19.21,20,96.05,19.21,76.84,50.23,26.61,6.53,4.7,1
ORD000628,2024-11-02,CUST01104,25,PROD00074,Sports,East,Mobile App,Cash on Delivery,Shipped,1,52.3,25,52.3,13.08,39.22,20.33,18.89,10.28,3.4,7
ORD001233,2024-11-02,CUST00060,48,PROD00666,Sports,Central,Mobile App,Credit Card,Delivered,3,28.44,15,85.32,12.8,72.52,40.89,31.63,13.73,3.2,1
ORD002154,2024-11-02,CUST00181,23,PROD00585,Electronics,Central,Mobile App,Cash on Delivery,Shipped,4,37.4,10,149.6,14.96,134.64,99.33,35.31,10.07,4.5,10
ORD002542,2024-11-02,CUST01439,41,PROD00253,Beauty,South,Website,PayPal,Delivered,4,13.09,15,52.36,7.85,44.51,23.79,20.72,14.91,4.0,1
ORD000487,2024-11-02,CUST00834,37,PROD00112,Home & Kitchen,North,Mobile App,Bank Transfer,Delivered,3,20.24,20,60.72,12.14,48.58,36.78,11.8,16.02,3.9,3
ORD001666,2024-11-03,CUST00902,22,PROD00777,Home & Kitchen,North,Website,Bank Transfer,Delivered,5,76.94,5,384.7,19.24,365.46,167.07,198.39,12.27,4.9,2
ORD001360,2024-11-03,CUST01334,67,PROD00275,Home & Kitchen,South,Marketplace,Bank Transfer,Returned,3,54.19,10,162.57,16.26,146.31,76.12,70.19,12.32,4.1,5
ORD004531,2024-11-03,CUST00132,19,PROD00450,Grocery,West,Website,Cash on Delivery,Shipped,4,50.17,25,200.68,50.17,150.51,68.78,81.73,17.54,3.8,9
ORD002386,2024-11-03,CUST00076,23,PROD00754,Electronics,West,Website,Debit Card,Delivered,3,63.75,25,191.25,47.81,143.44,75.85,67.59,14.46,3.4,2
ORD003414,2024-11-04,CUST00568,38,PROD00005,Electronics,North,Mobile App,Credit Card,Shipped,3,35.27,5,105.81,5.29,100.52,56.84,43.68,2.65,4.6,5
ORD000571,2024-11-04,CUST00228,28,PROD00153,Grocery,East,Mobile App,Debit Card,Delivered,2,51.31,5,102.62,5.13,97.49,48.2,49.29,5.38,2.5,7
ORD004371,2024-11-04,CUST01233,47,PROD00214,Electronics,East,Marketplace,Credit Card,Delivered,3,68.75,10,206.25,20.62,185.63,111.74,73.89,13.94,3.2,10
ORD003135,2024-11-04,CUST00156,34,PROD00782,Sports,East,Website,Cash on Delivery,Delivered,2,27.3,5,54.6,2.73,51.87,32.61,19.26,9.44,3.6,2
ORD002593,2024-11-04,CUST01347,56,PROD00673,Grocery,Central,Website,Cash on Delivery,Delivered,1,98.12,0,98.12,0.0,98.12,56.83,41.29,5.91,4.1,2
ORD004033,2024-11-04,CUST00533,56,PROD00080,Sports,West,Website,Credit Card,Cancelled,2,40.02,0,80.04,0.0,80.04,40.39,39.65,15.01,3.8,4
ORD004973,2024-11-04,CUST01471,64,PROD00662,Electronics,West,Website,Debit Card,Returned,2,56.69,0,113.38,0.0,113.38,76.13,37.25,15.16,5.0,9
ORD001247,2024-11-05,CUST00884,48,PROD00339,Electronics,East,Mobile App,Debit Card,Delivered,3,18.47,10,55.41,5.54,49.87,33.69,16.18,4.39,4.6,6
ORD002835,2024-11-05,CUST00087,31,PROD00310,Fashion,East,Marketplace,Debit Card,Shipped,5,19.54,5,97.7,4.88,92.82,47.74,45.08,16.75,5.0,1
ORD004065,2024-11-05,CUST00735,40,PROD00656,Grocery,South,Mobile App,Cash on Delivery,Delivered,5,15.25,15,76.25,11.44,64.81,29.88,34.93,4.21,3.7,3
ORD000507,2024-11-06,CUST01319,32,PROD00363,Grocery,West,Website,Debit Card,Cancelled,2,17.31,0,34.62,0.0,34.62,21.28,13.34,4.38,4.0,7
ORD000400,2024-11-06,CUST01126,29,PROD00478,Electronics,South,Website,PayPal,Delivered,5,24.01,15,120.05,18.01,102.04,70.67,31.37,8.04,5.0,5
ORD001028,2024-11-06,CUST00625,42,PROD00219,Fashion,Central,Marketplace,Debit Card,Shipped,4,139.32,10,557.28,55.73,501.55,270.59,230.96,9.0,4.1,5
ORD002380,2024-11-06,CUST00550,20,PROD00594,Electronics,West,Website,Debit Card,Cancelled,3,28.12,0,84.36,0.0,84.36,62.96,21.4,17.16,4.4,5
ORD000555,2024-11-07,CUST01399,38,PROD00385,Sports,East,Marketplace,Bank Transfer,Delivered,2,58.63,0,117.26,0.0,117.26,69.81,47.45,12.32,4.0,7
ORD003566,2024-11-08,CUST00983,62,PROD00154,Electronics,North,Mobile App,Debit Card,Cancelled,3,31.34,5,94.02,4.7,89.32,55.61,33.71,16.06,3.9,4
ORD001770,2024-11-08,CUST00648,22,PROD00515,Fashion,Central,Website,Debit Card,Delivered,4,60.22,10,240.88,24.09,216.79,149.45,67.34,4.5,4.1,7
ORD004045,2024-11-08,CUST00702,70,PROD00613,Home & Kitchen,North,Website,Cash on Delivery,Delivered,5,52.11,0,260.55,0.0,260.55,189.5,71.05,1.83,4.3,7
ORD002232,2024-11-09,CUST01125,67,PROD00016,Grocery,Central,Mobile App,Bank Transfer,Shipped,1,9.71,10,9.71,0.97,8.74,4.38,4.36,14.91,3.0,4
ORD003784,2024-11-09,CUST00265,70,PROD00036,Grocery,South,Marketplace,PayPal,Returned,5,28.82,5,144.1,7.2,136.9,88.89,48.01,13.28,4.1,2
ORD002543,2024-11-09,CUST00276,62,PROD00581,Home & Kitchen,West,Website,Debit Card,Delivered,3,14.11,5,42.33,2.12,40.21,26.49,13.72,12.2,3.5,6
ORD002222,2024-11-10,CUST01328,35,PROD00362,Fashion,Central,Mobile App,Bank Transfer,Delivered,4,79.8,20,319.2,63.84,255.36,194.71,60.65,6.17,4.8,3
ORD003321,2024-11-10,CUST01082,42,PROD00443,Fashion,Central,Website,Cash on Delivery,Shipped,5,60.36,15,301.8,45.27,256.53,120.27,136.26,7.85,3.7,10
ORD003064,2024-11-10,CUST00490,57,PROD00700,Beauty,East,Website,Credit Card,Returned,3,42.96,30,128.88,38.66,90.22,50.49,39.73,3.52,4.3,4
ORD004733,2024-11-10,CUST00894,20,PROD00484,Home & Kitchen,East,Mobile App,Credit Card,Cancelled,4,19.33,15,77.32,11.6,65.72,31.87,33.85,15.33,4.1,1
ORD003202,2024-11-11,CUST01135,21,PROD00542,Fashion,Central,Website,Credit Card,Returned,2,14.76,5,29.52,1.48,28.04,20.45,7.59,8.77,5.0,3
ORD003060,2024-11-11,CUST00008,68,PROD00009,Electronics,East,Website,PayPal,Cancelled,4,46.87,25,187.48,46.87,140.61,79.85,60.76,6.27,4.2,8
ORD004397,2024-11-11,CUST01121,57,PROD00730,Electronics,South,Mobile App,Cash on Delivery,Shipped,5,18.88,0,94.4,0.0,94.4,50.83,43.57,6.99,3.6,8
ORD003115,2024-11-11,CUST00825,57,PROD00338,Fashion,Central,Website,Cash on Delivery,Shipped,5,21.25,5,106.25,5.31,100.94,69.02,31.92,5.09,4.5,3
ORD001648,2024-11-12,CUST01249,23,PROD00713,Beauty,East,Mobile App,Bank Transfer,Delivered,3,39.32,5,117.96,5.9,112.06,60.79,51.27,11.94,3.5,4
ORD000126,2024-11-12,CUST00506,18,PROD00777,Electronics,East,Website,Bank Transfer,Returned,3,47.65,30,142.95,42.88,100.07,62.94,37.13,3.15,3.7,8
ORD000298,2024-11-12,CUST01286,40,PROD00650,Electronics,North,Website,Bank Transfer,Cancelled,1,70.48,20,70.48,14.1,56.38,39.01,17.37,17.2,3.7,3
ORD000634,2024-11-12,CUST01341,25,PROD00149,Fashion,Central,Website,Credit Card,Returned,2,6.09,30,12.18,3.65,8.53,5.78,2.75,11.35,4.0,10
ORD004735,2024-11-12,CUST00016,54,PROD00614,Sports,South,Website,PayPal,Delivered,3,40.85,0,122.55,0.0,122.55,95.4,27.15,8.74,3.6,10
ORD000846,2024-11-13,CUST01275,56,PROD00251,Grocery,West,Mobile App,Bank Transfer,Returned,1,8.03,0,8.03,0.0,8.03,5.99,2.04,17.44,3.9,6
ORD003638,2024-11-13,CUST01317,39,PROD00757,Home & Kitchen,North,Website,Credit Card,Delivered,3,57.73,5,173.19,8.66,164.53,89.22,75.31,15.53,3.5,9
ORD002674,2024-11-13,CUST00172,20,PROD00235,Fashion,Central,Website,PayPal,Delivered,5,61.45,0,307.25,0.0,307.25,148.34,158.91,12.81,3.3,4
ORD000099,2024-11-14,CUST00725,41,PROD00089,Beauty,South,Marketplace,Bank Transfer,Delivered,5,17.83,10,89.15,8.91,80.24,59.68,20.56,5.86,4.3,8
ORD000139,2024-11-14,CUST01105,58,PROD00374,Home & Kitchen,South,Marketplace,Bank Transfer,Cancelled,3,4.03,5,12.09,0.6,11.49,7.44,4.05,9.38,3.6,9
ORD000486,2024-11-15,CUST00264,48,PROD00175,Electronics,North,Website,PayPal,Delivered,2,23.56,20,47.12,9.42,37.7,26.34,11.36,13.28,3.3,5
ORD003569,2024-11-15,CUST00328,49,PROD00122,Beauty,West,Website,PayPal,Cancelled,1,10.26,25,10.26,2.56,7.7,4.44,3.26,8.85,5.0,7
ORD003492,2024-11-15,CUST00771,58,PROD00376,Fashion,North,Marketplace,Credit Card,Shipped,4,18.88,10,75.52,7.55,67.97,35.96,32.01,5.84,3.8,3
ORD002998,2024-11-15,CUST01209,36,PROD00714,Home & Kitchen,West,Mobile App,Bank Transfer,Delivered,1,27.74,5,27.74,1.39,26.35,15.31,11.04,5.83,4.5,1
ORD004445,2024-11-15,CUST00106,51,PROD00618,Beauty,West,Website,Credit Card,Cancelled,1,9.52,10,9.52,0.95,8.57,5.23,3.34,7.18,4.3,7
ORD004714,2024-11-15,CUST00976,42,PROD00269,Beauty,South,Marketplace,Debit Card,Delivered,1,38.48,20,38.48,7.7,30.78,15.74,15.04,16.17,3.7,1
ORD000561,2024-11-15,CUST00324,26,PROD00711,Electronics,East,Mobile App,Debit Card,Delivered,2,13.99,15,27.98,4.2,23.78,17.61,6.17,11.14,4.0,9
ORD004512,2024-11-15,CUST00988,63,PROD00507,Fashion,East,Marketplace,Bank Transfer,Returned,4,80.39,0,321.56,0.0,321.56,223.23,98.33,6.88,4.6,3
ORD000281,2024-11-15,CUST00454,62,PROD00168,Beauty,West,Website,Bank Transfer,Shipped,4,84.02,5,336.08,16.8,319.28,209.58,109.7,12.82,3.9,6
ORD001408,2024-11-15,CUST00219,33,PROD00328,Sports,Central,Mobile App,Cash on Delivery,Cancelled,3,14.31,15,42.93,6.44,36.49,24.51,11.98,15.17,4.2,6
ORD004191,2024-11-15,CUST00744,34,PROD00132,Home & Kitchen,West,Website,Bank Transfer,Shipped,2,71.74,30,143.48,43.04,100.44,61.14,39.3,3.91,5.0,1
ORD002130,2024-11-16,CUST01309,22,PROD00052,Home & Kitchen,East,Website,PayPal,Shipped,1,28.04,10,28.04,2.8,25.24,13.56,11.68,11.14,4.2,10
ORD000264,2024-11-16,CUST00771,34,PROD00016,Fashion,Central,Marketplace,Debit Card,Cancelled,1,108.98,0,108.98,0.0,108.98,75.25,33.73,12.52,2.4,6
ORD004877,2024-11-16,CUST01321,64,PROD00130,Home & Kitchen,Central,Mobile App,Credit Card,Delivered,1,60.89,20,60.89,12.18,48.71,35.38,13.33,11.8,5.0,3
ORD002910,2024-11-16,CUST00986,68,PROD00497,Electronics,South,Marketplace,Bank Transfer,Delivered,2,10.68,30,21.36,6.41,14.95,10.22,4.73,15.38,3.2,8
ORD001972,2024-11-16,CUST00624,33,PROD00204,Fashion,North,Website,Debit Card,Delivered,1,27.18,0,27.18,0.0,27.18,13.68,13.5,3.03,4.0,4
ORD001273,2024-11-17,CUST01271,33,PROD00294,Grocery,South,Website,Cash on Delivery,Cancelled,4,13.86,25,55.44,13.86,41.58,31.84,9.74,12.12,3.7,3
ORD000028,2024-11-17,CUST00569,45,PROD00484,Sports,South,Website,Cash on Delivery,Cancelled,3,53.86,5,161.58,8.08,153.5,70.05,83.45,6.92,3.0,9
ORD001664,2024-11-17,CUST00933,66,PROD00590,Grocery,East,Website,PayPal,Shipped,1,68.95,0,68.95,0.0,68.95,36.11,32.84,2.61,4.2,10
ORD001492,2024-11-17,CUST01479,30,PROD00348,Home & Kitchen,Central,Website,Cash on Delivery,Delivered,5,40.39,20,201.95,40.39,161.56,96.45,65.11,17.44,4.9,5
ORD001087,2024-11-18,CUST01016,62,PROD00478,Beauty,East,Mobile App,Debit Card,Shipped,3,40.15,15,120.45,18.07,102.38,48.48,53.9,13.55,3.0,6
ORD003601,2024-11-18,CUST00285,40,PROD00045,Electronics,South,Marketplace,Cash on Delivery,Delivered,2,47.14,10,94.28,9.43,84.85,55.83,29.02,2.05,3.2,6
ORD003778,2024-11-18,CUST00434,68,PROD00326,Sports,Central,Mobile App,Debit Card,Returned,5,34.22,10,171.1,17.11,153.99,85.76,68.23,14.72,4.4,5
ORD004883,2024-11-18,CUST00170,31,PROD00161,Home & Kitchen,South,Website,PayPal,Returned,2,32.76,20,65.52,13.1,52.42,32.91,19.51,13.14,4.5,2
ORD001553,2024-11-18,CUST01258,39,PROD00421,Electronics,Central,Website,PayPal,Shipped,2,37.81,30,75.62,22.69,52.93,37.42,15.51,6.54,3.8,6
ORD002268,2024-11-18,CUST01150,30,PROD00069,Home & Kitchen,East,Marketplace,Bank Transfer,Delivered,4,46.43,5,185.72,9.29,176.43,137.07,39.36,17.67,4.7,3
ORD000220,2024-11-18,CUST01415,58,PROD00233,Electronics,West,Mobile App,Credit Card,Delivered,2,57.89,5,115.78,5.79,109.99,83.36,26.63,11.72,3.6,9
ORD001171,2024-11-19,CUST01120,59,PROD00458,Grocery,Central,Marketplace,Debit Card,Shipped,1,28.69,5,28.69,1.43,27.26,15.73,11.53,7.45,3.0,9
ORD000898,2024-11-19,CUST00886,31,PROD00328,Fashion,North,Website,Cash on Delivery,Delivered,1,9.51,0,9.51,0.0,9.51,5.17,4.34,17.28,4.4,7
ORD000543,2024-11-19,CUST00785,53,PROD00199,Home & Kitchen,West,Mobile App,Credit Card,Delivered,3,113.87,10,341.61,34.16,307.45,183.6,123.85,14.59,3.2,1
ORD001174,2024-11-20,CUST01364,56,PROD00779,Sports,South,Mobile App,Bank Transfer,Cancelled,1,9.08,5,9.08,0.45,8.63,5.48,3.15,7.54,2.0,8
ORD003263,2024-11-20,CUST01076,32,PROD00423,Beauty,North,Website,Cash on Delivery,Delivered,1,28.98,5,28.98,1.45,27.53,14.12,13.41,6.61,4.2,10
ORD000751,2024-11-20,CUST00385,35,PROD00372,Grocery,Central,Mobile App,Credit Card,Cancelled,2,28.16,5,56.32,2.82,53.5,39.66,13.84,9.29,4.3,9
ORD004904,2024-11-20,CUST01424,45,PROD00303,Electronics,Central,Website,Cash on Delivery,Shipped,3,84.79,0,254.37,0.0,254.37,170.95,83.42,2.68,2.9,7
ORD001822,2024-11-20,CUST01444,58,PROD00621,Grocery,West,Mobile App,PayPal,Cancelled,4,154.11,10,616.44,61.64,554.8,402.65,152.15,5.55,4.5,7
ORD002151,2024-11-20,CUST01485,22,PROD00532,Electronics,Central,Website,Bank Transfer,Delivered,4,36.37,15,145.48,21.82,123.66,96.01,27.65,8.81,4.2,6
ORD003591,2024-11-20,CUST00768,42,PROD00787,Fashion,West,Marketplace,PayPal,Delivered,2,41.48,20,82.96,16.59,66.37,41.7,24.67,13.14,3.3,9
ORD000374,2024-11-20,CUST01307,56,PROD00786,Grocery,West,Marketplace,Debit Card,Shipped,1,77.1,20,77.1,15.42,61.68,40.99,20.69,8.55,4.3,8
ORD003303,2024-11-21,CUST01043,56,PROD00389,Fashion,South,Marketplace,Credit Card,Delivered,3,25.94,30,77.82,23.35,54.47,35.61,18.86,11.32,4.5,4
ORD002776,2024-11-21,CUST00880,66,PROD00310,Beauty,South,Website,PayPal,Returned,1,6.19,30,6.19,1.86,4.33,3.19,1.14,5.06,4.0,6
ORD000377,2024-11-21,CUST01049,68,PROD00189,Home & Kitchen,Central,Website,Bank Transfer,Delivered,5,16.25,0,81.25,0.0,81.25,56.24,25.01,4.67,3.3,6
ORD001512,2024-11-21,CUST00444,43,PROD00376,Home & Kitchen,North,Mobile App,Cash on Delivery,Delivered,4,189.09,25,756.36,189.09,567.27,417.14,150.13,5.45,2.4,10
ORD004272,2024-11-22,CUST00633,50,PROD00238,Grocery,West,Mobile App,Bank Transfer,Delivered,3,34.91,20,104.73,20.95,83.78,44.48,39.3,10.8,5.0,8
ORD000702,2024-11-22,CUST00986,26,PROD00606,Electronics,North,Mobile App,PayPal,Delivered,3,24.18,15,72.54,10.88,61.66,33.11,28.55,7.4,3.5,8
ORD004700,2024-11-22,CUST00201,39,PROD00108,Electronics,Central,Mobile App,Debit Card,Returned,1,25.03,0,25.03,0.0,25.03,12.45,12.58,17.97,4.5,9
ORD001323,2024-11-23,CUST00977,18,PROD00514,Grocery,North,Website,Debit Card,Delivered,3,19.6,5,58.8,2.94,55.86,43.14,12.72,9.54,2.8,2
ORD003001,2024-11-23,CUST00608,69,PROD00207,Home & Kitchen,Central,Mobile App,PayPal,Delivered,3,152.41,20,457.23,91.45,365.78,257.71,108.07,10.55,3.0,3
ORD004563,2024-11-23,CUST01242,24,PROD00628,Home & Kitchen,South,Marketplace,Bank Transfer,Returned,1,9.19,5,9.19,0.46,8.73,6.5,2.23,6.24,4.4,9
ORD001023,2024-11-23,CUST00163,64,PROD00675,Home & Kitchen,South,Website,PayPal,Delivered,1,21.01,5,21.01,1.05,19.96,15.43,4.53,10.25,3.6,8
ORD001516,2024-11-23,CUST00814,57,PROD00670,Beauty,South,Marketplace,Debit Card,Delivered,5,13.02,10,65.1,6.51,58.59,38.72,19.87,14.24,5.0,10
ORD004042,2024-11-24,CUST00081,64,PROD00130,Fashion,South,Mobile App,PayPal,Delivered,4,66.58,10,266.32,26.63,239.69,115.32,124.37,4.26,5.0,2
ORD003656,2024-11-24,CUST00610,35,PROD00514,Grocery,Central,Website,Cash on Delivery,Cancelled,4,8.55,0,34.2,0.0,34.2,23.73,10.47,9.33,3.3,6
ORD004333,2024-11-24,CUST00193,21,PROD00056,Electronics,West,Website,Cash on Delivery,Cancelled,2,28.64,0,57.28,0.0,57.28,34.17,23.11,13.22,3.3,2
ORD004998,2024-11-24,CUST00508,45,PROD00727,Electronics,West,Website,PayPal,Delivered,2,11.06,15,22.12,3.32,18.8,10.18,8.62,3.76,4.1,10
ORD002397,2024-11-25,CUST00640,69,PROD00494,Grocery,West,Marketplace,Credit Card,Shipped,1,19.9,20,19.9,3.98,15.92,10.82,5.1,13.54,4.1,2
ORD001410,2024-11-25,CUST00513,31,PROD00405,Fashion,Central,Website,Debit Card,Delivered,2,41.61,10,83.22,8.32,74.9,54.1,20.8,6.1,4.9,8
ORD003647,2024-11-25,CUST00281,58,PROD00597,Home & Kitchen,East,Website,Debit Card,Delivered,2,15.46,0,30.92,0.0,30.92,21.03,9.89,13.87,5.0,10
ORD002643,2024-11-25,CUST00435,44,PROD00056,Beauty,East,Mobile App,Debit Card,Delivered,3,31.8,25,95.4,23.85,71.55,51.27,20.28,12.48,3.5,4
ORD002939,2024-11-26,CUST00333,24,PROD00716,Grocery,South,Mobile App,Bank Transfer,Cancelled,2,17.53,5,35.06,1.75,33.31,23.03,10.28,4.23,4.2,10
ORD002006,2024-11-26,CUST00639,58,PROD00557,Sports,North,Mobile App,Bank Transfer,Cancelled,5,23.95,10,119.75,11.98,107.77,81.36,26.41,17.21,4.8,3
ORD002680,2024-11-26,CUST00532,59,PROD00504,Home & Kitchen,North,Mobile App,Debit Card,Cancelled,5,28.92,0,144.6,0.0,144.6,73.08,71.52,9.9,5.0,1
ORD000343,2024-11-27,CUST00422,41,PROD00513,Fashion,East,Mobile App,Credit Card,Delivered,3,55.91,25,167.73,41.93,125.8,86.03,39.77,6.67,4.7,4
ORD001129,2024-11-27,CUST00415,29,PROD00742,Sports,East,Marketplace,PayPal,Delivered,4,14.87,10,59.48,5.95,53.53,36.99,16.54,5.65,3.9,4
ORD004842,2024-11-28,CUST00673,39,PROD00767,Grocery,Central,Website,Credit Card,Returned,3,91.58,10,274.74,27.47,247.27,159.55,87.72,10.17,4.4,7
ORD004032,2024-11-28,CUST00838,62,PROD00683,Beauty,Central,Mobile App,Cash on Delivery,Returned,2,66.8,20,133.6,26.72,106.88,59.25,47.63,5.33,4.0,3
ORD001209,2024-11-28,CUST00132,41,PROD00381,Sports,West,Marketplace,PayPal,Delivered,2,55.51,10,111.02,11.1,99.92,65.3,34.62,15.89,3.7,10
ORD002851,2024-11-28,CUST00985,32,PROD00225,Beauty,Central,Mobile App,Credit Card,Delivered,4,45.8,15,183.2,27.48,155.72,99.93,55.79,16.1,3.6,8
ORD000509,2024-11-28,CUST00364,23,PROD00284,Beauty,South,Mobile App,Bank Transfer,Returned,5,43.26,25,216.3,54.08,162.22,75.85,86.37,5.84,2.4,5
ORD002043,2024-11-28,CUST00509,62,PROD00298,Grocery,West,Marketplace,Credit Card,Delivered,5,15.06,25,75.3,18.82,56.48,28.86,27.62,2.57,4.9,3
ORD002064,2024-11-28,CUST00617,33,PROD00517,Sports,North,Mobile App,Credit Card,Delivered,4,20.74,15,82.96,12.44,70.52,52.42,18.1,13.62,4.1,8
ORD000670,2024-11-29,CUST01070,31,PROD00232,Electronics,North,Mobile App,Bank Transfer,Cancelled,1,14.77,30,14.77,4.43,10.34,8.01,2.33,2.9,4.5,3
ORD004389,2024-11-29,CUST00931,23,PROD00005,Home & Kitchen,South,Mobile App,Credit Card,Delivered,2,133.11,20,266.22,53.24,212.98,105.16,107.82,10.94,3.9,4
ORD003857,2024-11-29,CUST01408,50,PROD00774,Beauty,West,Website,PayPal,Returned,4,44.0,15,176.0,26.4,149.6,100.6,49.0,1.71,3.3,5
ORD004697,2024-11-29,CUST01388,28,PROD00338,Fashion,East,Website,PayPal,Cancelled,4,37.59,10,150.36,15.04,135.32,93.35,41.97,9.3,4.2,3
ORD003833,2024-11-29,CUST00056,48,PROD00679,Home & Kitchen,North,Website,PayPal,Delivered,5,47.57,25,237.85,59.46,178.39,102.32,76.07,13.11,2.8,7
ORD000144,2024-11-29,CUST00379,38,PROD00410,Home & Kitchen,West,Mobile App,Debit Card,Returned,3,8.42,15,25.26,3.79,21.47,11.17,10.3,15.21,4.2,2
ORD000418,2024-11-29,CUST00196,46,PROD00367,Electronics,East,Mobile App,Credit Card,Cancelled,4,38.14,10,152.56,15.26,137.3,78.73,58.57,5.07,3.2,9
ORD001224,2024-11-30,CUST01346,27,PROD00749,Sports,Central,Mobile App,Credit Card,Delivered,4,123.58,10,494.32,49.43,444.89,285.48,159.41,16.08,3.8,5
ORD003931,2024-11-30,CUST00332,49,PROD00088,Electronics,South,Mobile App,Debit Card,Shipped,1,22.6,15,22.6,3.39,19.21,10.61,8.6,4.83,4.0,4
ORD001243,2024-11-30,CUST00736,43,PROD00173,Home & Kitchen,Central,Website,Credit Card,Returned,3,27.08,10,81.24,8.12,73.12,37.61,35.51,1.86,3.0,2
ORD000961,2024-11-30,CUST01180,53,PROD00301,Home & Kitchen,West,Mobile App,PayPal,Cancelled,3,28.32,10,84.96,8.5,76.46,48.42,28.04,9.64,4.1,4
ORD003022,2024-11-30,CUST01451,51,PROD00381,Fashion,Central,Mobile App,Cash on Delivery,Delivered,1,29.96,15,29.96,4.49,25.47,19.31,6.16,9.25,3.0,2
ORD000024,2024-11-30,CUST01369,21,PROD00697,Beauty,Central,Mobile App,Cash on Delivery,Cancelled,5,39.62,10,198.1,19.81,178.29,115.35,62.94,13.21,4.3,5
ORD001684,2024-11-30,CUST01262,25,PROD00415,Home & Kitchen,East,Website,PayPal,Returned,2,49.11,15,98.22,14.73,83.49,51.26,32.23,11.04,4.1,9
ORD000254,2024-11-30,CUST00731,69,PROD00183,Home & Kitchen,Central,Website,Cash on Delivery,Delivered,4,62.36,5,249.44,12.47,236.97,151.93,85.04,7.52,3.5,9
ORD003062,2024-11-30,CUST00275,66,PROD00118,Beauty,North,Website,Credit Card,Returned,1,28.68,10,28.68,2.87,25.81,17.3,8.51,13.18,2.3,8
ORD001870,2024-11-30,CUST01322,26,PROD00512,Beauty,North,Mobile App,Bank Transfer,Cancelled,3,71.62,10,214.86,21.49,193.37,148.78,44.59,1.66,4.5,6
ORD002291,2024-12-01,CUST01428,51,PROD00386,Home & Kitchen,Central,Mobile App,Cash on Delivery,Returned,4,14.61,0,58.44,0.0,58.44,39.51,18.93,1.81,4.5,8
ORD002455,2024-12-01,CUST01288,39,PROD00642,Beauty,East,Website,Debit Card,Returned,3,57.28,25,171.84,42.96,128.88,69.13,59.75,13.89,4.9,9
ORD003136,2024-12-01,CUST00440,40,PROD00141,Fashion,West,Website,PayPal,Returned,3,58.44,10,175.32,17.53,157.79,108.13,49.66,16.68,4.1,3
ORD004927,2024-12-02,CUST00639,38,PROD00401,Home & Kitchen,Central,Marketplace,PayPal,Returned,2,83.93,10,167.86,16.79,151.07,85.83,65.24,6.05,4.2,8
ORD002357,2024-12-02,CUST00022,66,PROD00092,Sports,Central,Website,PayPal,Cancelled,2,143.42,10,286.84,28.68,258.16,175.12,83.04,13.77,4.3,4
ORD004764,2024-12-02,CUST00608,51,PROD00139,Electronics,North,Marketplace,Credit Card,Cancelled,5,41.61,15,208.05,31.21,176.84,93.62,83.22,4.93,4.4,7
ORD001018,2024-12-02,CUST00022,70,PROD00584,Fashion,West,Website,Credit Card,Returned,1,35.32,10,35.32,3.53,31.79,18.84,12.95,12.89,3.8,1
ORD004048,2024-12-02,CUST00166,25,PROD00507,Home & Kitchen,South,Website,Credit Card,Delivered,2,45.11,15,90.22,13.53,76.69,36.49,40.2,3.92,3.6,7
ORD003074,2024-12-02,CUST00982,58,PROD00526,Grocery,West,Website,Cash on Delivery,Cancelled,4,18.21,20,72.84,14.57,58.27,35.38,22.89,9.72,4.2,8
ORD004222,2024-12-03,CUST01457,26,PROD00218,Beauty,West,Mobile App,Credit Card,Delivered,2,29.47,20,58.94,11.79,47.15,23.66,23.49,15.78,4.3,8
ORD002747,2024-12-03,CUST00476,22,PROD00567,Sports,Central,Website,Bank Transfer,Delivered,1,68.11,5,68.11,3.41,64.7,33.96,30.74,16.85,3.6,5
ORD002008,2024-12-03,CUST01021,57,PROD00135,Electronics,East,Marketplace,Debit Card,Returned,2,18.48,10,36.96,3.7,33.26,17.72,15.54,12.83,4.4,7
ORD000053,2024-12-03,CUST00676,27,PROD00023,Grocery,West,Website,Cash on Delivery,Cancelled,3,26.37,5,79.11,3.96,75.15,37.1,38.05,8.75,5.0,1
ORD002700,2024-12-03,CUST00237,70,PROD00369,Beauty,North,Marketplace,Cash on Delivery,Delivered,3,21.32,5,63.96,3.2,60.76,38.62,22.14,14.21,3.7,7
ORD001872,2024-12-03,CUST01306,39,PROD00303,Electronics,West,Marketplace,Debit Card,Delivered,5,25.62,20,128.1,25.62,102.48,54.83,47.65,12.72,5.0,9
ORD000336,2024-12-04,CUST00396,55,PROD00140,Grocery,Central,Website,Debit Card,Shipped,5,44.58,15,222.9,33.43,189.47,118.45,71.02,2.44,4.6,7
ORD002647,2024-12-04,CUST00411,66,PROD00302,Grocery,South,Website,Debit Card,Delivered,1,13.4,5,13.4,0.67,12.73,9.77,2.96,8.89,4.6,6
ORD002119,2024-12-04,CUST01409,31,PROD00656,Home & Kitchen,East,Website,Cash on Delivery,Cancelled,3,30.01,5,90.03,4.5,85.53,59.13,26.4,5.67,3.5,9
ORD001272,2024-12-04,CUST01411,68,PROD00237,Electronics,North,Website,Credit Card,Delivered,4,30.9,10,123.6,12.36,111.24,63.66,47.58,6.2,4.2,2
ORD001551,2024-12-04,CUST00253,68,PROD00126,Fashion,East,Website,PayPal,Delivered,3,28.03,0,84.09,0.0,84.09,63.61,20.48,16.79,3.7,6
ORD002465,2024-12-04,CUST00541,61,PROD00182,Fashion,West,Website,Credit Card,Cancelled,4,93.55,10,374.2,37.42,336.78,242.8,93.98,5.96,4.5,3
ORD001267,2024-12-05,CUST00792,34,PROD00387,Fashion,Central,Website,Credit Card,Shipped,2,14.31,5,28.62,1.43,27.19,21.05,6.14,5.22,3.8,3
ORD004690,2024-12-05,CUST01118,39,PROD00599,Sports,Central,Website,Credit Card,Delivered,4,21.33,25,85.32,21.33,63.99,39.19,24.8,17.26,2.4,2
ORD001144,2024-12-05,CUST00998,19,PROD00303,Fashion,West,Website,PayPal,Returned,1,52.08,10,52.08,5.21,46.87,32.83,14.04,7.83,5.0,9
ORD004433,2024-12-06,CUST01473,32,PROD00456,Beauty,Central,Website,Debit Card,Shipped,2,58.69,10,117.38,11.74,105.64,81.25,24.39,7.27,4.5,3
ORD003044,2024-12-07,CUST00524,37,PROD00399,Beauty,Central,Mobile App,PayPal,Delivered,2,20.21,10,40.42,4.04,36.38,27.89,8.49,7.3,3.8,5
ORD000968,2024-12-07,CUST01045,21,PROD00055,Beauty,South,Mobile App,Debit Card,Delivered,1,85.04,20,85.04,17.01,68.03,32.97,35.06,16.39,3.6,5
ORD001698,2024-12-08,CUST01046,39,PROD00374,Fashion,West,Mobile App,PayPal,Delivered,4,23.02,30,92.08,27.62,64.46,38.93,25.53,3.16,5.0,7
ORD004892,2024-12-08,CUST01298,32,PROD00735,Fashion,West,Marketplace,Bank Transfer,Returned,2,12.51,20,25.02,5.0,20.02,13.94,6.08,13.42,1.8,5
ORD000551,2024-12-09,CUST00062,67,PROD00530,Beauty,West,Marketplace,Credit Card,Delivered,5,24.93,20,124.65,24.93,99.72,68.27,31.45,11.8,2.0,7
ORD004969,2024-12-09,CUST00272,22,PROD00718,Electronics,South,Marketplace,Debit Card,Delivered,5,31.17,5,155.85,7.79,148.06,112.71,35.35,8.05,3.6,10
ORD003631,2024-12-09,CUST01159,62,PROD00289,Fashion,North,Mobile App,Debit Card,Delivered,1,42.11,30,42.11,12.63,29.48,19.82,9.66,13.93,3.7,7
ORD004440,2024-12-09,CUST00564,70,PROD00591,Electronics,North,Marketplace,Credit Card,Returned,5,8.88,5,44.4,2.22,42.18,29.86,12.32,7.74,3.9,7
ORD000965,2024-12-09,CUST00049,51,PROD00102,Electronics,East,Website,Bank Transfer,Returned,5,57.71,5,288.55,14.43,274.12,188.82,85.3,13.08,4.9,2
ORD002235,2024-12-09,CUST00403,33,PROD00176,Fashion,South,Mobile App,Debit Card,Delivered,4,55.2,0,220.8,0.0,220.8,132.15,88.65,2.35,3.4,6
ORD003013,2024-12-09,CUST00607,62,PROD00268,Electronics,West,Mobile App,Bank Transfer,Returned,1,28.86,0,28.86,0.0,28.86,17.05,11.81,10.91,3.9,7
ORD000526,2024-12-09,CUST00387,54,PROD00075,Fashion,Central,Website,Bank Transfer,Returned,1,124.64,20,124.64,24.93,99.71,53.27,46.44,16.86,2.5,3
ORD004392,2024-12-10,CUST00612,70,PROD00527,Sports,Central,Mobile App,Bank Transfer,Shipped,5,18.57,15,92.85,13.93,78.92,45.57,33.35,7.05,2.9,1
ORD001153,2024-12-10,CUST01130,60,PROD00245,Grocery,West,Mobile App,Credit Card,Delivered,5,30.9,5,154.5,7.72,146.78,102.47,44.31,9.94,4.0,5
ORD004075,2024-12-10,CUST01217,18,PROD00391,Sports,West,Mobile App,Bank Transfer,Delivered,4,26.09,20,104.36,20.87,83.49,45.69,37.8,10.6,3.4,8
ORD000887,2024-12-10,CUST01373,22,PROD00683,Fashion,West,Mobile App,PayPal,Delivered,4,17.27,5,69.08,3.45,65.63,40.01,25.62,2.1,5.0,10
ORD002111,2024-12-10,CUST00751,22,PROD00574,Grocery,Central,Website,Bank Transfer,Returned,4,125.51,10,502.04,50.2,451.84,206.4,245.44,16.19,4.6,7
ORD000136,2024-12-10,CUST01311,52,PROD00071,Fashion,Central,Website,Cash on Delivery,Delivered,1,12.4,0,12.4,0.0,12.4,6.33,6.07,2.36,4.3,6
ORD001072,2024-12-10,CUST00464,50,PROD00760,Beauty,West,Marketplace,Bank Transfer,Cancelled,4,77.83,0,311.32,0.0,311.32,237.23,74.09,3.05,4.3,1
ORD001568,2024-12-11,CUST00894,20,PROD00421,Fashion,North,Website,Debit Card,Cancelled,5,37.91,0,189.55,0.0,189.55,131.82,57.73,15.58,3.9,8
ORD001078,2024-12-11,CUST00280,30,PROD00188,Electronics,East,Website,Debit Card,Delivered,2,233.57,20,467.14,93.43,373.71,271.99,101.72,4.23,4.1,2
ORD004320,2024-12-11,CUST00393,28,PROD00691,Beauty,Central,Marketplace,Bank Transfer,Shipped,3,15.4,20,46.2,9.24,36.96,20.4,16.56,6.73,3.7,8
ORD000833,2024-12-12,CUST01456,18,PROD00505,Home & Kitchen,North,Mobile App,PayPal,Returned,5,37.59,30,187.95,56.39,131.56,77.03,54.53,7.28,4.0,10
ORD003826,2024-12-12,CUST01015,58,PROD00260,Grocery,West,Mobile App,Bank Transfer,Delivered,4,9.22,20,36.88,7.38,29.5,14.54,14.96,8.16,4.0,6
ORD001046,2024-12-13,CUST01484,38,PROD00497,Home & Kitchen,North,Mobile App,Cash on Delivery,Delivered,3,16.53,25,49.59,12.4,37.19,21.65,15.54,13.1,4.6,7
ORD002513,2024-12-13,CUST01054,70,PROD00416,Grocery,North,Website,Cash on Delivery,Delivered,1,59.95,5,59.95,3.0,56.95,39.9,17.05,15.52,3.6,10
ORD004170,2024-12-14,CUST00347,36,PROD00468,Sports,Central,Website,Credit Card,Shipped,1,14.56,20,14.56,2.91,11.65,8.95,2.7,2.44,5.0,9
ORD003342,2024-12-14,CUST00753,67,PROD00568,Fashion,North,Mobile App,Debit Card,Delivered,5,21.73,15,108.65,16.3,92.35,67.41,24.94,14.93,4.2,6
ORD002925,2024-12-14,CUST00151,40,PROD00794,Grocery,North,Mobile App,PayPal,Cancelled,5,37.95,0,189.75,0.0,189.75,95.69,94.06,17.22,3.4,8
ORD000556,2024-12-14,CUST00877,18,PROD00756,Grocery,East,Mobile App,Bank Transfer,Delivered,5,23.66,25,118.3,29.58,88.72,55.04,33.68,12.18,3.9,10
ORD003877,2024-12-14,CUST01494,25,PROD00302,Electronics,Central,Website,PayPal,Cancelled,4,50.95,25,203.8,50.95,152.85,72.81,80.04,13.8,3.0,6
ORD003194,2024-12-14,CUST01011,26,PROD00378,Electronics,West,Website,Credit Card,Returned,4,32.37,25,129.48,32.37,97.11,65.3,31.81,10.8,4.2,3
ORD000682,2024-12-14,CUST00118,60,PROD00307,Beauty,South,Website,Credit Card,Delivered,4,28.03,5,112.12,5.61,106.51,52.46,54.05,17.51,3.4,10
ORD000466,2024-12-14,CUST01480,69,PROD00545,Grocery,West,Website,Bank Transfer,Shipped,4,11.63,15,46.52,6.98,39.54,20.37,19.17,16.13,2.5,6
ORD000979,2024-12-14,CUST01045,66,PROD00434,Electronics,East,Mobile App,Cash on Delivery,Cancelled,3,96.33,25,288.99,72.25,216.74,149.16,67.58,12.69,2.5,8
ORD001361,2024-12-14,CUST00028,53,PROD00070,Fashion,South,Website,Debit Card,Delivered,1,15.89,20,15.89,3.18,12.71,8.99,3.72,4.56,4.7,6
ORD002646,2024-12-15,CUST00470,28,PROD00172,Sports,North,Website,PayPal,Delivered,4,39.14,30,156.56,46.97,109.59,60.58,49.01,9.31,5.0,2
ORD001898,2024-12-15,CUST00045,65,PROD00710,Home & Kitchen,North,Website,Bank Transfer,Delivered,2,75.93,20,151.86,30.37,121.49,61.01,60.48,8.92,3.4,1
ORD000732,2024-12-15,CUST00485,20,PROD00079,Electronics,North,Marketplace,PayPal,Delivered,2,21.91,0,43.82,0.0,43.82,19.9,23.92,4.87,3.8,3
ORD001609,2024-12-15,CUST00498,30,PROD00699,Sports,South,Website,Credit Card,Delivered,3,34.57,15,103.71,15.56,88.15,62.64,25.51,12.79,2.6,1
ORD001275,2024-12-16,CUST00447,62,PROD00087,Home & Kitchen,West,Website,PayPal,Shipped,3,4.54,10,13.62,1.36,12.26,7.31,4.95,6.65,4.6,6
ORD001385,2024-12-16,CUST00600,49,PROD00413,Fashion,West,Marketplace,Bank Transfer,Delivered,1,30.54,5,30.54,1.53,29.01,13.9,15.11,14.73,4.1,2
ORD003549,2024-12-16,CUST00208,24,PROD00052,Beauty,South,Website,Cash on Delivery,Shipped,4,77.65,15,310.6,46.59,264.01,132.09,131.92,2.26,4.9,3
ORD003150,2024-12-16,CUST01179,57,PROD00672,Beauty,Central,Marketplace,PayPal,Shipped,4,23.25,25,93.0,23.25,69.75,37.46,32.29,16.94,3.7,3
ORD003484,2024-12-16,CUST00784,20,PROD00070,Electronics,Central,Mobile App,Credit Card,Returned,1,29.9,0,29.9,0.0,29.9,17.88,12.02,10.23,2.9,4
ORD004024,2024-12-17,CUST01278,20,PROD00385,Home & Kitchen,West,Mobile App,Bank Transfer,Delivered,4,22.67,15,90.68,13.6,77.08,36.56,40.52,5.8,3.7,1
ORD000562,2024-12-17,CUST00619,25,PROD00090,Beauty,South,Marketplace,Debit Card,Shipped,3,137.05,5,411.15,20.56,390.59,294.42,96.17,3.73,1.8,7
ORD003848,2024-12-17,CUST00950,67,PROD00443,Electronics,South,Mobile App,Debit Card,Returned,4,11.68,10,46.72,4.67,42.05,22.88,19.17,8.05,4.3,2
ORD002995,2024-12-18,CUST01304,55,PROD00240,Fashion,North,Marketplace,Debit Card,Delivered,2,30.87,30,61.74,18.52,43.22,28.15,15.07,8.88,4.2,9
ORD004920,2024-12-18,CUST00552,26,PROD00069,Fashion,North,Website,PayPal,Delivered,2,72.65,0,145.3,0.0,145.3,94.92,50.38,16.92,2.7,5
ORD000426,2024-12-18,CUST01124,27,PROD00433,Sports,West,Website,Credit Card,Cancelled,2,5.36,0,10.72,0.0,10.72,7.26,3.46,1.53,4.5,9
ORD003467,2024-12-18,CUST01193,53,PROD00736,Home & Kitchen,South,Website,Debit Card,Delivered,3,89.43,30,268.29,80.49,187.8,98.25,89.55,4.47,2.8,6
ORD004181,2024-12-18,CUST00750,29,PROD00386,Home & Kitchen,Central,Mobile App,Cash on Delivery,Delivered,4,9.19,5,36.76,1.84,34.92,21.96,12.96,15.81,4.6,7
ORD000658,2024-12-19,CUST00905,51,PROD00581,Grocery,West,Marketplace,Debit Card,Delivered,4,53.56,10,214.24,21.42,192.82,91.75,101.07,12.14,3.9,2
ORD003519,2024-12-19,CUST00313,46,PROD00575,Beauty,West,Mobile App,Credit Card,Shipped,3,10.4,0,31.2,0.0,31.2,16.82,14.38,2.56,4.4,9
ORD001651,2024-12-20,CUST00654,29,PROD00192,Fashion,East,Mobile App,Credit Card,Delivered,4,12.52,5,50.08,2.5,47.58,32.74,14.84,4.16,3.4,10
ORD000064,2024-12-20,CUST01124,36,PROD00711,Fashion,North,Mobile App,PayPal,Returned,5,47.32,30,236.6,70.98,165.62,127.78,37.84,15.98,2.0,9
ORD002671,2024-12-20,CUST00243,68,PROD00595,Home & Kitchen,South,Mobile App,PayPal,Returned,4,46.48,15,185.92,27.89,158.03,99.01,59.02,10.74,3.5,1
ORD002860,2024-12-20,CUST00716,64,PROD00785,Beauty,Central,Website,Debit Card,Delivered,4,58.8,15,235.2,35.28,199.92,133.88,66.04,8.55,3.6,10
ORD004236,2024-12-20,CUST00603,53,PROD00014,Electronics,West,Website,Credit Card,Returned,5,6.8,10,34.0,3.4,30.6,18.95,11.65,7.47,3.3,7
ORD004485,2024-12-20,CUST01258,31,PROD00550,Fashion,East,Marketplace,Credit Card,Delivered,3,25.33,0,75.99,0.0,75.99,54.72,21.27,4.1,4.0,6
ORD003821,2024-12-20,CUST01397,61,PROD00606,Electronics,West,Mobile App,Credit Card,Delivered,5,26.71,15,133.55,20.03,113.52,54.21,59.31,11.86,5.0,3
ORD004510,2024-12-20,CUST00688,38,PROD00427,Fashion,Central,Website,PayPal,Delivered,5,49.25,15,246.25,36.94,209.31,149.01,60.3,14.67,4.0,6
ORD003673,2024-12-21,CUST00682,59,PROD00012,Fashion,North,Mobile App,Bank Transfer,Returned,2,48.24,0,96.48,0.0,96.48,72.87,23.61,16.88,4.5,10
ORD000984,2024-12-21,CUST01129,26,PROD00179,Sports,Central,Mobile App,Bank Transfer,Cancelled,2,18.02,0,36.04,0.0,36.04,21.43,14.61,14.44,3.6,7
ORD003403,2024-12-21,CUST01044,37,PROD00354,Electronics,Central,Mobile App,Cash on Delivery,Cancelled,4,35.34,10,141.36,14.14,127.22,86.47,40.75,16.53,2.6,1
ORD003306,2024-12-21,CUST00651,62,PROD00227,Grocery,East,Website,PayPal,Returned,1,34.7,20,34.7,6.94,27.76,18.15,9.61,12.74,3.0,9
ORD001342,2024-12-21,CUST00816,55,PROD00725,Electronics,East,Mobile App,Credit Card,Delivered,2,38.94,15,77.88,11.68,66.2,50.89,15.31,12.14,5.0,7
ORD003863,2024-12-22,CUST00275,47,PROD00044,Electronics,South,Website,Cash on Delivery,Shipped,3,38.64,20,115.92,23.18,92.74,57.91,34.83,9.53,5.0,6
ORD004593,2024-12-22,CUST00419,69,PROD00291,Beauty,North,Website,PayPal,Cancelled,4,135.72,10,542.88,54.29,488.59,250.06,238.53,16.46,4.0,5
ORD001111,2024-12-22,CUST00875,19,PROD00030,Sports,East,Mobile App,PayPal,Cancelled,5,51.94,15,259.7,38.96,220.74,168.65,52.09,2.79,4.6,4
ORD004772,2024-12-23,CUST00991,31,PROD00176,Electronics,West,Mobile App,Credit Card,Returned,1,35.32,30,35.32,10.6,24.72,13.91,10.81,3.63,3.4,4
ORD000909,2024-12-23,CUST01394,20,PROD00247,Beauty,East,Website,PayPal,Shipped,4,21.39,15,85.56,12.83,72.73,50.73,22.0,5.75,4.4,5
ORD002319,2024-12-24,CUST00021,20,PROD00468,Sports,South,Website,Cash on Delivery,Delivered,2,28.61,15,57.22,8.58,48.64,29.41,19.23,5.63,4.0,6
ORD000737,2024-12-24,CUST01485,62,PROD00279,Electronics,Central,Mobile App,Bank Transfer,Cancelled,4,36.23,15,144.92,21.74,123.18,68.76,54.42,5.93,5.0,3
ORD003839,2024-12-25,CUST00035,33,PROD00157,Fashion,Central,Website,PayPal,Delivered,2,145.57,10,291.14,29.11,262.03,185.09,76.94,15.4,4.8,9
ORD002134,2024-12-25,CUST00760,30,PROD00114,Beauty,South,Marketplace,Credit Card,Cancelled,1,10.6,20,10.6,2.12,8.48,4.59,3.89,17.64,4.6,10
ORD000772,2024-12-25,CUST00661,19,PROD00654,Home & Kitchen,Central,Mobile App,Debit Card,Delivered,3,42.45,15,127.35,19.1,108.25,55.08,53.17,3.52,3.7,8
ORD001566,2024-12-25,CUST01377,29,PROD00016,Fashion,West,Website,Debit Card,Returned,5,16.37,0,81.85,0.0,81.85,44.25,37.6,15.41,3.6,5
ORD002297,2024-12-25,CUST00002,52,PROD00457,Fashion,Central,Website,Debit Card,Returned,4,42.06,0,168.24,0.0,168.24,130.84,37.4,14.25,4.2,1
ORD000100,2024-12-26,CUST00265,44,PROD00177,Fashion,Central,Mobile App,Bank Transfer,Cancelled,2,44.43,20,88.86,17.77,71.09,52.87,18.22,10.93,3.9,1
ORD004694,2024-12-26,CUST00038,27,PROD00637,Beauty,South,Website,PayPal,Shipped,2,33.21,25,66.42,16.6,49.82,31.78,18.04,10.36,2.7,8
ORD003096,2024-12-26,CUST01241,61,PROD00797,Electronics,Central,Marketplace,Debit Card,Cancelled,4,33.63,20,134.52,26.9,107.62,71.48,36.14,2.36,4.6,3
ORD000662,2024-12-26,CUST00038,36,PROD00023,Beauty,North,Marketplace,PayPal,Cancelled,3,13.12,25,39.36,9.84,29.52,19.61,9.91,6.79,5.0,3
ORD003388,2024-12-26,CUST00078,21,PROD00022,Beauty,South,Website,Debit Card,Delivered,1,14.43,5,14.43,0.72,13.71,9.63,4.08,8.35,3.7,9
ORD001642,2024-12-26,CUST00045,20,PROD00018,Grocery,South,Marketplace,PayPal,Shipped,1,25.64,20,25.64,5.13,20.51,9.64,10.87,17.84,3.8,8
ORD001902,2024-12-26,CUST01446,33,PROD00340,Sports,South,Mobile App,Bank Transfer,Delivered,2,4.37,0,8.74,0.0,8.74,4.97,3.77,3.81,4.4,5
ORD004001,2024-12-26,CUST01374,47,PROD00445,Grocery,South,Website,Bank Transfer,Shipped,5,13.85,25,69.25,17.31,51.94,28.09,23.85,10.38,4.0,7
ORD002730,2024-12-26,CUST00141,26,PROD00726,Grocery,Central,Website,Credit Card,Returned,4,17.06,0,68.24,0.0,68.24,46.29,21.95,9.67,3.0,2
ORD003180,2024-12-26,CUST00847,56,PROD00425,Electronics,West,Website,Credit Card,Delivered,1,24.07,0,24.07,0.0,24.07,16.14,7.93,4.59,4.7,8
ORD001334,2024-12-26,CUST01314,46,PROD00684,Electronics,North,Mobile App,Bank Transfer,Cancelled,1,42.05,0,42.05,0.0,42.05,24.29,17.76,8.8,3.3,5
ORD004156,2024-12-26,CUST01244,61,PROD00739,Electronics,North,Website,PayPal,Cancelled,1,126.08,15,126.08,18.91,107.17,57.96,49.21,15.57,4.1,4
ORD001089,2024-12-27,CUST00989,33,PROD00045,Home & Kitchen,East,Website,Bank Transfer,Shipped,3,10.53,15,31.59,4.74,26.85,15.09,11.76,7.54,4.7,10
ORD003532,2024-12-27,CUST00286,19,PROD00158,Electronics,West,Mobile App,Debit Card,Delivered,1,37.95,15,37.95,5.69,32.26,15.69,16.57,4.38,4.3,6
ORD001170,2024-12-27,CUST00937,70,PROD00031,Fashion,Central,Website,Debit Card,Returned,4,13.33,0,53.32,0.0,53.32,25.1,28.22,17.66,3.9,4
ORD000385,2024-12-27,CUST00798,27,PROD00186,Sports,East,Website,Bank Transfer,Shipped,1,64.54,0,64.54,0.0,64.54,49.48,15.06,3.63,2.9,5
ORD002494,2024-12-27,CUST01026,41,PROD00005,Electronics,North,Website,Bank Transfer,Cancelled,2,37.71,25,75.42,18.86,56.56,41.17,15.39,10.92,4.6,10
ORD001712,2024-12-27,CUST00627,56,PROD00698,Fashion,Central,Mobile App,Debit Card,Cancelled,2,18.78,25,37.56,9.39,28.17,17.26,10.91,2.96,4.1,10
ORD004610,2024-12-27,CUST00465,24,PROD00409,Fashion,West,Mobile App,Debit Card,Delivered,1,27.26,15,27.26,4.09,23.17,16.89,6.28,13.58,4.6,9
ORD000290,2024-12-27,CUST00132,26,PROD00754,Sports,South,Website,Credit Card,Delivered,5,48.29,15,241.45,36.22,205.23,124.28,80.95,12.88,4.7,2
ORD003735,2024-12-28,CUST00294,40,PROD00179,Fashion,North,Marketplace,PayPal,Delivered,5,34.88,0,174.4,0.0,174.4,81.66,92.74,11.15,5.0,6
ORD002412,2024-12-28,CUST00073,32,PROD00761,Electronics,South,Website,Credit Card,Delivered,3,29.34,20,88.02,17.6,70.42,50.04,20.38,6.69,4.3,6
ORD003138,2024-12-28,CUST00748,41,PROD00113,Sports,North,Website,Bank Transfer,Delivered,5,23.77,5,118.85,5.94,112.91,59.86,53.05,17.29,2.2,3
ORD004380,2024-12-29,CUST00362,63,PROD00556,Home & Kitchen,South,Website,Bank Transfer,Delivered,4,42.65,15,170.6,25.59,145.01,68.05,76.96,14.29,4.2,7
ORD002873,2024-12-29,CUST01107,62,PROD00103,Fashion,East,Website,Cash on Delivery,Delivered,4,92.44,20,369.76,73.95,295.81,139.25,156.56,5.99,3.2,7
ORD001349,2024-12-29,CUST00410,42,PROD00428,Home & Kitchen,South,Marketplace,Credit Card,Delivered,3,29.59,10,88.77,8.88,79.89,50.29,29.6,2.07,3.9,9
ORD000397,2024-12-29,CUST00670,65,PROD00280,Fashion,Central,Website,Cash on Delivery,Cancelled,3,211.31,5,633.93,31.7,602.23,284.7,317.53,17.57,3.6,6
ORD000416,2024-12-29,CUST00272,27,PROD00258,Fashion,North,Mobile App,Bank Transfer,Cancelled,1,75.18,5,75.18,3.76,71.42,35.38,36.04,3.41,2.3,10
ORD000055,2024-12-30,CUST00239,36,PROD00084,Beauty,South,Website,Bank Transfer,Shipped,1,41.59,30,41.59,12.48,29.11,19.63,9.48,5.4,4.3,8
ORD002445,2024-12-30,CUST00126,49,PROD00506,Electronics,West,Marketplace,Debit Card,Delivered,5,15.36,25,76.8,19.2,57.6,35.19,22.41,12.83,3.6,7
ORD004539,2024-12-30,CUST00670,63,PROD00183,Sports,Central,Website,PayPal,Delivered,5,24.81,30,124.05,37.22,86.83,42.61,44.22,16.27,3.8,8
ORD000152,2024-12-30,CUST00790,32,PROD00041,Grocery,West,Website,Cash on Delivery,Delivered,5,32.55,10,162.75,16.27,146.48,104.63,41.85,14.71,3.1,10
ORD001009,2024-12-31,CUST00880,31,PROD00763,Fashion,East,Mobile App,Credit Card,Delivered,2,64.85,10,129.7,12.97,116.73,64.9,51.83,14.55,2.9,9
ORD001260,2024-12-31,CUST01392,24,PROD00526,Electronics,East,Mobile App,Debit Card,Delivered,1,21.0,15,21.0,3.15,17.85,8.69,9.16,2.53,3.5,9
ORD004421,2024-12-31,CUST00529,40,PROD00725,Home & Kitchen,Central,Website,PayPal,Delivered,3,69.2,0,207.6,0.0,207.6,136.46,71.14,15.85,4.3,5
ORD000519,2025-01-01,CUST00238,45,PROD00150,Sports,North,Website,Bank Transfer,Returned,5,23.79,0,118.95,0.0,118.95,56.13,62.82,4.54,4.2,10
ORD004108,2025-01-01,CUST00005,41,PROD00536,Grocery,West,Website,Credit Card,Cancelled,5,12.98,5,64.9,3.24,61.66,34.78,26.88,15.98,3.9,2
ORD001433,2025-01-01,CUST00140,42,PROD00655,Electronics,West,Website,PayPal,Delivered,3,56.09,5,168.27,8.41,159.86,106.24,53.62,3.3,4.3,9
ORD004662,2025-01-01,CUST00272,30,PROD00404,Home & Kitchen,Central,Mobile App,Cash on Delivery,Delivered,1,19.39,15,19.39,2.91,16.48,10.2,6.28,3.22,3.9,5
ORD004841,2025-01-01,CUST00538,42,PROD00110,Home & Kitchen,South,Website,Cash on Delivery,Shipped,4,13.08,15,52.32,7.85,44.47,22.08,22.39,14.56,3.2,7
ORD000511,2025-01-01,CUST00047,70,PROD00277,Fashion,North,Website,PayPal,Cancelled,5,125.78,20,628.9,125.78,503.12,364.56,138.56,4.71,3.5,8
ORD004028,2025-01-01,CUST00544,57,PROD00309,Fashion,Central,Mobile App,Cash on Delivery,Delivered,3,43.65,15,130.95,19.64,111.31,86.74,24.57,11.86,3.0,6
ORD003488,2025-01-01,CUST01354,42,PROD00396,Electronics,North,Mobile App,Debit Card,Cancelled,5,64.86,20,324.3,64.86,259.44,174.86,84.58,3.59,4.3,5
ORD002724,2025-01-02,CUST00178,31,PROD00438,Electronics,North,Website,Debit Card,Delivered,3,21.94,20,65.82,13.16,52.66,26.61,26.05,8.3,3.7,3
ORD004129,2025-01-02,CUST01089,53,PROD00240,Beauty,West,Mobile App,Bank Transfer,Returned,1,16.75,10,16.75,1.68,15.07,7.09,7.98,15.42,3.5,9
ORD003904,2025-01-02,CUST00139,44,PROD00517,Beauty,East,Mobile App,Cash on Delivery,Cancelled,1,68.96,10,68.96,6.9,62.06,32.26,29.8,5.73,5.0,6
ORD003012,2025-01-02,CUST01180,43,PROD00307,Sports,Central,Mobile App,Credit Card,Delivered,4,35.2,5,140.8,7.04,133.76,64.32,69.44,8.29,3.7,2
ORD000443,2025-01-02,CUST01167,26,PROD00018,Home & Kitchen,West,Website,PayPal,Cancelled,4,72.16,20,288.64,57.73,230.91,143.73,87.18,2.49,4.5,8
ORD003548,2025-01-03,CUST00635,38,PROD00210,Grocery,East,Website,Credit Card,Cancelled,2,16.65,15,33.3,4.99,28.31,16.08,12.23,10.83,4.5,8
ORD001328,2025-01-03,CUST01008,53,PROD00369,Beauty,West,Mobile App,PayPal,Delivered,2,26.69,0,53.38,0.0,53.38,35.26,18.12,10.55,3.9,3
ORD000427,2025-01-04,CUST00081,65,PROD00429,Fashion,North,Mobile App,Debit Card,Returned,5,30.71,0,153.55,0.0,153.55,86.78,66.77,13.62,3.1,6
ORD003769,2025-01-04,CUST00718,54,PROD00715,Grocery,South,Mobile App,Credit Card,Delivered,4,46.46,25,185.84,46.46,139.38,83.77,55.61,1.51,3.0,8
ORD004831,2025-01-04,CUST00722,46,PROD00634,Beauty,Central,Website,Cash on Delivery,Returned,4,15.11,0,60.44,0.0,60.44,38.65,21.79,3.79,3.9,4
ORD000952,2025-01-04,CUST00591,65,PROD00752,Electronics,North,Website,Bank Transfer,Returned,5,24.59,0,122.95,0.0,122.95,83.54,39.41,7.44,3.9,4
ORD000983,2025-01-05,CUST01022,60,PROD00548,Fashion,North,Mobile App,Bank Transfer,Returned,5,44.3,15,221.5,33.22,188.28,98.25,90.03,6.78,3.1,6
ORD003560,2025-01-05,CUST01171,51,PROD00105,Home & Kitchen,North,Mobile App,Bank Transfer,Returned,3,11.16,0,33.48,0.0,33.48,15.68,17.8,3.16,3.7,1
ORD001574,2025-01-05,CUST00675,18,PROD00534,Grocery,Central,Website,Debit Card,Delivered,3,8.63,20,25.89,5.18,20.71,14.19,6.52,9.95,2.9,6
ORD002919,2025-01-05,CUST00640,39,PROD00170,Fashion,East,Marketplace,Debit Card,Returned,5,20.78,15,103.9,15.58,88.32,50.28,38.04,8.31,3.4,8
ORD000499,2025-01-05,CUST00655,63,PROD00087,Fashion,East,Mobile App,PayPal,Returned,2,81.94,15,163.88,24.58,139.3,85.73,53.57,14.53,3.0,3
ORD003281,2025-01-06,CUST00335,30,PROD00320,Home & Kitchen,South,Website,Credit Card,Delivered,4,11.01,10,44.04,4.4,39.64,24.57,15.07,6.72,4.0,5
ORD002663,2025-01-06,CUST00360,55,PROD00217,Beauty,South,Marketplace,PayPal,Delivered,5,36.81,20,184.05,36.81,147.24,111.49,35.75,3.58,5.0,8
ORD000591,2025-01-07,CUST00432,30,PROD00071,Sports,Central,Website,Credit Card,Delivered,2,39.53,0,79.06,0.0,79.06,60.99,18.07,2.36,3.9,8
ORD001188,2025-01-07,CUST00341,60,PROD00343,Fashion,North,Website,Debit Card,Shipped,3,25.6,10,76.8,7.68,69.12,32.6,36.52,9.64,3.8,8
ORD003820,2025-01-07,CUST00177,52,PROD00253,Electronics,South,Website,Cash on Delivery,Delivered,3,96.25,0,288.75,0.0,288.75,187.27,101.48,2.37,3.4,3
ORD001289,2025-01-07,CUST01124,21,PROD00412,Home & Kitchen,South,Mobile App,Debit Card,Shipped,2,45.29,15,90.58,13.59,76.99,46.48,30.51,3.25,2.9,2
ORD001748,2025-01-07,CUST00515,24,PROD00461,Grocery,East,Website,PayPal,Delivered,4,190.59,25,762.36,190.59,571.77,384.89,186.88,15.15,5.0,9
ORD000404,2025-01-08,CUST01256,19,PROD00419,Sports,North,Website,Bank Transfer,Delivered,4,26.97,10,107.88,10.79,97.09,68.11,28.98,7.69,3.8,3
ORD000678,2025-01-08,CUST00932,55,PROD00310,Beauty,South,Mobile App,Debit Card,Returned,3,48.25,0,144.75,0.0,144.75,65.15,79.6,14.91,3.9,9
ORD004000,2025-01-08,CUST01424,21,PROD00604,Grocery,North,Mobile App,Bank Transfer,Delivered,4,67.91,10,271.64,27.16,244.48,170.34,74.14,16.5,3.9,2
ORD003888,2025-01-08,CUST00370,44,PROD00062,Beauty,West,Website,Credit Card,Cancelled,5,24.39,30,121.95,36.58,85.37,51.48,33.89,11.71,2.6,1
ORD001116,2025-01-08,CUST01130,35,PROD00523,Beauty,West,Website,Debit Card,Delivered,5,9.67,20,48.35,9.67,38.68,26.34,12.34,2.15,3.7,2
ORD000514,2025-01-09,CUST00822,53,PROD00666,Home & Kitchen,East,Website,PayPal,Delivered,4,72.38,15,289.52,43.43,246.09,167.49,78.6,8.51,3.6,10
ORD002844,2025-01-09,CUST00788,41,PROD00549,Grocery,South,Website,Cash on Delivery,Cancelled,4,26.23,30,104.92,31.48,73.44,44.55,28.89,5.54,4.2,1
ORD002084,2025-01-09,CUST01431,56,PROD00695,Beauty,Central,Mobile App,Cash on Delivery,Delivered,4,32.65,0,130.6,0.0,130.6,64.05,66.55,8.79,3.4,9
ORD002985,2025-01-09,CUST00736,38,PROD00759,Fashion,West,Website,Cash on Delivery,Delivered,5,17.94,15,89.7,13.46,76.24,49.19,27.05,17.73,3.3,1
ORD000325,2025-01-10,CUST01454,28,PROD00372,Fashion,South,Marketplace,Debit Card,Returned,3,11.08,0,33.24,0.0,33.24,23.36,9.88,1.78,3.9,2
ORD002804,2025-01-10,CUST00280,18,PROD00781,Electronics,West,Mobile App,PayPal,Delivered,1,82.34,10,82.34,8.23,74.11,51.43,22.68,7.93,3.9,4
ORD003691,2025-01-11,CUST01354,52,PROD00414,Grocery,West,Website,Bank Transfer,Delivered,5,38.89,10,194.45,19.44,175.01,135.45,39.56,6.46,3.6,9
ORD004529,2025-01-11,CUST00824,29,PROD00507,Fashion,North,Website,PayPal,Shipped,3,33.46,30,100.38,30.11,70.27,43.71,26.56,13.08,3.4,6
ORD004475,2025-01-11,CUST00088,70,PROD00077,Sports,East,Website,Debit Card,Cancelled,2,24.03,0,48.06,0.0,48.06,24.74,23.32,3.2,3.2,6
ORD003320,2025-01-11,CUST01339,63,PROD00444,Home & Kitchen,East,Website,Credit Card,Cancelled,5,57.6,5,288.0,14.4,273.6,148.38,125.22,12.57,3.9,6
ORD001854,2025-01-11,CUST01439,24,PROD00719,Grocery,Central,Marketplace,PayPal,Delivered,1,29.08,15,29.08,4.36,24.72,11.78,12.94,8.56,3.5,3
ORD002123,2025-01-12,CUST00257,24,PROD00786,Sports,West,Marketplace,Cash on Delivery,Cancelled,5,42.93,0,214.65,0.0,214.65,109.61,105.04,1.96,3.3,8
ORD000115,2025-01-12,CUST01464,18,PROD00028,Fashion,East,Website,Bank Transfer,Cancelled,4,18.98,20,75.92,15.18,60.74,45.52,15.22,12.86,4.5,1
ORD001540,2025-01-13,CUST00620,51,PROD00711,Sports,North,Website,Bank Transfer,Shipped,5,39.21,15,196.05,29.41,166.64,123.83,42.81,17.99,3.8,6
ORD001880,2025-01-13,CUST00164,44,PROD00053,Fashion,West,Website,Cash on Delivery,Delivered,4,11.75,15,47.0,7.05,39.95,30.88,9.07,13.55,3.8,5
ORD001031,2025-01-13,CUST00325,29,PROD00165,Fashion,West,Mobile App,Bank Transfer,Delivered,3,43.19,15,129.57,19.44,110.13,82.4,27.73,4.37,3.2,6
ORD001691,2025-01-13,CUST00845,52,PROD00742,Home & Kitchen,North,Website,Bank Transfer,Delivered,3,14.87,10,44.61,4.46,40.15,30.61,9.54,9.36,4.2,1
ORD002215,2025-01-13,CUST00683,29,PROD00551,Home & Kitchen,North,Mobile App,Debit Card,Shipped,1,30.19,10,30.19,3.02,27.17,17.19,9.98,6.64,3.8,5
ORD002853,2025-01-14,CUST00627,69,PROD00393,Fashion,South,Marketplace,Credit Card,Delivered,3,22.23,10,66.69,6.67,60.02,37.4,22.62,4.96,4.9,5
ORD003228,2025-01-14,CUST01485,30,PROD00639,Sports,Central,Mobile App,Credit Card,Shipped,2,65.13,5,130.26,6.51,123.75,57.75,66.0,12.71,3.4,5
ORD001527,2025-01-15,CUST00990,58,PROD00506,Electronics,Central,Mobile App,Debit Card,Cancelled,1,32.3,10,32.3,3.23,29.07,15.69,13.38,14.43,4.6,5
ORD003357,2025-01-15,CUST00888,43,PROD00021,Beauty,East,Mobile App,Debit Card,Delivered,4,19.4,30,77.6,23.28,54.32,41.52,12.8,11.93,3.7,8
ORD000966,2025-01-15,CUST00610,21,PROD00197,Sports,East,Mobile App,Credit Card,Shipped,5,13.03,20,65.15,13.03,52.12,39.29,12.83,17.44,5.0,7
ORD004582,2025-01-16,CUST01417,44,PROD00432,Home & Kitchen,East,Mobile App,Cash on Delivery,Cancelled,1,64.85,20,64.85,12.97,51.88,37.02,14.86,14.0,5.0,1
ORD004497,2025-01-16,CUST00148,53,PROD00676,Fashion,North,Mobile App,PayPal,Shipped,3,55.03,20,165.09,33.02,132.07,62.99,69.08,2.76,3.1,1
ORD001300,2025-01-17,CUST00822,61,PROD00392,Grocery,North,Mobile App,Bank Transfer,Delivered,5,17.98,10,89.9,8.99,80.91,50.73,30.18,16.57,4.4,1
ORD001128,2025-01-17,CUST00996,39,PROD00791,Grocery,Central,Website,Debit Card,Returned,4,22.74,0,90.96,0.0,90.96,55.14,35.82,16.3,3.6,7
ORD000698,2025-01-17,CUST00305,46,PROD00408,Electronics,Central,Mobile App,Debit Card,Returned,3,25.82,30,77.46,23.24,54.22,28.29,25.93,1.94,2.7,5
ORD004835,2025-01-17,CUST00298,40,PROD00140,Grocery,South,Website,PayPal,Returned,4,175.72,5,702.88,35.14,667.74,321.99,345.75,7.68,2.8,3
ORD000019,2025-01-17,CUST01415,20,PROD00197,Fashion,West,Website,Cash on Delivery,Returned,1,46.31,20,46.31,9.26,37.05,24.71,12.34,12.89,3.8,4
ORD003952,2025-01-18,CUST00660,34,PROD00086,Fashion,East,Mobile App,PayPal,Shipped,5,8.49,0,42.45,0.0,42.45,20.95,21.5,15.77,4.1,8
ORD000121,2025-01-18,CUST00779,26,PROD00265,Beauty,West,Mobile App,Bank Transfer,Delivered,1,42.42,10,42.42,4.24,38.18,28.94,9.24,9.59,3.6,9
ORD002453,2025-01-18,CUST00764,22,PROD00118,Sports,Central,Website,Debit Card,Returned,3,16.78,0,50.34,0.0,50.34,36.53,13.81,12.92,3.7,2
ORD001752,2025-01-18,CUST00939,60,PROD00406,Sports,North,Mobile App,Debit Card,Shipped,3,29.64,10,88.92,8.89,80.03,60.15,19.88,4.63,5.0,3
ORD001407,2025-01-19,CUST00006,43,PROD00077,Fashion,West,Mobile App,Credit Card,Delivered,4,61.74,10,246.96,24.7,222.26,139.99,82.27,13.35,5.0,2
ORD000225,2025-01-19,CUST00412,50,PROD00771,Electronics,Central,Mobile App,Credit Card,Delivered,3,13.3,20,39.9,7.98,31.92,23.15,8.77,5.57,3.4,7
ORD004685,2025-01-19,CUST00794,64,PROD00151,Electronics,East,Mobile App,Credit Card,Delivered,4,71.69,10,286.76,28.68,258.08,118.01,140.07,2.34,3.4,6
ORD000675,2025-01-19,CUST00602,19,PROD00071,Grocery,South,Marketplace,Cash on Delivery,Delivered,2,42.39,15,84.78,12.72,72.06,43.24,28.82,8.26,3.6,2
ORD003072,2025-01-20,CUST00401,21,PROD00597,Sports,South,Website,Debit Card,Shipped,3,206.11,15,618.33,92.75,525.58,286.24,239.34,7.8,5.0,3
ORD001039,2025-01-20,CUST01191,20,PROD00382,Sports,West,Mobile App,Bank Transfer,Delivered,1,37.48,20,37.48,7.5,29.98,21.7,8.28,2.86,4.3,7
ORD000446,2025-01-20,CUST00688,35,PROD00718,Beauty,Central,Mobile App,Credit Card,Delivered,3,53.92,5,161.76,8.09,153.67,98.48,55.19,2.79,3.3,10
ORD003485,2025-01-20,CUST00792,55,PROD00746,Fashion,South,Website,Cash on Delivery,Delivered,2,19.31,25,38.62,9.65,28.97,21.32,7.65,16.6,3.6,3
ORD001620,2025-01-20,CUST01245,62,PROD00434,Fashion,North,Website,Cash on Delivery,Cancelled,3,68.52,5,205.56,10.28,195.28,138.43,56.85,12.6,4.9,3
ORD004088,2025-01-20,CUST00617,54,PROD00077,Electronics,South,Website,PayPal,Returned,2,21.15,20,42.3,8.46,33.84,16.86,16.98,3.69,2.6,3
ORD000520,2025-01-21,CUST00796,52,PROD00404,Electronics,East,Mobile App,PayPal,Delivered,1,25.19,10,25.19,2.52,22.67,13.05,9.62,15.08,4.2,4
ORD000164,2025-01-21,CUST01320,66,PROD00747,Fashion,North,Mobile App,Bank Transfer,Delivered,5,18.32,10,91.6,9.16,82.44,43.99,38.45,9.11,4.9,5
ORD001454,2025-01-21,CUST00635,52,PROD00174,Home & Kitchen,Central,Mobile App,PayPal,Delivered,3,40.04,15,120.12,18.02,102.1,47.68,54.42,14.76,3.3,2
ORD004018,2025-01-21,CUST01286,58,PROD00685,Home & Kitchen,West,Mobile App,PayPal,Delivered,1,53.92,10,53.92,5.39,48.53,22.52,26.01,15.24,4.5,9
ORD004463,2025-01-21,CUST01243,48,PROD00380,Sports,West,Mobile App,Cash on Delivery,Delivered,3,16.28,10,48.84,4.88,43.96,21.38,22.58,16.68,4.1,2
ORD003085,2025-01-22,CUST00130,42,PROD00685,Electronics,Central,Mobile App,Debit Card,Delivered,1,110.26,25,110.26,27.56,82.7,50.64,32.06,5.98,3.9,6
ORD001165,2025-01-22,CUST01494,43,PROD00251,Beauty,South,Mobile App,Bank Transfer,Delivered,1,66.59,5,66.59,3.33,63.26,41.15,22.11,17.03,5.0,7
ORD002450,2025-01-22,CUST00362,55,PROD00581,Fashion,North,Website,Cash on Delivery,Delivered,3,53.58,30,160.74,48.22,112.52,87.03,25.49,7.35,4.5,3
ORD003103,2025-01-22,CUST00170,19,PROD00476,Grocery,East,Website,Credit Card,Delivered,1,72.17,25,72.17,18.04,54.13,31.16,22.97,8.83,3.6,6
ORD004932,2025-01-22,CUST00001,44,PROD00546,Sports,North,Website,Credit Card,Delivered,2,18.07,20,36.14,7.23,28.91,17.26,11.65,6.53,4.4,1
ORD004346,2025-01-23,CUST00247,55,PROD00334,Electronics,East,Marketplace,Cash on Delivery,Delivered,5,11.13,30,55.65,16.7,38.95,27.6,11.35,8.4,3.1,1
ORD002967,2025-01-23,CUST01145,27,PROD00145,Home & Kitchen,North,Marketplace,Credit Card,Delivered,2,9.65,0,19.3,0.0,19.3,10.58,8.72,16.32,4.9,8
ORD004077,2025-01-23,CUST01177,65,PROD00374,Sports,West,Mobile App,Cash on Delivery,Delivered,3,18.38,10,55.14,5.51,49.63,24.88,24.75,5.77,4.1,3
ORD000470,2025-01-23,CUST00436,39,PROD00541,Grocery,Central,Website,Credit Card,Shipped,5,19.8,25,99.0,24.75,74.25,40.15,34.1,8.79,2.1,4
ORD003033,2025-01-23,CUST00395,59,PROD00660,Electronics,North,Mobile App,PayPal,Delivered,3,71.84,30,215.52,64.66,150.86,77.52,73.34,8.88,3.9,2
ORD000383,2025-01-23,CUST00291,55,PROD00119,Sports,South,Website,Credit Card,Delivered,1,22.19,10,22.19,2.22,19.97,12.21,7.76,7.23,5.0,9
ORD001420,2025-01-24,CUST01452,29,PROD00265,Home & Kitchen,Central,Website,Bank Transfer,Shipped,5,4.31,20,21.55,4.31,17.24,9.71,7.53,8.49,5.0,9
ORD000827,2025-01-24,CUST01234,20,PROD00502,Electronics,North,Website,Cash on Delivery,Delivered,2,92.44,20,184.88,36.98,147.9,70.74,77.16,4.59,4.1,4
ORD001445,2025-01-24,CUST00884,46,PROD00155,Beauty,South,Website,Bank Transfer,Delivered,1,10.97,15,10.97,1.65,9.32,4.47,4.85,16.59,3.0,1
ORD002858,2025-01-25,CUST00560,26,PROD00514,Fashion,South,Website,PayPal,Shipped,2,46.79,15,93.58,14.04,79.54,39.62,39.92,5.33,3.9,6
ORD004547,2025-01-25,CUST00996,36,PROD00584,Home & Kitchen,Central,Marketplace,Debit Card,Delivered,3,32.51,0,97.53,0.0,97.53,73.85,23.68,15.07,4.0,9
ORD004791,2025-01-25,CUST01251,30,PROD00228,Grocery,South,Marketplace,Bank Transfer,Cancelled,3,25.03,0,75.09,0.0,75.09,55.6,19.49,17.39,4.8,4
ORD002113,2025-01-26,CUST00320,65,PROD00413,Grocery,East,Website,Cash on Delivery,Cancelled,2,13.02,0,26.04,0.0,26.04,17.57,8.47,14.72,3.6,8
ORD003277,2025-01-26,CUST00119,69,PROD00422,Beauty,North,Marketplace,Credit Card,Cancelled,4,40.53,20,162.12,32.42,129.7,92.12,37.58,6.23,4.8,4
ORD004950,2025-01-26,CUST00938,56,PROD00455,Beauty,North,Marketplace,Bank Transfer,Delivered,4,28.47,20,113.88,22.78,91.1,61.81,29.29,4.08,3.5,10
ORD003433,2025-01-27,CUST01497,30,PROD00337,Sports,Central,Marketplace,Debit Card,Delivered,2,42.86,20,85.72,17.14,68.58,51.03,17.55,15.6,3.4,7
ORD003819,2025-01-27,CUST00805,22,PROD00403,Grocery,East,Mobile App,Cash on Delivery,Delivered,2,109.34,15,218.68,32.8,185.88,124.8,61.08,8.17,4.9,2
ORD001036,2025-01-27,CUST00926,33,PROD00448,Grocery,East,Website,Bank Transfer,Delivered,1,51.08,25,51.08,12.77,38.31,26.13,12.18,9.29,4.0,9
ORD004113,2025-01-27,CUST00387,19,PROD00110,Grocery,South,Website,PayPal,Delivered,3,88.03,5,264.09,13.2,250.89,194.05,56.84,5.47,2.7,10
ORD003401,2025-01-27,CUST00525,69,PROD00153,Sports,Central,Website,Debit Card,Delivered,3,12.8,15,38.4,5.76,32.64,19.68,12.96,16.89,4.8,1
ORD003418,2025-01-27,CUST00337,60,PROD00372,Sports,Central,Website,PayPal,Delivered,5,53.97,15,269.85,40.48,229.37,133.29,96.08,6.94,4.4,10
ORD003862,2025-01-27,CUST00045,39,PROD00111,Fashion,South,Website,PayPal,Delivered,5,40.99,10,204.95,20.5,184.45,111.16,73.29,13.59,3.5,9
ORD000936,2025-01-28,CUST00632,33,PROD00722,Beauty,South,Mobile App,Credit Card,Shipped,2,39.97,5,79.94,4.0,75.94,49.18,26.76,14.9,4.3,6
ORD000603,2025-01-28,CUST00369,19,PROD00051,Beauty,North,Mobile App,Bank Transfer,Delivered,5,76.37,30,381.85,114.56,267.29,148.42,118.87,15.06,3.4,8
ORD000273,2025-01-28,CUST01143,41,PROD00429,Home & Kitchen,Central,Mobile App,Credit Card,Cancelled,3,95.94,20,287.82,57.56,230.26,161.44,68.82,17.57,4.2,2
ORD001899,2025-01-28,CUST00624,64,PROD00323,Electronics,West,Mobile App,Credit Card,Cancelled,5,21.8,5,109.0,5.45,103.55,77.55,26.0,17.12,4.4,9
ORD004159,2025-01-28,CUST00875,40,PROD00449,Grocery,South,Website,Cash on Delivery,Shipped,2,14.52,15,29.04,4.36,24.68,13.15,11.53,12.2,3.1,7
ORD001120,2025-01-28,CUST00539,42,PROD00684,Electronics,South,Marketplace,Bank Transfer,Shipped,4,53.25,0,213.0,0.0,213.0,122.74,90.26,13.76,3.4,2
ORD000712,2025-01-28,CUST00258,25,PROD00367,Electronics,East,Website,Cash on Delivery,Cancelled,2,66.29,20,132.58,26.52,106.06,65.36,40.7,2.76,3.9,4
ORD003137,2025-01-28,CUST00101,55,PROD00655,Sports,North,Mobile App,PayPal,Delivered,5,18.92,20,94.6,18.92,75.68,50.38,25.3,2.71,3.9,2
ORD003189,2025-01-29,CUST00478,56,PROD00330,Beauty,North,Website,Credit Card,Delivered,3,47.67,15,143.01,21.45,121.56,69.88,51.68,2.73,4.3,1
ORD002648,2025-01-30,CUST00345,52,PROD00490,Sports,North,Website,Cash on Delivery,Delivered,2,40.35,5,80.7,4.04,76.66,38.02,38.64,4.54,3.1,3
ORD003796,2025-01-30,CUST00565,45,PROD00359,Fashion,West,Website,Cash on Delivery,Cancelled,3,35.69,30,107.07,32.12,74.95,46.54,28.41,17.36,3.0,8
ORD000399,2025-01-30,CUST00278,70,PROD00592,Sports,West,Mobile App,Debit Card,Delivered,5,28.15,10,140.75,14.08,126.67,81.96,44.71,9.1,3.5,9
ORD000619,2025-01-30,CUST01382,70,PROD00179,Fashion,Central,Mobile App,Bank Transfer,Delivered,4,43.77,25,175.08,43.77,131.31,64.6,66.71,17.36,4.4,7
ORD000940,2025-01-30,CUST00301,46,PROD00202,Sports,Central,Website,Credit Card,Delivered,2,8.62,20,17.24,3.45,13.79,8.15,5.64,13.83,4.0,9
ORD004041,2025-01-30,CUST00990,59,PROD00295,Fashion,West,Website,Debit Card,Delivered,3,99.39,25,298.17,74.54,223.63,151.71,71.92,8.85,4.5,3
ORD001756,2025-01-30,CUST01318,40,PROD00401,Sports,East,Marketplace,Cash on Delivery,Shipped,4,31.92,10,127.68,12.77,114.91,57.69,57.22,4.09,3.9,4
ORD001229,2025-01-30,CUST01164,52,PROD00408,Fashion,East,Website,Debit Card,Cancelled,2,21.01,5,42.02,2.1,39.92,29.72,10.2,6.87,3.9,4
ORD002599,2025-01-31,CUST00217,37,PROD00621,Beauty,East,Mobile App,Credit Card,Shipped,1,16.11,5,16.11,0.81,15.3,8.8,6.5,6.97,3.7,7
ORD000361,2025-01-31,CUST00970,54,PROD00017,Fashion,North,Mobile App,PayPal,Cancelled,4,43.28,30,173.12,51.94,121.18,56.57,64.61,8.87,4.0,9
ORD002617,2025-01-31,CUST00013,64,PROD00613,Electronics,West,Marketplace,Credit Card,Delivered,5,26.65,0,133.25,0.0,133.25,102.38,30.87,6.96,3.8,8
ORD003840,2025-01-31,CUST01290,61,PROD00725,Fashion,West,Website,PayPal,Delivered,2,35.22,5,70.44,3.52,66.92,44.95,21.97,16.34,4.7,10
ORD002089,2025-02-01,CUST00259,45,PROD00710,Fashion,Central,Website,Debit Card,Delivered,3,33.28,30,99.84,29.95,69.89,35.22,34.67,14.38,4.0,2
ORD003732,2025-02-01,CUST01043,53,PROD00110,Beauty,West,Marketplace,Cash on Delivery,Delivered,3,56.31,10,168.93,16.89,152.04,103.44,48.6,8.14,3.3,10
ORD004162,2025-02-01,CUST00641,21,PROD00055,Fashion,West,Website,Bank Transfer,Delivered,3,46.19,10,138.57,13.86,124.71,81.62,43.09,9.92,4.4,5
ORD000580,2025-02-01,CUST00926,66,PROD00753,Beauty,North,Mobile App,PayPal,Delivered,1,17.43,0,17.43,0.0,17.43,12.79,4.64,9.81,4.7,10
ORD002373,2025-02-01,CUST01289,27,PROD00433,Electronics,West,Marketplace,Cash on Delivery,Delivered,1,9.27,20,9.27,1.85,7.42,3.59,3.83,3.47,3.9,1
ORD001276,2025-02-01,CUST01100,68,PROD00210,Fashion,East,Mobile App,Debit Card,Delivered,4,42.71,20,170.84,34.17,136.67,85.94,50.73,12.18,5.0,6
ORD000884,2025-02-01,CUST01440,39,PROD00531,Electronics,South,Website,Debit Card,Delivered,4,23.55,0,94.2,0.0,94.2,62.14,32.06,5.99,3.3,3
ORD003114,2025-02-01,CUST00685,38,PROD00691,Grocery,South,Website,Bank Transfer,Delivered,3,62.86,15,188.58,28.29,160.29,90.14,70.15,8.41,5.0,1
ORD002091,2025-02-01,CUST01148,33,PROD00181,Fashion,West,Website,Debit Card,Returned,4,124.52,0,498.08,0.0,498.08,270.79,227.29,6.21,4.9,9
ORD001832,2025-02-02,CUST01135,35,PROD00627,Sports,Central,Marketplace,Credit Card,Shipped,3,7.31,10,21.93,2.19,19.74,15.38,4.36,17.51,2.5,5
ORD000170,2025-02-02,CUST01173,42,PROD00791,Beauty,North,Mobile App,Bank Transfer,Returned,2,38.81,5,77.62,3.88,73.74,55.61,18.13,5.33,2.8,8
ORD000493,2025-02-02,CUST00018,41,PROD00487,Grocery,South,Mobile App,Debit Card,Delivered,5,46.52,0,232.6,0.0,232.6,129.55,103.05,12.62,3.6,5
ORD000070,2025-02-02,CUST00187,67,PROD00653,Grocery,Central,Marketplace,Credit Card,Delivered,5,33.38,30,166.9,50.07,116.83,83.34,33.49,2.03,3.0,8
ORD000590,2025-02-02,CUST00447,59,PROD00079,Fashion,South,Website,Credit Card,Delivered,4,73.89,20,295.56,59.11,236.45,124.53,111.92,11.97,3.6,8
ORD004940,2025-02-03,CUST01210,39,PROD00697,Electronics,North,Marketplace,Debit Card,Shipped,4,12.57,0,50.28,0.0,50.28,26.51,23.77,6.81,4.5,2
ORD003838,2025-02-04,CUST00743,70,PROD00010,Sports,West,Website,Credit Card,Delivered,2,31.29,10,62.58,6.26,56.32,38.85,17.47,13.56,3.0,1
ORD002068,2025-02-04,CUST00349,57,PROD00722,Home & Kitchen,South,Mobile App,Cash on Delivery,Cancelled,4,16.68,5,66.72,3.34,63.38,32.66,30.72,17.97,2.0,8
ORD000106,2025-02-05,CUST00785,60,PROD00434,Sports,West,Website,Debit Card,Cancelled,2,52.35,0,104.7,0.0,104.7,80.81,23.89,8.15,4.5,1
ORD001950,2025-02-05,CUST01480,48,PROD00198,Fashion,South,Website,Debit Card,Shipped,2,25.72,25,51.44,12.86,38.58,20.97,17.61,2.03,3.4,8
ORD000583,2025-02-05,CUST01054,50,PROD00098,Beauty,North,Website,Bank Transfer,Returned,5,20.33,15,101.65,15.25,86.4,42.04,44.36,11.53,3.5,3
ORD003091,2025-02-05,CUST01430,68,PROD00248,Fashion,North,Website,Credit Card,Delivered,3,44.86,15,134.58,20.19,114.39,75.92,38.47,9.34,3.3,9
ORD000158,2025-02-05,CUST00760,31,PROD00450,Fashion,North,Marketplace,Bank Transfer,Delivered,1,54.63,10,54.63,5.46,49.17,31.57,17.6,9.21,3.8,4
ORD001842,2025-02-06,CUST01275,31,PROD00284,Beauty,South,Website,PayPal,Cancelled,2,83.8,25,167.6,41.9,125.7,82.42,43.28,7.88,3.4,2
ORD004405,2025-02-06,CUST01167,60,PROD00048,Sports,East,Website,Cash on Delivery,Delivered,1,34.43,15,34.43,5.16,29.27,19.08,10.19,1.57,4.2,3
ORD004816,2025-02-06,CUST00714,35,PROD00659,Fashion,East,Mobile App,Bank Transfer,Shipped,5,40.46,10,202.3,20.23,182.07,88.08,93.99,13.42,4.8,2
ORD000363,2025-02-07,CUST01212,42,PROD00514,Sports,Central,Marketplace,Credit Card,Delivered,2,13.93,0,27.86,0.0,27.86,17.66,10.2,11.66,4.0,10
ORD003583,2025-02-07,CUST00785,48,PROD00764,Fashion,South,Marketplace,PayPal,Returned,2,65.68,20,131.36,26.27,105.09,58.4,46.69,10.38,3.4,5
ORD000917,2025-02-07,CUST01102,39,PROD00475,Beauty,Central,Website,Credit Card,Returned,3,40.47,10,121.41,12.14,109.27,50.77,58.5,2.06,4.9,5
ORD000010,2025-02-08,CUST01410,48,PROD00475,Fashion,North,Website,PayPal,Delivered,3,16.5,15,49.5,7.42,42.08,19.61,22.47,9.64,3.6,10
ORD004584,2025-02-08,CUST00827,53,PROD00646,Beauty,North,Website,Debit Card,Delivered,5,10.43,5,52.15,2.61,49.54,32.07,17.47,10.21,3.5,8
ORD001954,2025-02-08,CUST00176,54,PROD00153,Beauty,North,Website,Cash on Delivery,Returned,3,28.89,25,86.67,21.67,65.0,45.48,19.52,16.24,4.0,7
ORD001679,2025-02-08,CUST00903,38,PROD00423,Home & Kitchen,South,Mobile App,Bank Transfer,Delivered,3,26.02,25,78.06,19.52,58.54,42.08,16.46,17.8,4.6,9
ORD001995,2025-02-08,CUST01087,51,PROD00745,Fashion,West,Mobile App,Cash on Delivery,Returned,2,64.46,0,128.92,0.0,128.92,80.17,48.75,7.09,4.6,4
ORD001713,2025-02-08,CUST00272,37,PROD00172,Fashion,North,Website,PayPal,Delivered,1,38.84,10,38.84,3.88,34.96,25.81,9.15,14.65,3.7,10
ORD001755,2025-02-08,CUST01057,70,PROD00699,Fashion,East,Mobile App,Bank Transfer,Shipped,5,22.05,10,110.25,11.02,99.23,50.7,48.53,9.03,4.3,9
ORD003316,2025-02-08,CUST00767,41,PROD00736,Grocery,Central,Website,Debit Card,Delivered,2,45.2,5,90.4,4.52,85.88,57.85,28.03,17.26,2.9,7
ORD000552,2025-02-09,CUST00879,45,PROD00371,Fashion,East,Marketplace,PayPal,Cancelled,3,12.29,5,36.87,1.84,35.03,20.7,14.33,10.72,4.3,1
ORD004112,2025-02-09,CUST01347,44,PROD00419,Sports,Central,Mobile App,Debit Card,Delivered,1,85.22,0,85.22,0.0,85.22,59.96,25.26,14.93,3.2,7
ORD004759,2025-02-09,CUST00878,20,PROD00326,Home & Kitchen,South,Website,Bank Transfer,Delivered,3,83.71,0,251.13,0.0,251.13,114.22,136.91,14.07,5.0,7
ORD000574,2025-02-09,CUST00015,48,PROD00749,Sports,South,Website,PayPal,Delivered,4,13.39,15,53.56,8.03,45.53,21.09,24.44,7.71,2.5,2
ORD002514,2025-02-09,CUST00466,36,PROD00344,Grocery,West,Website,Credit Card,Delivered,2,14.88,10,29.76,2.98,26.78,12.71,14.07,11.58,4.7,1
ORD003326,2025-02-10,CUST00056,53,PROD00527,Sports,Central,Mobile App,Credit Card,Delivered,5,104.93,10,524.65,52.47,472.18,356.62,115.56,15.03,3.7,8
ORD001159,2025-02-10,CUST00703,66,PROD00240,Electronics,West,Mobile App,Bank Transfer,Delivered,2,18.79,5,37.58,1.88,35.7,22.32,13.38,8.85,3.9,9
ORD002653,2025-02-10,CUST00194,18,PROD00261,Beauty,South,Marketplace,Debit Card,Delivered,4,39.37,15,157.48,23.62,133.86,84.03,49.83,13.05,3.8,9
ORD004810,2025-02-10,CUST00953,48,PROD00710,Fashion,East,Mobile App,Cash on Delivery,Returned,5,27.89,25,139.45,34.86,104.59,76.74,27.85,6.44,3.2,6
ORD002434,2025-02-10,CUST01334,33,PROD00020,Beauty,North,Website,Bank Transfer,Delivered,3,22.24,25,66.72,16.68,50.04,34.6,15.44,3.21,4.5,1
ORD001931,2025-02-11,CUST00183,67,PROD00284,Sports,South,Mobile App,Credit Card,Delivered,4,16.01,0,64.04,0.0,64.04,41.64,22.4,2.34,4.2,4
ORD000309,2025-02-12,CUST00853,61,PROD00559,Grocery,North,Mobile App,Cash on Delivery,Returned,3,23.38,10,70.14,7.01,63.13,30.96,32.17,1.65,3.3,8
ORD002231,2025-02-12,CUST00278,37,PROD00760,Fashion,East,Mobile App,Bank Transfer,Cancelled,5,39.43,0,197.15,0.0,197.15,107.72,89.43,11.14,4.2,2
ORD001382,2025-02-12,CUST00999,48,PROD00569,Fashion,Central,Mobile App,Debit Card,Delivered,3,55.92,15,167.76,25.16,142.6,85.98,56.62,17.18,3.3,1
ORD004057,2025-02-12,CUST01076,52,PROD00660,Electronics,Central,Mobile App,Credit Card,Delivered,2,22.49,0,44.98,0.0,44.98,22.52,22.46,8.75,3.3,5
ORD000957,2025-02-13,CUST01318,30,PROD00291,Beauty,North,Mobile App,PayPal,Delivered,1,64.96,20,64.96,12.99,51.97,35.3,16.67,1.83,3.8,10
ORD002254,2025-02-13,CUST00489,53,PROD00117,Home & Kitchen,West,Website,Cash on Delivery,Cancelled,3,26.54,30,79.62,23.89,55.73,38.07,17.66,9.1,3.6,6
ORD002813,2025-02-14,CUST01202,47,PROD00253,Grocery,East,Marketplace,Credit Card,Returned,4,24.12,15,96.48,14.47,82.01,54.81,27.2,4.02,4.2,10
ORD001706,2025-02-14,CUST01039,38,PROD00733,Sports,East,Website,Credit Card,Delivered,1,65.06,20,65.06,13.01,52.05,26.41,25.64,8.42,4.2,1
ORD002750,2025-02-14,CUST00494,45,PROD00754,Electronics,West,Mobile App,Debit Card,Cancelled,2,43.51,5,87.02,4.35,82.67,48.49,34.18,11.21,4.0,3
ORD002870,2025-02-14,CUST00744,36,PROD00161,Sports,East,Mobile App,Debit Card,Shipped,5,14.42,0,72.1,0.0,72.1,41.73,30.37,3.78,3.7,4
ORD000388,2025-02-14,CUST00305,21,PROD00671,Fashion,South,Mobile App,Debit Card,Delivered,1,42.29,5,42.29,2.11,40.18,31.31,8.87,11.26,3.8,10
ORD000047,2025-02-14,CUST01122,27,PROD00453,Electronics,South,Mobile App,Credit Card,Shipped,4,22.1,5,88.4,4.42,83.98,56.97,27.01,14.01,4.8,2
ORD001901,2025-02-14,CUST00595,62,PROD00088,Home & Kitchen,North,Mobile App,Bank Transfer,Returned,5,50.12,10,250.6,25.06,225.54,119.81,105.73,6.34,3.7,7
ORD000041,2025-02-15,CUST00898,22,PROD00800,Electronics,North,Mobile App,PayPal,Delivered,4,51.42,20,205.68,41.14,164.54,97.61,66.93,8.67,4.8,7
ORD003776,2025-02-15,CUST00055,59,PROD00521,Fashion,South,Marketplace,PayPal,Cancelled,4,30.47,0,121.88,0.0,121.88,76.98,44.9,10.75,4.3,9
ORD000760,2025-02-15,CUST01086,47,PROD00048,Beauty,South,Website,Debit Card,Delivered,4,12.54,15,50.16,7.52,42.64,30.96,11.68,16.11,4.2,10
ORD001076,2025-02-16,CUST00490,20,PROD00128,Home & Kitchen,West,Website,PayPal,Delivered,4,25.25,0,101.0,0.0,101.0,62.18,38.82,5.57,5.0,5
ORD004617,2025-02-16,CUST01169,21,PROD00089,Home & Kitchen,West,Website,Debit Card,Delivered,3,111.3,15,333.9,50.08,283.82,172.43,111.39,17.26,3.5,3
ORD004335,2025-02-16,CUST00483,56,PROD00259,Grocery,North,Mobile App,Credit Card,Delivered,3,39.46,0,118.38,0.0,118.38,82.11,36.27,15.97,3.6,10
ORD003206,2025-02-16,CUST00681,68,PROD00344,Grocery,Central,Mobile App,Cash on Delivery,Delivered,2,100.54,25,201.08,50.27,150.81,79.99,70.82,1.61,4.4,1
ORD000929,2025-02-16,CUST00376,68,PROD00618,Fashion,East,Mobile App,Debit Card,Delivered,1,34.41,0,34.41,0.0,34.41,26.06,8.35,15.36,3.1,1
ORD001818,2025-02-16,CUST00883,56,PROD00167,Fashion,East,Mobile App,Bank Transfer,Cancelled,3,160.08,10,480.24,48.02,432.22,241.03,191.19,16.13,4.2,9
ORD002477,2025-02-17,CUST01337,18,PROD00393,Grocery,Central,Mobile App,Debit Card,Cancelled,5,34.44,10,172.2,17.22,154.98,82.13,72.85,3.38,3.2,7
ORD002237,2025-02-17,CUST00347,36,PROD00461,Electronics,South,Website,Credit Card,Delivered,1,54.84,20,54.84,10.97,43.87,24.66,19.21,2.75,5.0,9
ORD004160,2025-02-17,CUST00262,26,PROD00737,Fashion,East,Mobile App,Cash on Delivery,Cancelled,4,40.37,15,161.48,24.22,137.26,85.89,51.37,6.4,4.1,2
ORD002405,2025-02-17,CUST01439,34,PROD00576,Grocery,West,Mobile App,PayPal,Delivered,3,11.25,0,33.75,0.0,33.75,15.22,18.53,10.6,2.4,3
ORD000857,2025-02-17,CUST01068,70,PROD00197,Electronics,North,Mobile App,Credit Card,Delivered,2,27.67,5,55.34,2.77,52.57,30.65,21.92,15.41,3.5,10
ORD001352,2025-02-17,CUST00177,31,PROD00257,Beauty,East,Mobile App,PayPal,Delivered,5,12.69,10,63.45,6.34,57.11,33.38,23.73,10.98,2.9,5
ORD002443,2025-02-18,CUST01339,49,PROD00185,Grocery,South,Marketplace,PayPal,Cancelled,1,43.49,30,43.49,13.05,30.44,21.87,8.57,5.36,4.2,3
ORD000091,2025-02-18,CUST00106,65,PROD00595,Sports,Central,Website,PayPal,Returned,2,20.62,20,41.24,8.25,32.99,21.69,11.3,2.49,5.0,2
ORD003650,2025-02-18,CUST01495,60,PROD00052,Home & Kitchen,Central,Website,Bank Transfer,Delivered,5,11.17,10,55.85,5.58,50.27,31.0,19.27,3.39,4.8,2
ORD001978,2025-02-18,CUST01070,60,PROD00698,Sports,Central,Website,Cash on Delivery,Delivered,1,62.23,15,62.23,9.33,52.9,28.27,24.63,13.16,4.8,3
ORD003682,2025-02-18,CUST00440,47,PROD00271,Fashion,North,Website,Debit Card,Delivered,3,7.65,5,22.95,1.15,21.8,10.88,10.92,4.64,4.4,8
ORD004465,2025-02-18,CUST00357,67,PROD00138,Grocery,West,Website,PayPal,Delivered,2,127.84,0,255.68,0.0,255.68,147.05,108.63,9.12,5.0,7
ORD004933,2025-02-19,CUST01008,64,PROD00716,Sports,West,Mobile App,PayPal,Shipped,3,20.2,15,60.6,9.09,51.51,35.75,15.76,9.56,5.0,9
ORD001218,2025-02-19,CUST01399,63,PROD00566,Sports,Central,Marketplace,PayPal,Delivered,4,6.75,20,27.0,5.4,21.6,14.93,6.67,2.42,3.4,6
ORD003870,2025-02-19,CUST00638,26,PROD00759,Fashion,North,Website,Credit Card,Delivered,5,17.76,10,88.8,8.88,79.92,61.95,17.97,2.66,3.3,7
ORD001180,2025-02-19,CUST01144,25,PROD00740,Beauty,Central,Website,Credit Card,Delivered,5,22.41,25,112.05,28.01,84.04,62.66,21.38,11.6,2.4,1
ORD003858,2025-02-19,CUST01072,47,PROD00654,Electronics,South,Mobile App,Cash on Delivery,Shipped,5,81.76,5,408.8,20.44,388.36,293.15,95.21,7.42,3.5,1
ORD002728,2025-02-19,CUST00339,55,PROD00653,Beauty,East,Mobile App,Debit Card,Cancelled,2,104.63,25,209.26,52.32,156.94,108.56,48.38,6.48,4.2,10
ORD001956,2025-02-19,CUST00359,46,PROD00108,Sports,North,Website,Credit Card,Shipped,5,27.82,5,139.1,6.96,132.14,94.36,37.78,14.04,5.0,7
ORD003613,2025-02-19,CUST00084,67,PROD00424,Home & Kitchen,East,Mobile App,Cash on Delivery,Shipped,4,52.84,10,211.36,21.14,190.22,135.51,54.71,9.26,3.5,4
ORD001554,2025-02-19,CUST01131,25,PROD00685,Beauty,Central,Mobile App,Cash on Delivery,Delivered,3,9.82,15,29.46,4.42,25.04,15.35,9.69,12.88,3.8,10
ORD004504,2025-02-20,CUST00883,34,PROD00296,Beauty,Central,Mobile App,Cash on Delivery,Cancelled,1,14.83,5,14.83,0.74,14.09,8.3,5.79,10.93,2.6,8
ORD002220,2025-02-20,CUST00873,60,PROD00223,Fashion,North,Marketplace,Bank Transfer,Cancelled,1,59.5,10,59.5,5.95,53.55,34.42,19.13,17.5,3.7,1
ORD001593,2025-02-21,CUST01089,63,PROD00400,Beauty,East,Website,Cash on Delivery,Cancelled,4,14.39,10,57.56,5.76,51.8,38.78,13.02,10.5,4.2,4
ORD001962,2025-02-21,CUST01175,38,PROD00208,Sports,Central,Mobile App,Debit Card,Cancelled,2,53.01,5,106.02,5.3,100.72,72.49,28.23,8.69,4.8,2
ORD003739,2025-02-21,CUST00158,45,PROD00473,Beauty,North,Marketplace,Credit Card,Delivered,5,29.37,15,146.85,22.03,124.82,57.24,67.58,3.44,3.1,4
ORD001746,2025-02-22,CUST01050,43,PROD00041,Home & Kitchen,Central,Mobile App,Debit Card,Returned,2,64.96,15,129.92,19.49,110.43,52.65,57.78,9.32,3.9,10
ORD002848,2025-02-22,CUST00314,38,PROD00240,Home & Kitchen,East,Website,Debit Card,Delivered,4,56.31,0,225.24,0.0,225.24,128.88,96.36,13.66,4.9,5
ORD004261,2025-02-22,CUST01357,25,PROD00499,Grocery,North,Website,Cash on Delivery,Delivered,5,73.67,10,368.35,36.84,331.51,224.17,107.34,1.97,4.0,5
ORD000500,2025-02-22,CUST00964,30,PROD00224,Beauty,North,Website,Credit Card,Delivered,4,83.05,0,332.2,0.0,332.2,167.16,165.04,6.96,2.7,3
ORD004202,2025-02-22,CUST01031,18,PROD00730,Home & Kitchen,East,Website,Bank Transfer,Delivered,1,23.58,15,23.58,3.54,20.04,14.25,5.79,14.81,4.7,6
ORD004079,2025-02-23,CUST01047,57,PROD00750,Electronics,Central,Website,PayPal,Shipped,4,36.43,20,145.72,29.14,116.58,72.69,43.89,6.6,4.8,6
ORD000270,2025-02-23,CUST01452,46,PROD00143,Electronics,North,Website,Bank Transfer,Delivered,1,72.22,25,72.22,18.06,54.16,39.14,15.02,4.4,4.8,3
ORD001834,2025-02-23,CUST01357,31,PROD00142,Electronics,West,Website,Debit Card,Shipped,2,11.02,5,22.04,1.1,20.94,14.5,6.44,10.19,4.3,2
ORD000610,2025-02-23,CUST01471,27,PROD00330,Beauty,South,Website,Cash on Delivery,Delivered,4,95.77,25,383.08,95.77,287.31,159.85,127.46,16.12,4.7,9
ORD003098,2025-02-23,CUST00848,61,PROD00157,Sports,North,Website,Bank Transfer,Delivered,4,84.53,20,338.12,67.62,270.5,184.32,86.18,10.08,3.5,1
ORD004410,2025-02-23,CUST00552,50,PROD00155,Fashion,South,Marketplace,Debit Card,Delivered,2,17.7,20,35.4,7.08,28.32,15.27,13.05,15.52,4.2,8
ORD000759,2025-02-23,CUST00455,23,PROD00216,Beauty,Central,Mobile App,PayPal,Shipped,5,18.81,20,94.05,18.81,75.24,44.81,30.43,10.41,5.0,3
ORD002580,2025-02-24,CUST00653,33,PROD00039,Beauty,East,Website,Debit Card,Returned,3,29.97,10,89.91,8.99,80.92,42.4,38.52,16.54,5.0,6
ORD002375,2025-02-25,CUST00243,22,PROD00508,Electronics,North,Mobile App,Debit Card,Delivered,4,29.61,10,118.44,11.84,106.6,65.39,41.21,13.6,5.0,5
ORD001615,2025-02-25,CUST00895,60,PROD00716,Grocery,Central,Website,Credit Card,Cancelled,2,39.43,0,78.86,0.0,78.86,36.24,42.62,14.99,2.7,10
ORD002618,2025-02-25,CUST01385,41,PROD00654,Electronics,West,Mobile App,PayPal,Delivered,2,18.82,5,37.64,1.88,35.76,26.33,9.43,12.08,3.2,1
ORD004806,2025-02-26,CUST00189,46,PROD00506,Sports,East,Marketplace,Credit Card,Returned,5,119.46,20,597.3,119.46,477.84,280.39,197.45,17.5,3.2,4
ORD004355,2025-02-26,CUST00662,56,PROD00003,Sports,East,Marketplace,Credit Card,Delivered,2,34.81,10,69.62,6.96,62.66,43.14,19.52,2.75,2.9,3
ORD004834,2025-02-26,CUST01255,54,PROD00333,Grocery,Central,Mobile App,Bank Transfer,Cancelled,5,29.98,0,149.9,0.0,149.9,113.3,36.6,6.92,4.1,3
ORD001612,2025-02-27,CUST01037,54,PROD00171,Electronics,West,Mobile App,Credit Card,Shipped,5,51.27,10,256.35,25.64,230.71,174.68,56.03,5.81,4.4,3
ORD001897,2025-02-27,CUST00135,28,PROD00261,Electronics,North,Website,Cash on Delivery,Delivered,5,16.51,25,82.55,20.64,61.91,33.87,28.04,10.07,4.6,8
ORD003989,2025-02-27,CUST01305,29,PROD00250,Home & Kitchen,Central,Website,Bank Transfer,Delivered,2,33.05,5,66.1,3.3,62.8,36.89,25.91,14.98,3.6,9
ORD001970,2025-02-28,CUST01375,64,PROD00144,Home & Kitchen,Central,Mobile App,Bank Transfer,Shipped,2,231.03,10,462.06,46.21,415.85,240.72,175.13,9.6,5.0,6
ORD003777,2025-02-28,CUST00524,60,PROD00774,Sports,Central,Website,Debit Card,Returned,1,53.97,20,53.97,10.79,43.18,19.7,23.48,9.02,4.8,1
ORD000338,2025-02-28,CUST01157,38,PROD00621,Beauty,East,Mobile App,Cash on Delivery,Returned,5,18.0,0,90.0,0.0,90.0,68.36,21.64,11.08,4.0,5
ORD003760,2025-02-28,CUST01497,59,PROD00471,Fashion,Central,Marketplace,Cash on Delivery,Delivered,3,36.38,0,109.14,0.0,109.14,64.24,44.9,7.76,4.1,1
ORD002980,2025-02-28,CUST00154,25,PROD00755,Beauty,East,Mobile App,Credit Card,Delivered,3,33.31,0,99.93,0.0,99.93,47.13,52.8,13.11,4.8,8
ORD003030,2025-03-01,CUST01267,36,PROD00319,Grocery,Central,Marketplace,Cash on Delivery,Delivered,4,8.25,15,33.0,4.95,28.05,21.17,6.88,7.61,5.0,10
ORD004828,2025-03-01,CUST00158,21,PROD00544,Beauty,North,Website,Cash on Delivery,Delivered,3,217.99,0,653.97,0.0,653.97,374.17,279.8,5.31,3.5,2
ORD004496,2025-03-01,CUST01363,30,PROD00437,Fashion,Central,Mobile App,Credit Card,Shipped,4,80.84,10,323.36,32.34,291.02,140.78,150.24,4.84,3.5,9
ORD003558,2025-03-01,CUST00996,28,PROD00095,Home & Kitchen,Central,Website,Cash on Delivery,Cancelled,2,30.11,0,60.22,0.0,60.22,38.8,21.42,8.51,4.2,6
ORD000327,2025-03-01,CUST00021,64,PROD00539,Beauty,Central,Website,Cash on Delivery,Delivered,1,89.49,20,89.49,17.9,71.59,54.66,16.93,7.28,3.1,4
ORD000367,2025-03-02,CUST01204,57,PROD00781,Beauty,North,Mobile App,Debit Card,Shipped,3,39.32,0,117.96,0.0,117.96,57.11,60.85,5.37,4.9,1
ORD002127,2025-03-02,CUST01020,22,PROD00554,Electronics,Central,Website,Credit Card,Delivered,1,87.45,15,87.45,13.12,74.33,47.83,26.5,16.72,3.3,10
ORD001310,2025-03-02,CUST00276,31,PROD00411,Sports,South,Mobile App,Debit Card,Delivered,1,24.04,5,24.04,1.2,22.84,17.58,5.26,13.29,4.2,3
ORD004115,2025-03-02,CUST01274,50,PROD00529,Grocery,West,Mobile App,Debit Card,Delivered,5,49.17,5,245.85,12.29,233.56,143.91,89.65,2.25,3.7,10
ORD000068,2025-03-02,CUST00384,46,PROD00556,Grocery,East,Mobile App,Bank Transfer,Returned,4,81.62,10,326.48,32.65,293.83,216.21,77.62,15.25,4.0,7
ORD001608,2025-03-03,CUST01435,30,PROD00103,Home & Kitchen,East,Mobile App,Debit Card,Delivered,4,114.86,25,459.44,114.86,344.58,166.13,178.45,2.42,3.3,7
ORD002791,2025-03-03,CUST00226,21,PROD00081,Fashion,Central,Website,Debit Card,Delivered,2,24.29,10,48.58,4.86,43.72,31.64,12.08,9.97,3.5,1
ORD001309,2025-03-03,CUST00488,21,PROD00103,Electronics,East,Marketplace,Cash on Delivery,Delivered,4,56.29,15,225.16,33.77,191.39,90.38,101.01,15.54,4.4,6
ORD001783,2025-03-03,CUST01360,23,PROD00753,Electronics,East,Website,PayPal,Returned,5,45.15,10,225.75,22.58,203.17,110.81,92.36,16.03,3.0,2
ORD000828,2025-03-04,CUST01149,18,PROD00351,Sports,East,Website,PayPal,Returned,3,68.08,20,204.24,40.85,163.39,103.04,60.35,9.8,3.2,4
ORD002911,2025-03-04,CUST00544,31,PROD00674,Fashion,North,Mobile App,Debit Card,Delivered,4,33.6,15,134.4,20.16,114.24,61.15,53.09,7.62,3.4,8
ORD003457,2025-03-04,CUST00774,34,PROD00002,Electronics,South,Mobile App,Bank Transfer,Returned,2,50.98,10,101.96,10.2,91.76,65.65,26.11,16.2,3.6,7
ORD001452,2025-03-04,CUST00341,38,PROD00182,Electronics,Central,Website,Cash on Delivery,Cancelled,3,25.67,25,77.01,19.25,57.76,31.52,26.24,8.72,4.1,8
ORD000643,2025-03-04,CUST00737,46,PROD00419,Beauty,East,Mobile App,Credit Card,Delivered,4,55.61,0,222.44,0.0,222.44,115.52,106.92,5.96,2.1,10
ORD004719,2025-03-04,CUST00561,45,PROD00472,Fashion,West,Website,Cash on Delivery,Shipped,2,13.33,0,26.66,0.0,26.66,18.42,8.24,4.98,3.7,7
ORD001024,2025-03-04,CUST01138,68,PROD00551,Beauty,North,Website,PayPal,Cancelled,4,107.12,10,428.48,42.85,385.63,259.79,125.84,10.03,3.6,8
ORD002684,2025-03-04,CUST00852,57,PROD00600,Fashion,West,Mobile App,Credit Card,Returned,2,28.94,20,57.88,11.58,46.3,25.9,20.4,6.8,2.9,6
ORD000542,2025-03-05,CUST00135,30,PROD00646,Electronics,South,Marketplace,Cash on Delivery,Delivered,5,14.14,10,70.7,7.07,63.63,36.31,27.32,13.39,3.7,7
ORD004328,2025-03-05,CUST00519,43,PROD00194,Sports,Central,Mobile App,Bank Transfer,Delivered,3,34.74,30,104.22,31.27,72.95,45.63,27.32,2.24,4.0,3
ORD000109,2025-03-05,CUST00699,28,PROD00346,Grocery,East,Mobile App,Bank Transfer,Delivered,3,50.14,20,150.42,30.08,120.34,79.65,40.69,15.72,4.5,6
ORD000454,2025-03-05,CUST01146,25,PROD00025,Fashion,Central,Website,Credit Card,Returned,3,15.43,15,46.29,6.94,39.35,18.5,20.85,12.08,3.3,1
ORD001201,2025-03-06,CUST01311,58,PROD00293,Fashion,South,Mobile App,Credit Card,Delivered,2,27.98,25,55.96,13.99,41.97,22.15,19.82,12.57,4.1,3
ORD003934,2025-03-06,CUST00020,69,PROD00653,Grocery,South,Website,Bank Transfer,Cancelled,1,50.17,0,50.17,0.0,50.17,35.91,14.26,10.18,3.3,7
ORD000130,2025-03-06,CUST00591,58,PROD00124,Grocery,South,Mobile App,Bank Transfer,Delivered,4,12.1,5,48.4,2.42,45.98,27.33,18.65,4.58,4.4,8
ORD004238,2025-03-06,CUST01147,22,PROD00245,Home & Kitchen,South,Mobile App,PayPal,Returned,1,15.43,25,15.43,3.86,11.57,5.46,6.11,9.18,3.4,7
ORD003310,2025-03-06,CUST00407,60,PROD00305,Electronics,South,Website,Debit Card,Delivered,2,48.32,10,96.64,9.66,86.98,57.1,29.88,16.82,3.3,8
ORD001503,2025-03-07,CUST01121,49,PROD00298,Home & Kitchen,North,Marketplace,Bank Transfer,Shipped,5,37.62,5,188.1,9.4,178.7,88.31,90.39,11.67,3.6,2
ORD002951,2025-03-07,CUST01044,20,PROD00394,Beauty,Central,Mobile App,Cash on Delivery,Delivered,1,47.85,10,47.85,4.78,43.07,29.37,13.7,17.42,3.4,6
ORD000606,2025-03-07,CUST00984,46,PROD00261,Sports,Central,Mobile App,Bank Transfer,Returned,5,26.68,10,133.4,13.34,120.06,57.56,62.5,2.72,4.0,8
ORD002583,2025-03-07,CUST00902,43,PROD00582,Grocery,West,Website,Bank Transfer,Delivered,1,13.65,0,13.65,0.0,13.65,10.46,3.19,11.5,3.9,4
ORD001294,2025-03-07,CUST00284,70,PROD00102,Sports,Central,Website,Cash on Delivery,Delivered,3,37.79,5,113.37,5.67,107.7,69.33,38.37,11.23,3.7,9
ORD004245,2025-03-07,CUST01301,33,PROD00462,Sports,North,Website,Bank Transfer,Delivered,4,34.39,0,137.56,0.0,137.56,76.82,60.74,7.35,3.2,8
ORD000530,2025-03-08,CUST01071,53,PROD00009,Fashion,East,Website,Bank Transfer,Delivered,1,219.12,10,219.12,21.91,197.21,91.63,105.58,7.14,3.7,5
ORD004126,2025-03-08,CUST01144,64,PROD00682,Beauty,West,Website,Debit Card,Delivered,1,62.37,30,62.37,18.71,43.66,30.02,13.64,16.46,3.0,4
ORD004506,2025-03-08,CUST00170,30,PROD00687,Beauty,West,Marketplace,Debit Card,Shipped,2,23.9,5,47.8,2.39,45.41,28.01,17.4,4.39,3.7,3
ORD000594,2025-03-08,CUST01105,29,PROD00723,Beauty,South,Mobile App,PayPal,Delivered,4,83.02,25,332.08,83.02,249.06,182.69,66.37,13.56,5.0,10
ORD000232,2025-03-08,CUST00588,37,PROD00170,Sports,East,Mobile App,Credit Card,Delivered,4,66.03,20,264.12,52.82,211.3,149.73,61.57,2.77,2.9,7
ORD000771,2025-03-08,CUST01492,46,PROD00703,Sports,West,Mobile App,Cash on Delivery,Shipped,2,40.94,10,81.88,8.19,73.69,52.58,21.11,9.11,3.1,7
ORD004833,2025-03-09,CUST00319,66,PROD00701,Sports,East,Website,Credit Card,Delivered,1,13.0,25,13.0,3.25,9.75,5.09,4.66,7.62,4.9,7
ORD003605,2025-03-09,CUST00539,22,PROD00647,Electronics,West,Website,PayPal,Returned,4,215.18,20,860.72,172.14,688.58,400.92,287.66,4.11,4.1,8
ORD001744,2025-03-10,CUST00490,35,PROD00547,Fashion,East,Website,Credit Card,Delivered,2,24.55,30,49.1,14.73,34.37,17.93,16.44,13.87,3.8,2
ORD004414,2025-03-10,CUST01252,58,PROD00203,Sports,South,Mobile App,Debit Card,Delivered,5,14.79,30,73.95,22.18,51.77,38.93,12.84,4.32,3.4,9
ORD000784,2025-03-10,CUST00737,58,PROD00458,Beauty,South,Website,Credit Card,Shipped,3,24.91,10,74.73,7.47,67.26,33.82,33.44,3.62,4.9,3
ORD000928,2025-03-10,CUST00395,37,PROD00501,Beauty,Central,Website,Debit Card,Shipped,2,63.76,15,127.52,19.13,108.39,50.4,57.99,17.67,3.0,6
ORD004101,2025-03-10,CUST01470,52,PROD00141,Beauty,West,Marketplace,Bank Transfer,Returned,2,16.81,5,33.62,1.68,31.94,23.08,8.86,2.45,4.6,6
ORD000214,2025-03-11,CUST01175,59,PROD00416,Grocery,North,Website,Bank Transfer,Delivered,3,57.22,20,171.66,34.33,137.33,86.68,50.65,2.77,3.8,4
ORD001350,2025-03-11,CUST01166,22,PROD00008,Electronics,North,Mobile App,Debit Card,Delivered,5,28.97,15,144.85,21.73,123.12,80.64,42.48,2.0,4.2,10
ORD001545,2025-03-11,CUST00836,35,PROD00332,Grocery,North,Mobile App,Cash on Delivery,Delivered,4,38.12,10,152.48,15.25,137.23,80.36,56.87,7.35,3.3,6
ORD001366,2025-03-11,CUST00580,57,PROD00254,Sports,North,Mobile App,Credit Card,Delivered,1,31.39,15,31.39,4.71,26.68,19.33,7.35,10.81,4.6,1
ORD002701,2025-03-12,CUST00472,64,PROD00701,Home & Kitchen,North,Mobile App,PayPal,Delivered,5,51.14,0,255.7,0.0,255.7,190.19,65.51,8.08,4.3,9
ORD001900,2025-03-12,CUST00925,55,PROD00010,Electronics,South,Website,Bank Transfer,Delivered,1,6.08,10,6.08,0.61,5.47,3.72,1.75,6.12,3.6,8
ORD000332,2025-03-12,CUST01377,68,PROD00256,Beauty,North,Website,Cash on Delivery,Cancelled,5,4.95,5,24.75,1.24,23.51,16.97,6.54,8.18,4.0,1
ORD000360,2025-03-12,CUST00601,24,PROD00247,Home & Kitchen,Central,Marketplace,Credit Card,Cancelled,3,20.69,20,62.07,12.41,49.66,23.36,26.3,2.68,3.8,1
ORD003954,2025-03-12,CUST01175,44,PROD00266,Beauty,North,Website,Debit Card,Shipped,3,34.71,0,104.13,0.0,104.13,60.0,44.13,12.15,4.3,5
ORD003223,2025-03-12,CUST01357,24,PROD00645,Sports,Central,Mobile App,Cash on Delivery,Delivered,1,22.34,15,22.34,3.35,18.99,9.65,9.34,6.79,3.8,8
ORD004991,2025-03-12,CUST00412,69,PROD00657,Electronics,Central,Mobile App,Cash on Delivery,Delivered,3,7.62,10,22.86,2.29,20.57,15.61,4.96,11.8,4.7,9
ORD003285,2025-03-12,CUST00003,23,PROD00280,Beauty,South,Website,Bank Transfer,Shipped,4,13.58,10,54.32,5.43,48.89,33.7,15.19,8.38,3.6,3
ORD003622,2025-03-13,CUST01351,52,PROD00029,Grocery,East,Website,Bank Transfer,Returned,1,25.51,15,25.51,3.83,21.68,11.1,10.58,7.37,3.2,7
ORD003614,2025-03-13,CUST00410,49,PROD00231,Electronics,East,Website,PayPal,Delivered,3,47.87,5,143.61,7.18,136.43,79.75,56.68,13.03,4.6,10
ORD003350,2025-03-13,CUST00400,24,PROD00180,Beauty,East,Mobile App,Bank Transfer,Delivered,1,44.82,20,44.82,8.96,35.86,19.23,16.63,9.94,5.0,8
ORD003536,2025-03-14,CUST01443,60,PROD00555,Sports,East,Mobile App,Credit Card,Shipped,1,19.69,10,19.69,1.97,17.72,10.59,7.13,14.63,3.6,7
ORD004237,2025-03-14,CUST00100,58,PROD00564,Electronics,South,Mobile App,Bank Transfer,Shipped,3,26.05,30,78.15,23.44,54.71,27.46,27.25,16.52,4.2,7
ORD004924,2025-03-14,CUST01207,49,PROD00788,Sports,East,Website,PayPal,Delivered,4,16.52,10,66.08,6.61,59.47,37.48,21.99,11.92,3.3,5
ORD000655,2025-03-14,CUST00517,20,PROD00688,Fashion,West,Mobile App,Debit Card,Delivered,5,66.92,10,334.6,33.46,301.14,206.81,94.33,12.48,3.9,3
ORD001670,2025-03-15,CUST00505,57,PROD00407,Fashion,South,Mobile App,PayPal,Delivered,2,101.5,30,203.0,60.9,142.1,79.97,62.13,12.94,5.0,1
ORD001101,2025-03-15,CUST00171,59,PROD00138,Fashion,South,Website,PayPal,Delivered,2,16.3,5,32.6,1.63,30.97,17.56,13.41,15.66,3.3,5
ORD001431,2025-03-15,CUST01083,68,PROD00721,Fashion,North,Marketplace,Debit Card,Cancelled,4,26.56,20,106.24,21.25,84.99,52.37,32.62,4.81,4.8,10
ORD003689,2025-03-15,CUST01155,31,PROD00111,Sports,South,Website,Debit Card,Shipped,1,27.96,15,27.96,4.19,23.77,11.15,12.62,2.81,3.4,8
ORD000972,2025-03-15,CUST00230,37,PROD00774,Beauty,East,Website,PayPal,Delivered,4,17.91,20,71.64,14.33,57.31,30.74,26.57,13.74,4.5,9
ORD000995,2025-03-15,CUST01218,68,PROD00234,Grocery,North,Marketplace,Cash on Delivery,Delivered,3,99.86,25,299.58,74.9,224.68,111.17,113.51,8.46,4.1,3
ORD000097,2025-03-15,CUST01378,57,PROD00071,Beauty,South,Mobile App,Credit Card,Shipped,2,50.83,15,101.66,15.25,86.41,52.89,33.52,11.28,4.1,1
ORD000592,2025-03-16,CUST00767,39,PROD00263,Fashion,North,Website,Debit Card,Delivered,4,121.79,25,487.16,121.79,365.37,233.19,132.18,17.53,3.6,6
ORD004470,2025-03-16,CUST01392,44,PROD00018,Sports,West,Marketplace,Debit Card,Delivered,2,83.91,5,167.82,8.39,159.43,108.16,51.27,7.17,3.5,10
ORD000677,2025-03-16,CUST00681,34,PROD00421,Fashion,East,Mobile App,Cash on Delivery,Delivered,1,18.54,5,18.54,0.93,17.61,9.88,7.73,15.0,2.9,10
ORD000012,2025-03-16,CUST00490,23,PROD00586,Fashion,West,Mobile App,Credit Card,Cancelled,4,35.74,5,142.96,7.15,135.81,69.48,66.33,14.73,3.5,2
ORD000815,2025-03-16,CUST00514,68,PROD00747,Electronics,East,Website,Cash on Delivery,Shipped,5,24.61,5,123.05,6.15,116.9,86.83,30.07,8.31,3.7,1
ORD001154,2025-03-17,CUST01173,43,PROD00090,Grocery,Central,Website,Debit Card,Returned,5,24.21,0,121.05,0.0,121.05,54.66,66.39,3.63,4.4,5
ORD003366,2025-03-17,CUST00552,42,PROD00359,Fashion,South,Marketplace,Bank Transfer,Returned,1,27.49,20,27.49,5.5,21.99,14.64,7.35,17.57,3.7,5
ORD003523,2025-03-17,CUST00790,52,PROD00433,Home & Kitchen,East,Marketplace,Debit Card,Delivered,2,46.59,25,93.18,23.3,69.88,54.03,15.85,7.11,2.8,2
ORD001030,2025-03-17,CUST00179,46,PROD00753,Sports,North,Website,Bank Transfer,Cancelled,2,52.1,10,104.2,10.42,93.78,62.21,31.57,16.22,5.0,2
ORD004106,2025-03-18,CUST00785,29,PROD00659,Beauty,South,Mobile App,Credit Card,Cancelled,3,53.35,5,160.05,8.0,152.05,79.36,72.69,5.11,4.1,7
ORD004338,2025-03-18,CUST00663,61,PROD00777,Electronics,North,Website,Credit Card,Delivered,2,17.88,30,35.76,10.73,25.03,15.35,9.68,6.69,4.0,9
ORD004153,2025-03-19,CUST01067,20,PROD00203,Beauty,Central,Website,Debit Card,Delivered,1,39.89,25,39.89,9.97,29.92,14.99,14.93,4.92,3.5,7
ORD002129,2025-03-19,CUST00862,49,PROD00359,Fashion,Central,Marketplace,Bank Transfer,Cancelled,4,60.24,5,240.96,12.05,228.91,130.51,98.4,14.72,4.7,4
ORD001397,2025-03-19,CUST00450,22,PROD00086,Beauty,North,Website,Cash on Delivery,Delivered,1,33.69,0,33.69,0.0,33.69,15.89,17.8,1.9,4.2,8
ORD003726,2025-03-20,CUST00326,43,PROD00774,Fashion,East,Mobile App,Bank Transfer,Cancelled,4,78.8,0,315.2,0.0,315.2,167.49,147.71,12.78,4.4,7
ORD002794,2025-03-20,CUST00011,27,PROD00660,Grocery,South,Mobile App,Credit Card,Delivered,1,45.54,0,45.54,0.0,45.54,25.74,19.8,14.36,4.4,2
ORD004198,2025-03-20,CUST00512,59,PROD00397,Sports,West,Website,PayPal,Returned,4,24.21,5,96.84,4.84,92.0,65.43,26.57,10.15,4.0,3
ORD004150,2025-03-21,CUST00696,42,PROD00642,Beauty,South,Mobile App,Credit Card,Returned,4,83.26,20,333.04,66.61,266.43,153.97,112.46,2.63,4.5,6
ORD000686,2025-03-22,CUST00772,55,PROD00488,Beauty,Central,Website,Credit Card,Delivered,1,20.62,30,20.62,6.19,14.43,9.37,5.06,10.23,3.3,2
ORD004677,2025-03-23,CUST00095,67,PROD00303,Electronics,West,Website,PayPal,Returned,1,32.65,0,32.65,0.0,32.65,16.14,16.51,5.85,4.1,8
ORD004731,2025-03-23,CUST00634,62,PROD00059,Electronics,North,Website,Credit Card,Delivered,4,45.41,10,181.64,18.16,163.48,108.83,54.65,9.9,4.5,1
ORD004665,2025-03-24,CUST00264,55,PROD00184,Home & Kitchen,West,Marketplace,Cash on Delivery,Delivered,1,17.99,25,17.99,4.5,13.49,9.89,3.6,17.84,4.8,3
ORD000945,2025-03-24,CUST00012,42,PROD00777,Sports,South,Mobile App,Debit Card,Delivered,1,64.61,25,64.61,16.15,48.46,35.7,12.76,1.63,4.7,9
ORD002276,2025-03-24,CUST00255,49,PROD00088,Grocery,North,Mobile App,PayPal,Delivered,4,16.97,15,67.88,10.18,57.7,40.45,17.25,14.12,4.8,8
ORD001122,2025-03-24,CUST00378,65,PROD00185,Sports,West,Mobile App,Bank Transfer,Delivered,1,46.86,15,46.86,7.03,39.83,26.79,13.04,10.27,4.5,1
ORD001544,2025-03-24,CUST01224,51,PROD00089,Electronics,Central,Website,Cash on Delivery,Returned,2,23.43,15,46.86,7.03,39.83,26.88,12.95,9.83,4.3,5
ORD000858,2025-03-24,CUST00342,48,PROD00361,Sports,West,Mobile App,Credit Card,Cancelled,1,21.98,5,21.98,1.1,20.88,15.26,5.62,2.78,3.4,8
ORD000489,2025-03-25,CUST00349,24,PROD00340,Grocery,Central,Mobile App,Cash on Delivery,Delivered,5,72.3,10,361.5,36.15,325.35,218.82,106.53,16.79,2.7,8
ORD000964,2025-03-25,CUST01289,32,PROD00523,Home & Kitchen,West,Website,PayPal,Shipped,5,8.34,10,41.7,4.17,37.53,27.15,10.38,16.35,4.0,3
ORD000835,2025-03-25,CUST00920,62,PROD00296,Beauty,South,Mobile App,Bank Transfer,Cancelled,4,96.05,10,384.2,38.42,345.78,194.04,151.74,3.43,3.1,9
ORD000816,2025-03-25,CUST00293,29,PROD00411,Sports,Central,Website,Bank Transfer,Cancelled,5,15.0,30,75.0,22.5,52.5,30.78,21.72,9.76,4.4,6
ORD000060,2025-03-26,CUST00143,27,PROD00604,Fashion,Central,Mobile App,Credit Card,Delivered,4,81.84,15,327.36,49.1,278.26,167.73,110.53,4.74,5.0,5
ORD003937,2025-03-26,CUST00462,62,PROD00366,Electronics,East,Marketplace,Cash on Delivery,Shipped,5,42.02,0,210.1,0.0,210.1,113.82,96.28,4.59,3.9,7
ORD000238,2025-03-26,CUST00944,26,PROD00679,Electronics,South,Mobile App,Credit Card,Shipped,4,31.92,20,127.68,25.54,102.14,56.78,45.36,5.8,4.9,6
ORD001217,2025-03-26,CUST01223,29,PROD00148,Grocery,East,Website,PayPal,Delivered,2,32.88,15,65.76,9.86,55.9,43.54,12.36,13.06,2.8,5
ORD000196,2025-03-26,CUST01072,20,PROD00366,Fashion,South,Website,Debit Card,Delivered,5,32.31,10,161.55,16.16,145.39,78.2,67.19,8.5,3.0,5
ORD001586,2025-03-26,CUST00942,50,PROD00207,Electronics,North,Mobile App,Debit Card,Delivered,1,23.13,10,23.13,2.31,20.82,10.69,10.13,13.1,3.7,6
ORD000216,2025-03-26,CUST00569,66,PROD00365,Electronics,South,Mobile App,Cash on Delivery,Delivered,4,47.09,0,188.36,0.0,188.36,124.26,64.1,8.97,4.3,7
ORD002470,2025-03-27,CUST00651,44,PROD00342,Home & Kitchen,East,Marketplace,Cash on Delivery,Delivered,2,30.17,10,60.34,6.03,54.31,37.68,16.63,5.44,4.2,10
ORD001062,2025-03-27,CUST01500,57,PROD00180,Electronics,North,Website,Credit Card,Delivered,4,31.26,10,125.04,12.5,112.54,82.56,29.98,9.09,4.2,7
ORD003449,2025-03-27,CUST00781,32,PROD00467,Home & Kitchen,North,Mobile App,Debit Card,Shipped,1,12.23,5,12.23,0.61,11.62,7.99,3.63,1.52,3.4,7
ORD003917,2025-03-27,CUST00863,45,PROD00391,Home & Kitchen,South,Website,PayPal,Delivered,4,88.99,20,355.96,71.19,284.77,150.6,134.17,5.27,3.0,10
ORD001148,2025-03-27,CUST00267,33,PROD00209,Sports,West,Marketplace,Credit Card,Shipped,3,20.5,10,61.5,6.15,55.35,33.67,21.68,6.47,3.9,6
ORD003252,2025-03-27,CUST01363,64,PROD00398,Beauty,Central,Mobile App,Bank Transfer,Shipped,3,23.28,5,69.84,3.49,66.35,39.33,27.02,14.15,4.0,5
ORD002554,2025-03-27,CUST00020,58,PROD00755,Fashion,Central,Marketplace,PayPal,Returned,1,31.73,25,31.73,7.93,23.8,13.94,9.86,15.46,5.0,10
ORD002759,2025-03-28,CUST00563,31,PROD00727,Grocery,East,Marketplace,PayPal,Returned,4,51.72,5,206.88,10.34,196.54,115.62,80.92,4.27,4.0,8
ORD004323,2025-03-28,CUST00569,47,PROD00025,Electronics,Central,Website,PayPal,Shipped,5,84.49,15,422.45,63.37,359.08,262.18,96.9,17.99,4.6,8
ORD002771,2025-03-29,CUST00472,61,PROD00366,Home & Kitchen,West,Mobile App,Credit Card,Returned,3,66.27,20,198.81,39.76,159.05,119.39,39.66,5.51,4.1,2
ORD004968,2025-03-29,CUST00124,21,PROD00500,Electronics,North,Mobile App,Bank Transfer,Delivered,5,74.45,20,372.25,74.45,297.8,178.71,119.09,17.85,4.2,2
ORD002473,2025-03-29,CUST00417,58,PROD00411,Electronics,Central,Website,Cash on Delivery,Delivered,5,62.22,10,311.1,31.11,279.99,193.49,86.5,4.98,3.7,10
ORD004020,2025-03-29,CUST00258,59,PROD00405,Beauty,South,Mobile App,Debit Card,Delivered,4,17.82,10,71.28,7.13,64.15,42.51,21.64,9.96,5.0,3
ORD001022,2025-03-29,CUST01437,20,PROD00113,Electronics,North,Website,Cash on Delivery,Delivered,1,87.23,0,87.23,0.0,87.23,63.39,23.84,1.62,4.5,5
ORD002639,2025-03-30,CUST00813,56,PROD00528,Home & Kitchen,East,Website,Cash on Delivery,Shipped,2,56.17,25,112.34,28.08,84.26,62.6,21.66,3.33,4.1,8
ORD002424,2025-03-30,CUST00715,52,PROD00227,Sports,Central,Website,Credit Card,Returned,4,139.64,25,558.56,139.64,418.92,313.86,105.06,6.64,4.4,6
ORD002387,2025-03-30,CUST00339,59,PROD00608,Electronics,West,Marketplace,Credit Card,Returned,1,67.88,15,67.88,10.18,57.7,39.42,18.28,17.19,3.9,3
ORD001836,2025-03-30,CUST01410,37,PROD00217,Home & Kitchen,Central,Mobile App,Debit Card,Cancelled,2,16.76,0,33.52,0.0,33.52,19.49,14.03,2.91,3.7,10
ORD001837,2025-03-30,CUST01428,57,PROD00586,Fashion,South,Mobile App,Cash on Delivery,Delivered,5,84.39,0,421.95,0.0,421.95,201.88,220.07,10.26,4.5,4
ORD004530,2025-03-30,CUST00063,54,PROD00643,Sports,West,Mobile App,Bank Transfer,Delivered,2,35.85,5,71.7,3.58,68.12,46.56,21.56,16.42,3.9,2
ORD003237,2025-03-31,CUST00776,40,PROD00614,Grocery,Central,Mobile App,Credit Card,Delivered,3,69.98,15,209.94,31.49,178.45,136.21,42.24,10.35,4.0,3
ORD001013,2025-03-31,CUST00610,48,PROD00102,Fashion,South,Mobile App,Cash on Delivery,Delivered,3,85.46,25,256.38,64.1,192.28,94.92,97.36,3.93,2.4,6
ORD002389,2025-03-31,CUST01474,62,PROD00744,Home & Kitchen,West,Mobile App,Bank Transfer,Delivered,1,30.85,10,30.85,3.08,27.77,15.65,12.12,4.16,5.0,10
ORD000794,2025-03-31,CUST00418,36,PROD00229,Fashion,North,Mobile App,Credit Card,Shipped,2,17.91,0,35.82,0.0,35.82,27.45,8.37,3.02,3.2,6
ORD002595,2025-03-31,CUST00786,35,PROD00173,Beauty,Central,Mobile App,Debit Card,Delivered,1,7.42,0,7.42,0.0,7.42,4.76,2.66,6.82,4.2,4
ORD003450,2025-03-31,CUST00882,65,PROD00190,Beauty,Central,Website,Bank Transfer,Delivered,2,61.86,15,123.72,18.56,105.16,66.35,38.81,11.09,3.6,7
ORD000211,2025-04-01,CUST00554,19,PROD00217,Grocery,South,Mobile App,Bank Transfer,Cancelled,5,22.68,10,113.4,11.34,102.06,77.4,24.66,16.13,5.0,6
ORD001564,2025-04-01,CUST01066,32,PROD00640,Fashion,Central,Website,Debit Card,Delivered,3,43.56,25,130.68,32.67,98.01,59.09,38.92,16.85,2.5,6
ORD003330,2025-04-01,CUST00433,42,PROD00101,Home & Kitchen,Central,Website,Credit Card,Cancelled,1,19.38,10,19.38,1.94,17.44,8.86,8.58,14.88,4.4,2
ORD002049,2025-04-01,CUST00233,54,PROD00624,Sports,North,Website,Credit Card,Shipped,4,179.15,5,716.6,35.83,680.77,510.68,170.09,17.31,3.2,9
ORD001790,2025-04-01,CUST00502,69,PROD00330,Sports,North,Website,Debit Card,Shipped,4,32.31,10,129.24,12.92,116.32,80.12,36.2,15.47,4.5,6
ORD001785,2025-04-01,CUST00887,48,PROD00723,Beauty,North,Website,Bank Transfer,Shipped,4,19.87,20,79.48,15.9,63.58,33.42,30.16,11.06,3.2,5
ORD002821,2025-04-01,CUST00939,44,PROD00347,Grocery,East,Website,Bank Transfer,Returned,2,10.87,20,21.74,4.35,17.39,8.39,9.0,6.19,5.0,3
ORD003913,2025-04-01,CUST01437,60,PROD00218,Electronics,West,Website,Credit Card,Delivered,3,33.38,0,100.14,0.0,100.14,48.82,51.32,16.43,3.4,1
ORD000548,2025-04-02,CUST00279,30,PROD00417,Electronics,Central,Mobile App,Debit Card,Delivered,4,5.07,10,20.28,2.03,18.25,12.12,6.13,1.91,3.1,1
ORD000711,2025-04-02,CUST00300,57,PROD00461,Fashion,North,Mobile App,Cash on Delivery,Delivered,3,151.52,15,454.56,68.18,386.38,242.96,143.42,9.59,3.5,10
ORD003333,2025-04-02,CUST00433,32,PROD00130,Grocery,North,Website,Debit Card,Delivered,1,34.61,10,34.61,3.46,31.15,20.53,10.62,14.19,3.1,8
ORD000953,2025-04-02,CUST00992,40,PROD00349,Fashion,West,Mobile App,Cash on Delivery,Shipped,2,29.62,10,59.24,5.92,53.32,24.56,28.76,4.25,4.3,4
ORD000315,2025-04-02,CUST00849,24,PROD00421,Fashion,East,Website,Debit Card,Returned,2,30.2,0,60.4,0.0,60.4,35.75,24.65,15.51,4.9,8
ORD000481,2025-04-03,CUST00818,26,PROD00066,Beauty,North,Website,Credit Card,Cancelled,1,34.9,10,34.9,3.49,31.41,16.28,15.13,6.8,3.6,2
ORD003015,2025-04-03,CUST00792,28,PROD00595,Grocery,West,Mobile App,Bank Transfer,Delivered,1,12.0,5,12.0,0.6,11.4,6.82,4.58,3.53,4.5,6
ORD000529,2025-04-03,CUST01348,29,PROD00003,Home & Kitchen,East,Marketplace,PayPal,Returned,3,28.09,0,84.27,0.0,84.27,46.06,38.21,12.27,3.3,6
ORD003386,2025-04-04,CUST01397,33,PROD00357,Grocery,South,Mobile App,Debit Card,Delivered,3,15.19,15,45.57,6.84,38.73,19.82,18.91,3.18,4.6,2
ORD003490,2025-04-04,CUST01196,42,PROD00358,Fashion,South,Mobile App,Cash on Delivery,Shipped,2,58.65,10,117.3,11.73,105.57,63.08,42.49,12.95,4.2,5
ORD001162,2025-04-04,CUST00618,38,PROD00719,Sports,South,Marketplace,Debit Card,Delivered,4,52.66,15,210.64,31.6,179.04,127.38,51.66,9.81,4.0,10
ORD003771,2025-04-04,CUST00114,60,PROD00319,Fashion,Central,Mobile App,Debit Card,Returned,5,75.4,20,377.0,75.4,301.6,178.59,123.01,5.1,3.5,7
ORD003718,2025-04-04,CUST00991,54,PROD00143,Beauty,West,Mobile App,Bank Transfer,Shipped,1,16.37,5,16.37,0.82,15.55,8.47,7.08,6.11,4.0,5
ORD000861,2025-04-04,CUST00378,18,PROD00217,Electronics,Central,Marketplace,Debit Card,Shipped,5,17.12,5,85.6,4.28,81.32,37.25,44.07,9.43,4.5,6
ORD003061,2025-04-04,CUST00144,70,PROD00324,Beauty,Central,Marketplace,Debit Card,Cancelled,1,23.28,30,23.28,6.98,16.3,8.79,7.51,5.23,3.7,10
ORD003134,2025-04-05,CUST00733,45,PROD00772,Electronics,Central,Website,Debit Card,Shipped,2,127.88,25,255.76,63.94,191.82,100.84,90.98,9.49,3.9,10
ORD001228,2025-04-05,CUST00513,53,PROD00489,Grocery,South,Website,PayPal,Delivered,3,23.82,5,71.46,3.57,67.89,38.88,29.01,13.5,3.5,1
ORD004102,2025-04-05,CUST00212,62,PROD00045,Electronics,North,Mobile App,Bank Transfer,Shipped,5,30.49,15,152.45,22.87,129.58,69.25,60.33,9.67,4.4,1
ORD000395,2025-04-05,CUST00187,48,PROD00484,Grocery,West,Mobile App,Credit Card,Returned,3,21.34,20,64.02,12.8,51.22,25.56,25.66,8.48,3.4,9
ORD003834,2025-04-06,CUST00382,54,PROD00569,Electronics,South,Website,PayPal,Delivered,3,13.31,15,39.93,5.99,33.94,19.78,14.16,12.76,3.6,3
ORD004886,2025-04-06,CUST01135,49,PROD00134,Electronics,Central,Website,Bank Transfer,Cancelled,5,12.43,10,62.15,6.22,55.93,38.24,17.69,14.65,3.3,3
ORD001088,2025-04-06,CUST00632,53,PROD00781,Electronics,Central,Website,PayPal,Cancelled,5,8.03,30,40.15,12.04,28.11,19.07,9.04,13.39,4.5,5
ORD000541,2025-04-06,CUST01290,45,PROD00560,Beauty,West,Mobile App,Cash on Delivery,Returned,2,41.73,15,83.46,12.52,70.94,42.01,28.93,5.67,4.5,5
ORD004218,2025-04-06,CUST01302,23,PROD00148,Fashion,East,Mobile App,Cash on Delivery,Delivered,3,32.72,0,98.16,0.0,98.16,61.06,37.1,11.91,3.6,10
ORD001571,2025-04-07,CUST00716,56,PROD00320,Grocery,West,Mobile App,Cash on Delivery,Returned,4,18.6,5,74.4,3.72,70.68,37.85,32.83,15.08,5.0,1
ORD003590,2025-04-07,CUST01144,68,PROD00367,Grocery,South,Website,Bank Transfer,Shipped,3,24.56,0,73.68,0.0,73.68,52.27,21.41,7.21,2.8,10
ORD002251,2025-04-07,CUST00892,48,PROD00418,Grocery,East,Mobile App,Cash on Delivery,Delivered,1,25.11,0,25.11,0.0,25.11,15.01,10.1,10.21,3.2,8
ORD000845,2025-04-07,CUST00167,36,PROD00619,Beauty,West,Mobile App,Debit Card,Cancelled,1,66.22,5,66.22,3.31,62.91,42.2,20.71,12.18,3.1,10
ORD001700,2025-04-07,CUST00495,31,PROD00170,Sports,Central,Mobile App,PayPal,Delivered,4,72.25,0,289.0,0.0,289.0,190.28,98.72,12.2,4.4,10
ORD000278,2025-04-07,CUST01412,68,PROD00121,Electronics,Central,Marketplace,Debit Card,Cancelled,2,25.77,25,51.54,12.88,38.66,26.76,11.9,7.55,4.0,9
ORD003370,2025-04-08,CUST01121,34,PROD00503,Electronics,Central,Website,Debit Card,Returned,2,30.61,10,61.22,6.12,55.1,40.21,14.89,12.05,4.6,9
ORD000474,2025-04-08,CUST01476,23,PROD00677,Fashion,North,Website,Credit Card,Delivered,1,34.5,0,34.5,0.0,34.5,23.36,11.14,7.74,3.8,5
ORD003804,2025-04-09,CUST00397,48,PROD00459,Sports,Central,Website,Bank Transfer,Delivered,2,37.89,25,75.78,18.94,56.84,41.27,15.57,13.08,4.9,5
ORD004269,2025-04-09,CUST00075,18,PROD00795,Electronics,West,Website,Bank Transfer,Shipped,1,90.75,10,90.75,9.07,81.68,44.55,37.13,6.42,4.9,6
ORD003704,2025-04-09,CUST00745,57,PROD00726,Beauty,North,Website,Cash on Delivery,Delivered,5,17.84,25,89.2,22.3,66.9,46.14,20.76,3.19,3.9,8
ORD000651,2025-04-10,CUST00070,19,PROD00036,Fashion,South,Website,Debit Card,Delivered,1,20.91,10,20.91,2.09,18.82,13.89,4.93,9.26,4.7,8
ORD000323,2025-04-10,CUST00363,30,PROD00274,Fashion,West,Mobile App,Credit Card,Shipped,2,75.34,5,150.68,7.53,143.15,82.18,60.97,2.83,3.1,9
ORD003783,2025-04-10,CUST00346,18,PROD00642,Electronics,Central,Mobile App,Bank Transfer,Shipped,3,66.28,5,198.84,9.94,188.9,98.72,90.18,1.66,3.8,1
ORD004258,2025-04-10,CUST00863,25,PROD00580,Grocery,East,Website,Credit Card,Delivered,4,49.1,0,196.4,0.0,196.4,125.71,70.69,7.06,4.3,3
ORD002088,2025-04-10,CUST00912,32,PROD00171,Sports,South,Website,Bank Transfer,Delivered,2,89.33,15,178.66,26.8,151.86,84.59,67.27,16.69,3.9,6
ORD003193,2025-04-10,CUST01117,31,PROD00668,Fashion,North,Marketplace,Credit Card,Delivered,5,27.1,15,135.5,20.32,115.18,76.18,39.0,13.1,4.3,7
ORD000925,2025-04-10,CUST00149,47,PROD00023,Fashion,South,Marketplace,Cash on Delivery,Cancelled,4,96.77,10,387.08,38.71,348.37,269.32,79.05,8.81,3.2,2
ORD000031,2025-04-11,CUST00478,56,PROD00113,Electronics,South,Marketplace,Debit Card,Returned,5,64.29,15,321.45,48.22,273.23,158.5,114.73,13.02,4.7,9
ORD003440,2025-04-11,CUST00077,35,PROD00679,Home & Kitchen,West,Website,Bank Transfer,Delivered,3,60.26,5,180.78,9.04,171.74,116.05,55.69,2.34,3.5,8
ORD004972,2025-04-11,CUST00608,57,PROD00582,Beauty,South,Website,Credit Card,Delivered,5,28.64,15,143.2,21.48,121.72,83.64,38.08,16.72,2.3,3
ORD002963,2025-04-12,CUST00322,41,PROD00091,Sports,North,Mobile App,Bank Transfer,Delivered,1,27.72,25,27.72,6.93,20.79,14.19,6.6,11.08,4.7,7
ORD003300,2025-04-12,CUST01178,60,PROD00320,Fashion,Central,Marketplace,Debit Card,Cancelled,1,7.86,0,7.86,0.0,7.86,5.63,2.23,13.47,3.9,4
ORD000934,2025-04-12,CUST00406,54,PROD00366,Electronics,West,Mobile App,PayPal,Delivered,4,37.8,0,151.2,0.0,151.2,107.85,43.35,13.81,3.4,8
ORD001788,2025-04-12,CUST00154,67,PROD00564,Home & Kitchen,West,Mobile App,Credit Card,Delivered,2,99.3,25,198.6,49.65,148.95,108.42,40.53,14.69,3.4,6
ORD002559,2025-04-12,CUST00921,28,PROD00562,Grocery,West,Website,Bank Transfer,Shipped,4,39.4,25,157.6,39.4,118.2,88.84,29.36,11.13,3.7,1
ORD003666,2025-04-12,CUST01210,30,PROD00110,Sports,East,Mobile App,Cash on Delivery,Cancelled,1,10.4,25,10.4,2.6,7.8,4.16,3.64,8.67,3.9,6
ORD002548,2025-04-12,CUST01171,48,PROD00703,Home & Kitchen,East,Website,Credit Card,Delivered,2,19.02,5,38.04,1.9,36.14,16.84,19.3,14.48,3.3,9
ORD003494,2025-04-13,CUST01280,60,PROD00305,Grocery,West,Mobile App,Cash on Delivery,Cancelled,1,43.76,5,43.76,2.19,41.57,26.31,15.26,11.7,4.2,2
ORD000289,2025-04-13,CUST00168,57,PROD00338,Beauty,Central,Marketplace,Credit Card,Delivered,5,27.61,10,138.05,13.8,124.25,93.45,30.8,2.05,4.5,6
ORD004758,2025-04-13,CUST01439,68,PROD00677,Grocery,Central,Website,Credit Card,Delivered,3,19.83,0,59.49,0.0,59.49,31.36,28.13,7.24,4.1,2
ORD001759,2025-04-14,CUST00785,49,PROD00202,Beauty,West,Mobile App,Credit Card,Delivered,5,52.39,20,261.95,52.39,209.56,146.36,63.2,11.58,5.0,8
ORD004149,2025-04-14,CUST00513,25,PROD00709,Electronics,South,Website,Debit Card,Returned,5,19.92,25,99.6,24.9,74.7,50.16,24.54,6.76,3.4,3
ORD003041,2025-04-15,CUST00912,38,PROD00551,Fashion,South,Website,Bank Transfer,Cancelled,5,27.58,5,137.9,6.89,131.01,87.66,43.35,13.74,4.3,7
ORD000154,2025-04-15,CUST00924,54,PROD00126,Fashion,North,Mobile App,Bank Transfer,Delivered,2,5.89,20,11.78,2.36,9.42,6.0,3.42,6.7,4.3,3
ORD000736,2025-04-15,CUST01194,70,PROD00369,Fashion,Central,Mobile App,PayPal,Delivered,2,45.56,15,91.12,13.67,77.45,57.56,19.89,7.42,3.9,9
ORD001944,2025-04-15,CUST01337,41,PROD00525,Fashion,South,Website,Credit Card,Delivered,2,41.43,25,82.86,20.72,62.14,31.56,30.58,16.26,4.4,2
ORD002607,2025-04-15,CUST00053,50,PROD00594,Grocery,South,Marketplace,Bank Transfer,Cancelled,3,51.56,25,154.68,38.67,116.01,86.33,29.68,11.19,5.0,3
ORD001462,2025-04-16,CUST00885,23,PROD00057,Electronics,North,Website,Debit Card,Delivered,5,21.16,0,105.8,0.0,105.8,47.69,58.11,3.9,5.0,5
ORD002314,2025-04-16,CUST01054,48,PROD00627,Electronics,South,Website,PayPal,Cancelled,1,30.67,10,30.67,3.07,27.6,17.27,10.33,4.29,4.3,5
ORD002667,2025-04-16,CUST00581,22,PROD00710,Sports,South,Website,Credit Card,Delivered,3,29.96,5,89.88,4.49,85.39,62.54,22.85,11.39,5.0,1
ORD001510,2025-04-16,CUST01031,61,PROD00051,Electronics,North,Website,Cash on Delivery,Shipped,5,41.14,10,205.7,20.57,185.13,100.5,84.63,7.39,4.9,10
ORD002105,2025-04-16,CUST00345,54,PROD00790,Fashion,East,Mobile App,PayPal,Delivered,4,51.05,0,204.2,0.0,204.2,121.93,82.27,11.96,4.2,10
ORD002561,2025-04-16,CUST00001,68,PROD00390,Grocery,South,Mobile App,Debit Card,Delivered,5,44.78,30,223.9,67.17,156.73,90.25,66.48,17.41,3.1,6
ORD004419,2025-04-16,CUST01065,43,PROD00048,Beauty,Central,Marketplace,Bank Transfer,Cancelled,1,18.45,15,18.45,2.77,15.68,9.79,5.89,12.06,4.9,5
ORD000299,2025-04-17,CUST00120,37,PROD00381,Electronics,South,Mobile App,Credit Card,Cancelled,5,9.65,0,48.25,0.0,48.25,31.54,16.71,7.5,3.7,4
ORD000997,2025-04-17,CUST00520,56,PROD00700,Beauty,Central,Mobile App,Bank Transfer,Shipped,2,77.03,25,154.06,38.52,115.54,75.25,40.29,6.22,4.2,10
ORD000636,2025-04-17,CUST00679,43,PROD00302,Beauty,East,Website,Credit Card,Delivered,3,44.55,30,133.65,40.09,93.56,72.97,20.59,15.65,3.1,1
ORD001471,2025-04-17,CUST00776,31,PROD00775,Beauty,Central,Website,PayPal,Delivered,1,62.53,10,62.53,6.25,56.28,28.24,28.04,12.79,3.5,4
ORD003578,2025-04-17,CUST01310,56,PROD00159,Electronics,North,Website,PayPal,Delivered,5,61.37,25,306.85,76.71,230.14,109.44,120.7,7.67,4.8,10
ORD004257,2025-04-17,CUST01305,53,PROD00463,Beauty,North,Website,Bank Transfer,Cancelled,4,68.87,20,275.48,55.1,220.38,117.02,103.36,7.79,3.9,2
ORD004639,2025-04-18,CUST01191,23,PROD00530,Home & Kitchen,North,Mobile App,Bank Transfer,Cancelled,5,23.95,0,119.75,0.0,119.75,86.08,33.67,6.87,4.3,7
ORD003668,2025-04-18,CUST01245,57,PROD00563,Sports,West,Mobile App,Debit Card,Cancelled,3,47.1,30,141.3,42.39,98.91,72.71,26.2,8.47,3.7,1
ORD003157,2025-04-19,CUST01014,67,PROD00709,Fashion,West,Website,Bank Transfer,Cancelled,2,18.11,5,36.22,1.81,34.41,18.99,15.42,12.75,3.6,4
ORD004715,2025-04-19,CUST00784,48,PROD00183,Grocery,West,Website,Credit Card,Delivered,4,40.83,0,163.32,0.0,163.32,110.26,53.06,9.93,4.2,7
ORD002356,2025-04-19,CUST01076,47,PROD00030,Grocery,North,Mobile App,PayPal,Cancelled,3,15.09,15,45.27,6.79,38.48,26.46,12.02,15.67,3.4,10
ORD002664,2025-04-19,CUST01333,67,PROD00410,Home & Kitchen,East,Marketplace,Bank Transfer,Delivered,2,30.35,15,60.7,9.1,51.6,30.31,21.29,13.4,4.4,2
ORD004169,2025-04-20,CUST00300,20,PROD00232,Beauty,West,Mobile App,Credit Card,Delivered,5,22.15,5,110.75,5.54,105.21,52.86,52.35,12.24,2.6,10
ORD002146,2025-04-20,CUST00850,46,PROD00057,Home & Kitchen,West,Marketplace,Debit Card,Delivered,4,21.63,10,86.52,8.65,77.87,52.3,25.57,2.09,2.6,3
ORD004274,2025-04-20,CUST00449,45,PROD00410,Electronics,South,Mobile App,PayPal,Shipped,1,11.83,10,11.83,1.18,10.65,7.96,2.69,16.1,4.5,10
ORD004775,2025-04-20,CUST00135,36,PROD00316,Beauty,Central,Website,Debit Card,Shipped,3,115.17,15,345.51,51.83,293.68,216.75,76.93,13.98,3.2,3
ORD000034,2025-04-20,CUST00850,43,PROD00175,Fashion,West,Mobile App,Bank Transfer,Shipped,4,29.85,25,119.4,29.85,89.55,64.42,25.13,6.62,2.7,8
ORD002190,2025-04-21,CUST00691,42,PROD00718,Beauty,North,Website,Bank Transfer,Delivered,5,16.66,15,83.3,12.5,70.8,54.05,16.75,2.85,3.4,4
ORD003260,2025-04-21,CUST00350,25,PROD00577,Beauty,West,Website,Cash on Delivery,Shipped,2,12.74,5,25.48,1.27,24.21,18.88,5.33,4.7,4.0,3
ORD002195,2025-04-21,CUST00191,40,PROD00652,Sports,East,Marketplace,Credit Card,Shipped,4,20.24,5,80.96,4.05,76.91,37.09,39.82,12.37,4.9,10
ORD001580,2025-04-21,CUST00800,35,PROD00395,Fashion,East,Marketplace,PayPal,Returned,3,16.06,5,48.18,2.41,45.77,27.97,17.8,17.18,2.9,2
ORD003509,2025-04-22,CUST00633,20,PROD00312,Electronics,East,Marketplace,PayPal,Delivered,4,55.11,30,220.44,66.13,154.31,78.4,75.91,17.5,2.8,6
ORD004903,2025-04-22,CUST00575,54,PROD00162,Fashion,East,Website,Credit Card,Cancelled,4,41.51,15,166.04,24.91,141.13,63.71,77.42,2.12,5.0,4
ORD000709,2025-04-22,CUST00679,67,PROD00359,Sports,West,Marketplace,PayPal,Delivered,4,51.73,20,206.92,41.38,165.54,77.12,88.42,13.23,5.0,2
ORD004196,2025-04-23,CUST00285,59,PROD00503,Sports,South,Website,PayPal,Delivered,3,117.58,0,352.74,0.0,352.74,266.79,85.95,12.6,3.9,10
ORD003539,2025-04-23,CUST00345,22,PROD00264,Fashion,South,Website,Debit Card,Shipped,4,23.19,0,92.76,0.0,92.76,69.34,23.42,4.44,4.0,9
ORD003069,2025-04-23,CUST01476,24,PROD00328,Grocery,West,Website,Bank Transfer,Cancelled,4,56.91,30,227.64,68.29,159.35,80.67,78.68,2.55,3.8,5
ORD004581,2025-04-23,CUST01150,52,PROD00598,Home & Kitchen,East,Mobile App,Bank Transfer,Delivered,4,41.65,20,166.6,33.32,133.28,92.25,41.03,4.17,3.6,4
ORD000823,2025-04-23,CUST01355,38,PROD00303,Home & Kitchen,North,Website,Credit Card,Returned,2,31.4,30,62.8,18.84,43.96,30.43,13.53,13.27,3.1,5
ORD004023,2025-04-23,CUST00288,41,PROD00725,Beauty,North,Website,Cash on Delivery,Delivered,1,41.18,15,41.18,6.18,35.0,15.95,19.05,16.88,4.8,1
ORD001484,2025-04-23,CUST00764,61,PROD00379,Beauty,South,Mobile App,Bank Transfer,Delivered,5,78.72,5,393.6,19.68,373.92,198.09,175.83,13.38,3.3,1
ORD004339,2025-04-24,CUST00217,59,PROD00594,Electronics,East,Mobile App,Debit Card,Delivered,5,15.69,25,78.45,19.61,58.84,30.35,28.49,5.85,3.7,2
ORD003814,2025-04-24,CUST01308,62,PROD00640,Home & Kitchen,Central,Website,Credit Card,Shipped,1,43.8,0,43.8,0.0,43.8,24.07,19.73,3.36,2.6,10
ORD003791,2025-04-24,CUST01454,55,PROD00236,Fashion,East,Website,PayPal,Shipped,1,31.8,10,31.8,3.18,28.62,19.5,9.12,17.69,2.9,2
ORD000748,2025-04-24,CUST00513,61,PROD00179,Home & Kitchen,East,Marketplace,Debit Card,Delivered,5,26.98,15,134.9,20.24,114.66,72.97,41.69,15.3,3.7,6
ORD001915,2025-04-24,CUST00425,40,PROD00670,Sports,West,Mobile App,Bank Transfer,Shipped,2,51.87,10,103.74,10.37,93.37,63.97,29.4,16.62,4.8,1
ORD002345,2025-04-24,CUST00232,68,PROD00331,Grocery,South,Marketplace,Cash on Delivery,Returned,3,14.54,10,43.62,4.36,39.26,23.72,15.54,1.84,1.7,2
ORD001967,2025-04-25,CUST01053,29,PROD00300,Sports,East,Website,Cash on Delivery,Delivered,4,43.95,10,175.8,17.58,158.22,101.26,56.96,9.67,4.7,5
ORD004370,2025-04-25,CUST00520,24,PROD00193,Electronics,East,Website,Cash on Delivery,Delivered,5,55.28,10,276.4,27.64,248.76,169.3,79.46,7.95,3.7,9
ORD001806,2025-04-25,CUST00955,51,PROD00284,Grocery,Central,Website,Bank Transfer,Cancelled,2,12.87,15,25.74,3.86,21.88,13.11,8.77,1.73,3.8,9
ORD003172,2025-04-25,CUST00719,51,PROD00291,Home & Kitchen,Central,Marketplace,Cash on Delivery,Delivered,1,31.99,25,31.99,8.0,23.99,13.36,10.63,5.66,5.0,2
ORD000731,2025-04-26,CUST00521,23,PROD00797,Fashion,South,Website,Debit Card,Delivered,1,13.35,5,13.35,0.67,12.68,9.27,3.41,17.83,3.7,9
ORD002744,2025-04-26,CUST01379,59,PROD00104,Grocery,South,Marketplace,Debit Card,Cancelled,1,33.04,15,33.04,4.96,28.08,16.95,11.13,2.59,4.3,10
ORD002536,2025-04-26,CUST00904,35,PROD00206,Home & Kitchen,Central,Mobile App,Debit Card,Shipped,1,99.09,30,99.09,29.73,69.36,41.88,27.48,10.99,3.8,7
ORD004407,2025-04-26,CUST01358,69,PROD00767,Home & Kitchen,Central,Website,Credit Card,Shipped,2,13.01,10,26.02,2.6,23.42,13.09,10.33,17.16,5.0,2
ORD004957,2025-04-27,CUST00247,68,PROD00067,Beauty,North,Website,Debit Card,Delivered,1,73.47,10,73.47,7.35,66.12,37.64,28.48,15.45,4.3,6
ORD004378,2025-04-27,CUST00450,35,PROD00737,Home & Kitchen,West,Marketplace,Credit Card,Delivered,1,22.99,5,22.99,1.15,21.84,10.26,11.58,7.63,3.9,6
ORD002255,2025-04-27,CUST00666,59,PROD00635,Fashion,West,Website,PayPal,Shipped,1,14.07,15,14.07,2.11,11.96,6.42,5.54,4.15,4.4,8
ORD003367,2025-04-27,CUST00904,20,PROD00617,Grocery,West,Website,Bank Transfer,Returned,5,10.35,5,51.75,2.59,49.16,25.08,24.08,17.83,5.0,8
ORD000620,2025-04-27,CUST00778,18,PROD00061,Sports,East,Website,Debit Card,Cancelled,3,26.19,10,78.57,7.86,70.71,39.34,31.37,6.99,4.4,4
ORD002955,2025-04-27,CUST00680,51,PROD00465,Fashion,West,Website,PayPal,Cancelled,5,24.11,30,120.55,36.16,84.39,49.03,35.36,7.73,4.3,1
ORD003785,2025-04-28,CUST00872,40,PROD00617,Grocery,South,Website,PayPal,Shipped,4,43.28,10,173.12,17.31,155.81,91.03,64.78,5.38,5.0,1
ORD004053,2025-04-28,CUST01237,49,PROD00135,Sports,South,Marketplace,Cash on Delivery,Delivered,4,15.25,5,61.0,3.05,57.95,41.77,16.18,13.58,4.1,4
ORD000897,2025-04-28,CUST01090,40,PROD00710,Home & Kitchen,South,Mobile App,Cash on Delivery,Delivered,1,15.14,0,15.14,0.0,15.14,11.14,4.0,12.46,4.8,2
ORD003873,2025-04-28,CUST01244,50,PROD00170,Grocery,West,Website,Bank Transfer,Delivered,5,10.82,15,54.1,8.12,45.98,20.76,25.22,9.94,4.6,7
ORD003807,2025-04-28,CUST00638,25,PROD00652,Electronics,South,Website,Bank Transfer,Delivered,1,16.32,15,16.32,2.45,13.87,9.53,4.34,11.98,3.8,1
ORD001299,2025-04-28,CUST00893,57,PROD00721,Home & Kitchen,East,Mobile App,PayPal,Cancelled,2,24.83,10,49.66,4.97,44.69,27.68,17.01,9.66,4.0,4
ORD000386,2025-04-28,CUST01383,42,PROD00070,Home & Kitchen,South,Mobile App,Cash on Delivery,Delivered,5,71.59,5,357.95,17.9,340.05,239.38,100.67,3.28,4.8,6
ORD004152,2025-04-28,CUST00077,57,PROD00365,Beauty,Central,Mobile App,Debit Card,Delivered,4,64.73,0,258.92,0.0,258.92,116.91,142.01,11.98,4.3,7
ORD002495,2025-04-29,CUST00774,53,PROD00639,Beauty,Central,Website,PayPal,Delivered,3,50.41,15,151.23,22.68,128.55,70.25,58.3,3.49,3.5,1
ORD004675,2025-04-29,CUST00265,21,PROD00596,Grocery,West,Website,PayPal,Shipped,4,39.46,15,157.84,23.68,134.16,85.55,48.61,12.89,3.3,5
ORD001175,2025-04-29,CUST00251,67,PROD00548,Grocery,North,Mobile App,Credit Card,Delivered,1,41.91,15,41.91,6.29,35.62,27.69,7.93,11.75,2.0,8
ORD002752,2025-04-29,CUST00631,44,PROD00770,Electronics,North,Website,Debit Card,Delivered,2,31.12,15,62.24,9.34,52.9,39.94,12.96,6.84,4.1,10
ORD004673,2025-04-29,CUST00005,38,PROD00286,Beauty,North,Mobile App,Cash on Delivery,Delivered,2,76.59,15,153.18,22.98,130.2,97.95,32.25,9.29,4.6,6
ORD003130,2025-04-30,CUST00604,56,PROD00053,Grocery,East,Mobile App,Cash on Delivery,Delivered,2,40.96,15,81.92,12.29,69.63,49.46,20.17,2.0,4.4,1
ORD000774,2025-04-30,CUST01036,47,PROD00034,Sports,East,Website,PayPal,Delivered,3,22.27,20,66.81,13.36,53.45,38.82,14.63,2.28,4.2,10
ORD001563,2025-04-30,CUST01490,31,PROD00734,Sports,West,Mobile App,Debit Card,Delivered,1,15.6,10,15.6,1.56,14.04,8.22,5.82,8.18,4.6,2
ORD000428,2025-04-30,CUST00861,20,PROD00252,Fashion,West,Website,Debit Card,Delivered,4,35.87,5,143.48,7.17,136.31,79.56,56.75,16.0,4.6,6
ORD004845,2025-05-01,CUST01065,58,PROD00622,Grocery,South,Mobile App,Bank Transfer,Returned,4,13.92,25,55.68,13.92,41.76,22.63,19.13,8.08,4.8,3
ORD004434,2025-05-01,CUST00422,60,PROD00031,Electronics,Central,Website,Debit Card,Delivered,3,75.93,0,227.79,0.0,227.79,122.42,105.37,9.94,3.9,5
ORD003979,2025-05-01,CUST01124,64,PROD00150,Home & Kitchen,North,Mobile App,Cash on Delivery,Delivered,1,33.08,20,33.08,6.62,26.46,12.8,13.66,12.78,3.2,2
ORD000373,2025-05-01,CUST00245,26,PROD00035,Grocery,Central,Mobile App,Bank Transfer,Delivered,1,50.35,10,50.35,5.04,45.31,32.66,12.65,11.93,4.3,9
ORD003970,2025-05-01,CUST01083,66,PROD00150,Grocery,East,Website,PayPal,Delivered,5,83.29,0,416.45,0.0,416.45,317.98,98.47,16.18,4.3,5
ORD000539,2025-05-02,CUST00945,60,PROD00765,Sports,West,Mobile App,Credit Card,Delivered,4,62.25,10,249.0,24.9,224.1,156.42,67.68,12.57,3.1,6
ORD000585,2025-05-02,CUST00155,68,PROD00422,Fashion,East,Mobile App,Debit Card,Delivered,2,67.27,20,134.54,26.91,107.63,74.85,32.78,15.68,2.5,9
ORD003315,2025-05-02,CUST00919,21,PROD00320,Electronics,Central,Website,Bank Transfer,Delivered,1,19.17,20,19.17,3.83,15.34,9.28,6.06,14.8,2.8,8
ORD002191,2025-05-02,CUST00734,19,PROD00024,Electronics,East,Mobile App,Credit Card,Returned,4,17.3,25,69.2,17.3,51.9,38.89,13.01,2.2,4.2,9
ORD002166,2025-05-02,CUST01097,38,PROD00295,Fashion,South,Mobile App,Credit Card,Returned,2,72.97,10,145.94,14.59,131.35,99.83,31.52,4.89,4.4,1
ORD000266,2025-05-03,CUST00576,41,PROD00267,Fashion,North,Marketplace,Credit Card,Shipped,5,21.08,10,105.4,10.54,94.86,47.55,47.31,14.81,4.6,5
ORD002437,2025-05-03,CUST00027,35,PROD00433,Electronics,South,Website,Cash on Delivery,Delivered,1,7.61,20,7.61,1.52,6.09,3.25,2.84,16.85,2.0,6
ORD000977,2025-05-03,CUST00827,60,PROD00306,Electronics,East,Mobile App,Credit Card,Returned,2,16.5,5,33.0,1.65,31.35,17.63,13.72,18.0,3.5,2
ORD000291,2025-05-03,CUST00155,48,PROD00330,Grocery,North,Mobile App,PayPal,Shipped,4,77.39,25,309.56,77.39,232.17,115.44,116.73,10.64,4.7,5
ORD002333,2025-05-04,CUST01033,28,PROD00561,Home & Kitchen,East,Mobile App,Credit Card,Delivered,2,26.68,25,53.36,13.34,40.02,20.84,19.18,14.06,4.7,1
ORD003644,2025-05-04,CUST01266,46,PROD00379,Sports,Central,Mobile App,Credit Card,Delivered,4,13.57,10,54.28,5.43,48.85,34.92,13.93,14.91,4.6,7
ORD004403,2025-05-04,CUST00018,54,PROD00389,Sports,East,Website,Bank Transfer,Delivered,2,64.82,25,129.64,32.41,97.23,71.08,26.15,6.24,4.0,8
ORD000149,2025-05-04,CUST00230,19,PROD00437,Fashion,Central,Website,Cash on Delivery,Shipped,4,25.5,20,102.0,20.4,81.6,46.69,34.91,12.54,4.6,2
ORD002472,2025-05-05,CUST01305,41,PROD00378,Grocery,South,Mobile App,Cash on Delivery,Delivered,1,24.62,0,24.62,0.0,24.62,11.75,12.87,6.2,3.5,1
ORD003916,2025-05-05,CUST01426,52,PROD00743,Sports,North,Website,Debit Card,Cancelled,1,76.25,20,76.25,15.25,61.0,35.81,25.19,3.66,3.7,4
ORD001907,2025-05-05,CUST00536,66,PROD00209,Electronics,South,Mobile App,PayPal,Delivered,2,14.31,10,28.62,2.86,25.76,18.27,7.49,2.22,3.9,8
ORD003444,2025-05-05,CUST00068,59,PROD00767,Beauty,South,Mobile App,Debit Card,Delivered,3,22.64,10,67.92,6.79,61.13,40.95,20.18,6.63,3.4,10
ORD002361,2025-05-05,CUST00168,61,PROD00460,Electronics,Central,Mobile App,Bank Transfer,Delivered,5,29.36,10,146.8,14.68,132.12,90.65,41.47,10.17,4.3,4
ORD001245,2025-05-05,CUST00027,50,PROD00746,Beauty,Central,Website,Credit Card,Returned,5,8.1,0,40.5,0.0,40.5,21.84,18.66,3.37,4.0,8
ORD001658,2025-05-06,CUST00305,32,PROD00254,Beauty,East,Website,Credit Card,Shipped,5,70.51,15,352.55,52.88,299.67,163.1,136.57,2.57,4.4,9
ORD003662,2025-05-06,CUST00523,25,PROD00760,Electronics,North,Website,Credit Card,Shipped,5,77.62,15,388.1,58.22,329.88,178.34,151.54,10.47,4.0,7
ORD004035,2025-05-06,CUST00839,50,PROD00466,Home & Kitchen,West,Mobile App,PayPal,Delivered,4,48.59,5,194.36,9.72,184.64,100.03,84.61,7.22,3.1,8
ORD000020,2025-05-06,CUST01352,44,PROD00111,Electronics,Central,Website,Bank Transfer,Delivered,2,26.12,0,52.24,0.0,52.24,40.69,11.55,12.29,3.8,9
ORD003557,2025-05-07,CUST00446,34,PROD00321,Sports,East,Mobile App,Bank Transfer,Shipped,1,27.08,0,27.08,0.0,27.08,16.81,10.27,5.55,3.9,10
ORD002845,2025-05-07,CUST00377,30,PROD00084,Home & Kitchen,North,Mobile App,Debit Card,Delivered,4,23.69,0,94.76,0.0,94.76,62.36,32.4,2.65,4.6,3
ORD004454,2025-05-07,CUST00018,61,PROD00032,Grocery,South,Marketplace,Debit Card,Shipped,1,39.57,30,39.57,11.87,27.7,13.5,14.2,3.48,3.3,2
ORD003535,2025-05-07,CUST01018,30,PROD00365,Fashion,North,Mobile App,Cash on Delivery,Cancelled,2,47.42,0,94.84,0.0,94.84,67.11,27.73,9.97,4.4,5
ORD004110,2025-05-07,CUST00148,42,PROD00476,Electronics,Central,Website,Cash on Delivery,Delivered,1,5.6,15,5.6,0.84,4.76,2.6,2.16,12.71,4.0,8
ORD003610,2025-05-08,CUST00896,55,PROD00060,Sports,Central,Website,Debit Card,Cancelled,4,137.03,20,548.12,109.62,438.5,299.05,139.45,7.98,4.7,8
ORD001779,2025-05-08,CUST00115,20,PROD00184,Beauty,Central,Mobile App,Credit Card,Cancelled,5,59.41,10,297.05,29.7,267.35,163.75,103.6,13.97,4.4,5
ORD000595,2025-05-08,CUST00798,46,PROD00530,Grocery,East,Mobile App,PayPal,Delivered,5,35.44,5,177.2,8.86,168.34,94.26,74.08,16.18,4.0,10
ORD001653,2025-05-08,CUST00702,32,PROD00094,Fashion,Central,Website,PayPal,Delivered,2,20.68,25,41.36,10.34,31.02,24.18,6.84,14.7,4.7,6
ORD002490,2025-05-08,CUST00310,35,PROD00501,Grocery,West,Mobile App,Cash on Delivery,Returned,2,89.62,0,179.24,0.0,179.24,97.89,81.35,2.58,4.1,7
ORD003269,2025-05-09,CUST00973,39,PROD00504,Beauty,North,Website,Cash on Delivery,Delivered,2,17.83,5,35.66,1.78,33.88,15.86,18.02,10.7,4.5,1
ORD003343,2025-05-09,CUST01424,53,PROD00229,Beauty,West,Mobile App,Cash on Delivery,Shipped,4,75.33,5,301.32,15.07,286.25,189.31,96.94,9.4,3.6,9
ORD001994,2025-05-09,CUST00309,67,PROD00080,Sports,Central,Mobile App,Bank Transfer,Cancelled,4,17.89,15,71.56,10.73,60.83,34.61,26.22,5.28,3.7,5
ORD000339,2025-05-10,CUST00054,31,PROD00423,Fashion,South,Website,Debit Card,Cancelled,2,12.18,0,24.36,0.0,24.36,16.55,7.81,13.89,3.7,8
ORD000001,2025-05-10,CUST00625,28,PROD00564,Sports,South,Mobile App,Bank Transfer,Delivered,5,51.78,20,258.9,51.78,207.12,97.81,109.31,15.86,3.4,1
ORD003000,2025-05-10,CUST00011,26,PROD00418,Beauty,East,Marketplace,Bank Transfer,Delivered,5,15.78,15,78.9,11.83,67.07,42.76,24.31,7.77,1.7,8
ORD004577,2025-05-11,CUST00789,55,PROD00704,Sports,West,Mobile App,PayPal,Shipped,1,86.99,0,86.99,0.0,86.99,45.6,41.39,5.0,4.4,7
ORD004962,2025-05-11,CUST01291,50,PROD00026,Electronics,Central,Website,Credit Card,Delivered,4,156.68,10,626.72,62.67,564.05,429.13,134.92,3.22,4.0,1
ORD001426,2025-05-11,CUST01160,24,PROD00428,Sports,North,Website,Cash on Delivery,Delivered,3,43.37,10,130.11,13.01,117.1,63.01,54.09,3.44,3.3,3
ORD001485,2025-05-11,CUST00279,18,PROD00317,Beauty,West,Website,Credit Card,Returned,3,63.53,0,190.59,0.0,190.59,112.16,78.43,9.36,3.0,5
ORD003748,2025-05-11,CUST01093,41,PROD00105,Grocery,South,Mobile App,PayPal,Delivered,5,34.87,30,174.35,52.3,122.05,59.75,62.3,8.98,4.1,5
ORD002316,2025-05-11,CUST00299,32,PROD00066,Beauty,North,Website,Bank Transfer,Delivered,4,16.93,15,67.72,10.16,57.56,29.35,28.21,13.97,4.3,6
ORD003057,2025-05-12,CUST00396,69,PROD00643,Fashion,North,Mobile App,Bank Transfer,Shipped,3,30.92,20,92.76,18.55,74.21,40.51,33.7,15.97,3.9,8
ORD003900,2025-05-12,CUST01186,64,PROD00610,Home & Kitchen,West,Mobile App,Bank Transfer,Delivered,5,41.97,5,209.85,10.49,199.36,107.82,91.54,11.79,4.2,10
ORD002902,2025-05-12,CUST00264,61,PROD00286,Electronics,South,Mobile App,Bank Transfer,Delivered,1,60.12,20,60.12,12.02,48.1,27.11,20.99,5.05,3.5,1
ORD002935,2025-05-12,CUST00525,63,PROD00070,Grocery,South,Mobile App,Debit Card,Cancelled,2,50.23,0,100.46,0.0,100.46,65.65,34.81,12.52,4.7,6
ORD000114,2025-05-13,CUST01324,60,PROD00293,Home & Kitchen,South,Website,Credit Card,Delivered,2,24.08,15,48.16,7.22,40.94,27.27,13.67,16.48,4.6,7
ORD003128,2025-05-13,CUST00344,49,PROD00703,Fashion,West,Marketplace,Bank Transfer,Delivered,5,70.36,15,351.8,52.77,299.03,212.04,86.99,1.82,4.6,1
ORD002640,2025-05-13,CUST00928,51,PROD00691,Fashion,South,Mobile App,Credit Card,Delivered,5,119.86,0,599.3,0.0,599.3,303.91,295.39,7.87,4.1,3
ORD000174,2025-05-13,CUST00956,67,PROD00583,Fashion,West,Mobile App,Credit Card,Delivered,5,31.26,5,156.3,7.82,148.48,94.65,53.83,11.87,3.9,5
ORD003311,2025-05-14,CUST00424,27,PROD00505,Grocery,Central,Marketplace,Cash on Delivery,Returned,2,57.83,15,115.66,17.35,98.31,57.17,41.14,12.77,3.8,9
ORD004503,2025-05-14,CUST01048,69,PROD00510,Home & Kitchen,Central,Mobile App,Bank Transfer,Delivered,5,14.63,10,73.15,7.32,65.83,38.3,27.53,11.03,4.2,3
ORD000814,2025-05-14,CUST01033,25,PROD00032,Electronics,West,Website,Credit Card,Cancelled,4,328.93,10,1315.72,131.57,1184.15,751.39,432.76,14.55,4.8,9
ORD004409,2025-05-14,CUST00163,64,PROD00351,Beauty,West,Website,Credit Card,Cancelled,1,183.99,0,183.99,0.0,183.99,92.33,91.66,8.4,4.6,6
ORD002462,2025-05-14,CUST01428,24,PROD00428,Grocery,East,Marketplace,PayPal,Delivered,3,89.91,0,269.73,0.0,269.73,193.15,76.58,6.65,3.1,10
ORD002610,2025-05-15,CUST00772,61,PROD00297,Home & Kitchen,South,Website,Bank Transfer,Delivered,1,10.72,0,10.72,0.0,10.72,7.24,3.48,17.76,4.7,8
ORD001440,2025-05-15,CUST00196,49,PROD00047,Fashion,East,Mobile App,Bank Transfer,Delivered,3,52.02,0,156.06,0.0,156.06,112.86,43.2,14.25,3.0,9
ORD001242,2025-05-15,CUST01168,47,PROD00004,Electronics,Central,Marketplace,Credit Card,Cancelled,1,71.04,15,71.04,10.66,60.38,44.8,15.58,16.33,3.5,7
ORD001058,2025-05-15,CUST01189,56,PROD00531,Grocery,North,Website,Debit Card,Shipped,4,9.77,15,39.08,5.86,33.22,21.16,12.06,9.96,3.9,9
ORD002451,2025-05-16,CUST00679,50,PROD00533,Home & Kitchen,Central,Marketplace,PayPal,Cancelled,2,21.65,15,43.3,6.5,36.8,17.37,19.43,2.84,5.0,3
ORD000412,2025-05-16,CUST00861,30,PROD00334,Grocery,South,Mobile App,Bank Transfer,Delivered,3,14.54,0,43.62,0.0,43.62,30.66,12.96,6.12,4.4,8
ORD001451,2025-05-16,CUST00676,40,PROD00334,Sports,Central,Marketplace,Debit Card,Returned,4,44.16,25,176.64,44.16,132.48,65.53,66.95,1.79,3.9,3
ORD000314,2025-05-16,CUST00901,51,PROD00030,Electronics,South,Marketplace,Bank Transfer,Cancelled,5,13.98,5,69.9,3.5,66.4,32.43,33.97,5.9,3.6,9
ORD001577,2025-05-16,CUST01148,48,PROD00694,Beauty,East,Website,Cash on Delivery,Delivered,3,75.66,10,226.98,22.7,204.28,115.24,89.04,11.64,4.5,6
ORD003572,2025-05-17,CUST00307,37,PROD00144,Beauty,North,Mobile App,Bank Transfer,Shipped,1,21.02,5,21.02,1.05,19.97,15.38,4.59,7.32,4.6,1
ORD002081,2025-05-17,CUST00854,38,PROD00708,Beauty,East,Marketplace,Debit Card,Delivered,2,49.14,0,98.28,0.0,98.28,55.07,43.21,17.04,4.7,5
ORD003243,2025-05-17,CUST01274,43,PROD00781,Electronics,Central,Marketplace,Cash on Delivery,Cancelled,1,44.64,25,44.64,11.16,33.48,24.79,8.69,3.94,5.0,10
ORD002833,2025-05-17,CUST00101,67,PROD00710,Electronics,Central,Mobile App,Bank Transfer,Cancelled,1,66.76,25,66.76,16.69,50.07,37.89,12.18,5.31,3.0,7
ORD000512,2025-05-18,CUST00969,34,PROD00696,Fashion,North,Mobile App,Bank Transfer,Cancelled,4,92.04,15,368.16,55.22,312.94,188.59,124.35,10.28,3.4,5
ORD001304,2025-05-18,CUST00152,19,PROD00235,Home & Kitchen,Central,Website,Debit Card,Shipped,5,75.52,10,377.6,37.76,339.84,247.17,92.67,12.38,3.9,2
ORD003075,2025-05-18,CUST00164,19,PROD00634,Beauty,East,Marketplace,Debit Card,Cancelled,3,40.66,5,121.98,6.1,115.88,58.36,57.52,6.98,3.5,7
ORD003102,2025-05-18,CUST01149,29,PROD00192,Sports,East,Mobile App,Credit Card,Cancelled,2,17.83,0,35.66,0.0,35.66,25.92,9.74,6.67,4.8,6
ORD003299,2025-05-19,CUST01272,50,PROD00400,Sports,South,Marketplace,Debit Card,Delivered,4,61.91,10,247.64,24.76,222.88,162.88,60.0,14.67,3.9,8
ORD004016,2025-05-19,CUST01102,29,PROD00584,Electronics,East,Website,Cash on Delivery,Delivered,1,18.7,25,18.7,4.68,14.02,10.2,3.82,6.24,4.7,3
ORD004860,2025-05-19,CUST00744,31,PROD00652,Sports,South,Website,Bank Transfer,Returned,3,15.09,25,45.27,11.32,33.95,24.4,9.55,13.34,3.3,8
ORD002946,2025-05-19,CUST00460,64,PROD00331,Sports,South,Mobile App,Cash on Delivery,Returned,1,28.13,5,28.13,1.41,26.72,16.9,9.82,2.93,4.4,6
ORD001371,2025-05-20,CUST00878,48,PROD00036,Beauty,East,Mobile App,Credit Card,Returned,5,120.7,5,603.5,30.18,573.32,379.5,193.82,9.7,4.7,9
ORD004366,2025-05-20,CUST01440,48,PROD00184,Grocery,North,Website,PayPal,Delivered,1,46.64,25,46.64,11.66,34.98,25.66,9.32,5.48,3.5,2
ORD003920,2025-05-20,CUST00695,63,PROD00590,Sports,East,Mobile App,Credit Card,Shipped,3,68.44,10,205.32,20.53,184.79,119.57,65.22,2.19,2.9,4
ORD002050,2025-05-20,CUST00659,28,PROD00376,Fashion,North,Marketplace,Debit Card,Returned,1,51.62,10,51.62,5.16,46.46,28.45,18.01,7.6,3.5,6
ORD000108,2025-05-20,CUST00369,53,PROD00278,Fashion,Central,Mobile App,PayPal,Delivered,4,80.46,20,321.84,64.37,257.47,148.05,109.42,2.16,4.5,2
ORD004840,2025-05-20,CUST01092,44,PROD00186,Sports,East,Website,Credit Card,Delivered,5,15.77,5,78.85,3.94,74.91,44.01,30.9,7.04,4.9,10
ORD003865,2025-05-20,CUST01335,42,PROD00343,Beauty,Central,Mobile App,PayPal,Shipped,2,55.9,5,111.8,5.59,106.21,70.86,35.35,7.25,4.1,8
ORD002796,2025-05-20,CUST00837,24,PROD00677,Beauty,North,Marketplace,Bank Transfer,Shipped,5,28.38,20,141.9,28.38,113.52,53.96,59.56,8.91,3.6,3
ORD004779,2025-05-21,CUST00569,37,PROD00265,Home & Kitchen,Central,Website,Debit Card,Delivered,2,68.15,0,136.3,0.0,136.3,76.47,59.83,13.46,3.5,7
ORD000008,2025-05-21,CUST00410,28,PROD00613,Home & Kitchen,South,Website,PayPal,Delivered,5,21.92,20,109.6,21.92,87.68,53.05,34.63,16.04,2.4,7
ORD004002,2025-05-21,CUST01446,50,PROD00612,Grocery,East,Website,Cash on Delivery,Delivered,3,13.25,15,39.75,5.96,33.79,22.78,11.01,17.5,4.6,7
ORD000831,2025-05-21,CUST00290,24,PROD00201,Grocery,North,Website,Credit Card,Delivered,5,38.88,0,194.4,0.0,194.4,104.25,90.15,15.1,5.0,7
ORD000179,2025-05-21,CUST00840,34,PROD00211,Beauty,South,Marketplace,Debit Card,Shipped,2,10.19,30,20.38,6.11,14.27,8.37,5.9,10.12,3.8,7
ORD002976,2025-05-21,CUST00506,36,PROD00476,Sports,South,Marketplace,Credit Card,Shipped,3,28.83,0,86.49,0.0,86.49,44.47,42.02,15.25,4.2,1
ORD000413,2025-05-22,CUST00184,63,PROD00328,Fashion,North,Website,PayPal,Delivered,3,29.15,15,87.45,13.12,74.33,48.14,26.19,12.67,4.7,6
ORD000769,2025-05-22,CUST00445,53,PROD00376,Fashion,West,Mobile App,Cash on Delivery,Cancelled,2,10.34,25,20.68,5.17,15.51,11.23,4.28,14.85,4.8,5
ORD004784,2025-05-22,CUST00942,18,PROD00684,Electronics,East,Website,Bank Transfer,Delivered,3,4.95,5,14.85,0.74,14.11,7.21,6.9,6.64,5.0,1
ORD001417,2025-05-22,CUST00686,19,PROD00336,Grocery,East,Mobile App,Bank Transfer,Delivered,3,68.5,10,205.5,20.55,184.95,125.72,59.23,8.45,4.1,2
ORD002754,2025-05-22,CUST00831,44,PROD00010,Grocery,West,Mobile App,Cash on Delivery,Returned,1,31.3,0,31.3,0.0,31.3,15.65,15.65,1.72,3.9,9
ORD002800,2025-05-22,CUST00929,18,PROD00495,Electronics,East,Website,Debit Card,Cancelled,4,12.1,5,48.4,2.42,45.98,24.87,21.11,12.67,5.0,7
ORD003031,2025-05-23,CUST00877,48,PROD00704,Sports,Central,Mobile App,Cash on Delivery,Cancelled,3,75.45,25,226.35,56.59,169.76,111.5,58.26,4.72,4.7,8
ORD001398,2025-05-23,CUST00216,28,PROD00765,Sports,North,Mobile App,Debit Card,Delivered,1,14.05,30,14.05,4.22,9.83,6.32,3.51,6.7,3.8,4
ORD002019,2025-05-23,CUST01160,61,PROD00768,Electronics,Central,Mobile App,Cash on Delivery,Delivered,5,99.82,0,499.1,0.0,499.1,347.42,151.68,9.62,5.0,8
ORD004992,2025-05-23,CUST01282,70,PROD00645,Electronics,South,Mobile App,Bank Transfer,Delivered,4,74.41,25,297.64,74.41,223.23,168.74,54.49,10.78,4.3,7
ORD003995,2025-05-24,CUST00544,66,PROD00216,Electronics,East,Website,Cash on Delivery,Cancelled,3,22.95,20,68.85,13.77,55.08,31.66,23.42,14.18,3.8,7
ORD002149,2025-05-24,CUST01494,47,PROD00788,Fashion,South,Marketplace,Cash on Delivery,Delivered,5,36.04,10,180.2,18.02,162.18,116.48,45.7,2.94,4.6,8
ORD003329,2025-05-24,CUST00017,53,PROD00418,Grocery,North,Website,Debit Card,Delivered,4,42.62,0,170.48,0.0,170.48,131.32,39.16,4.93,4.7,7
ORD003692,2025-05-25,CUST00035,48,PROD00260,Fashion,South,Mobile App,Bank Transfer,Cancelled,1,40.36,0,40.36,0.0,40.36,25.72,14.64,11.27,4.0,10
ORD004121,2025-05-25,CUST01046,41,PROD00270,Electronics,East,Website,Cash on Delivery,Delivered,2,8.62,10,17.24,1.72,15.52,10.55,4.97,2.52,3.0,6
ORD000883,2025-05-25,CUST00106,54,PROD00564,Electronics,South,Mobile App,Debit Card,Cancelled,3,62.28,20,186.84,37.37,149.47,70.21,79.26,4.95,4.4,4
ORD002136,2025-05-25,CUST01354,69,PROD00604,Beauty,East,Website,Debit Card,Delivered,2,46.37,0,92.74,0.0,92.74,46.11,46.63,7.14,4.9,7
ORD000463,2025-05-25,CUST00552,58,PROD00025,Grocery,East,Website,Debit Card,Delivered,4,11.22,5,44.88,2.24,42.64,19.43,23.21,16.27,3.7,1
ORD000704,2025-05-26,CUST00205,51,PROD00081,Fashion,South,Website,PayPal,Shipped,4,31.01,20,124.04,24.81,99.23,56.14,43.09,9.91,3.2,10
ORD003055,2025-05-26,CUST01204,58,PROD00115,Fashion,West,Website,Bank Transfer,Cancelled,4,8.56,20,34.24,6.85,27.39,19.15,8.24,8.47,3.9,9
ORD000310,2025-05-26,CUST01390,19,PROD00207,Home & Kitchen,East,Mobile App,Cash on Delivery,Delivered,2,7.01,20,14.02,2.8,11.22,6.17,5.05,2.82,5.0,7
ORD004451,2025-05-26,CUST00275,35,PROD00725,Sports,North,Website,Bank Transfer,Shipped,1,28.78,5,28.78,1.44,27.34,20.87,6.47,3.55,3.4,3
ORD002257,2025-05-26,CUST00870,20,PROD00473,Home & Kitchen,South,Mobile App,Debit Card,Returned,1,5.71,15,5.71,0.86,4.85,2.93,1.92,1.75,3.4,9
ORD000531,2025-05-26,CUST00606,52,PROD00514,Sports,North,Marketplace,Credit Card,Cancelled,4,52.55,0,210.2,0.0,210.2,144.97,65.23,4.56,3.4,3
ORD003806,2025-05-26,CUST00537,59,PROD00195,Sports,North,Mobile App,Credit Card,Delivered,4,45.98,5,183.92,9.2,174.72,135.66,39.06,17.97,4.9,4
ORD003985,2025-05-27,CUST01143,70,PROD00506,Grocery,West,Website,Bank Transfer,Cancelled,2,17.55,0,35.1,0.0,35.1,23.49,11.61,15.04,3.3,2
ORD004976,2025-05-27,CUST00555,20,PROD00727,Beauty,South,Marketplace,PayPal,Delivered,5,33.39,15,166.95,25.04,141.91,68.49,73.42,8.63,2.7,1
ORD000209,2025-05-27,CUST00756,46,PROD00227,Home & Kitchen,South,Mobile App,Bank Transfer,Delivered,5,44.27,15,221.35,33.2,188.15,139.26,48.89,9.49,4.1,1
ORD000066,2025-05-28,CUST00949,63,PROD00478,Electronics,East,Mobile App,Debit Card,Shipped,3,18.66,15,55.98,8.4,47.58,29.48,18.1,11.14,3.9,2
ORD001284,2025-05-28,CUST00035,48,PROD00468,Grocery,East,Mobile App,Bank Transfer,Delivered,1,20.18,30,20.18,6.05,14.13,8.37,5.76,9.76,4.7,3
ORD000234,2025-05-28,CUST00233,59,PROD00358,Fashion,West,Website,Bank Transfer,Delivered,4,32.06,0,128.24,0.0,128.24,84.76,43.48,6.19,3.5,7
ORD004104,2025-05-29,CUST00991,42,PROD00117,Grocery,South,Marketplace,Cash on Delivery,Shipped,4,6.83,5,27.32,1.37,25.95,16.52,9.43,1.58,5.0,4
ORD000564,2025-05-30,CUST00883,47,PROD00621,Sports,North,Website,PayPal,Returned,5,40.97,5,204.85,10.24,194.61,91.77,102.84,2.65,4.5,10
ORD003369,2025-05-30,CUST00601,44,PROD00627,Electronics,North,Mobile App,Cash on Delivery,Delivered,1,35.07,10,35.07,3.51,31.56,17.06,14.5,16.19,4.4,10
ORD000188,2025-05-30,CUST01488,68,PROD00424,Grocery,Central,Mobile App,Debit Card,Cancelled,2,39.82,0,79.64,0.0,79.64,40.7,38.94,4.82,3.8,3
ORD002458,2025-05-30,CUST00396,60,PROD00135,Home & Kitchen,West,Website,Debit Card,Delivered,4,121.22,15,484.88,72.73,412.15,259.79,152.36,4.7,4.9,8
ORD002555,2025-05-30,CUST01183,35,PROD00154,Fashion,South,Website,Cash on Delivery,Delivered,4,31.78,10,127.12,12.71,114.41,86.13,28.28,2.65,4.1,10
ORD002401,2025-05-30,CUST00476,49,PROD00680,Beauty,South,Website,Bank Transfer,Delivered,2,92.96,10,185.92,18.59,167.33,76.05,91.28,17.3,3.9,9
ORD000726,2025-05-30,CUST00565,61,PROD00628,Beauty,North,Mobile App,PayPal,Returned,5,17.94,5,89.7,4.49,85.21,58.87,26.34,14.51,3.7,1
ORD003248,2025-05-30,CUST00251,47,PROD00688,Home & Kitchen,Central,Website,Bank Transfer,Returned,3,9.47,0,28.41,0.0,28.41,17.92,10.49,4.34,4.1,9
ORD004329,2025-05-30,CUST01428,20,PROD00118,Beauty,South,Website,Cash on Delivery,Delivered,3,15.99,30,47.97,14.39,33.58,23.51,10.07,4.98,4.6,6
ORD004594,2025-05-30,CUST00616,41,PROD00792,Grocery,East,Website,Credit Card,Shipped,5,71.29,25,356.45,89.11,267.34,159.79,107.55,11.35,3.6,7
ORD002225,2025-05-30,CUST00015,55,PROD00716,Fashion,North,Mobile App,PayPal,Cancelled,5,107.43,5,537.15,26.86,510.29,281.7,228.59,14.66,2.4,7
ORD002662,2025-05-30,CUST00601,65,PROD00617,Beauty,North,Mobile App,PayPal,Delivered,5,163.9,15,819.5,122.92,696.58,526.32,170.26,13.46,5.0,3
ORD004128,2025-05-31,CUST00477,31,PROD00064,Electronics,South,Mobile App,Debit Card,Delivered,3,29.43,15,88.29,13.24,75.05,37.77,37.28,13.77,3.4,6
ORD002950,2025-06-01,CUST00636,30,PROD00447,Sports,West,Mobile App,Cash on Delivery,Delivered,5,12.72,15,63.6,9.54,54.06,39.04,15.02,3.43,4.1,10
ORD001829,2025-06-01,CUST01482,27,PROD00276,Fashion,West,Website,Cash on Delivery,Shipped,4,32.29,0,129.16,0.0,129.16,91.38,37.78,9.46,4.1,8
ORD001086,2025-06-01,CUST00375,43,PROD00019,Electronics,North,Marketplace,Cash on Delivery,Returned,1,31.25,0,31.25,0.0,31.25,17.71,13.54,15.53,3.7,9
ORD003155,2025-06-01,CUST01007,21,PROD00122,Fashion,South,Mobile App,Cash on Delivery,Delivered,2,13.26,5,26.52,1.33,25.19,14.35,10.84,11.14,3.0,2
ORD003897,2025-06-01,CUST00741,70,PROD00054,Sports,Central,Mobile App,Debit Card,Delivered,2,45.56,10,91.12,9.11,82.01,49.36,32.65,8.64,4.5,5
ORD000671,2025-06-01,CUST01173,48,PROD00428,Grocery,North,Mobile App,Bank Transfer,Shipped,3,40.15,10,120.45,12.04,108.41,80.22,28.19,3.28,3.5,7
ORD000524,2025-06-01,CUST00492,40,PROD00246,Electronics,East,Mobile App,PayPal,Cancelled,4,16.82,25,67.28,16.82,50.46,34.38,16.08,3.92,4.8,6
ORD002635,2025-06-01,CUST01084,30,PROD00758,Beauty,Central,Website,Debit Card,Returned,3,51.23,25,153.69,38.42,115.27,84.53,30.74,5.69,3.0,10
ORD000161,2025-06-02,CUST00325,33,PROD00532,Electronics,West,Website,Cash on Delivery,Delivered,2,65.38,15,130.76,19.61,111.15,66.85,44.3,6.65,3.3,9
ORD004174,2025-06-02,CUST00316,58,PROD00248,Grocery,East,Website,Credit Card,Delivered,5,17.6,10,88.0,8.8,79.2,61.23,17.97,10.18,3.4,5
ORD003982,2025-06-02,CUST00884,69,PROD00612,Sports,South,Website,Debit Card,Delivered,4,43.01,25,172.04,43.01,129.03,81.64,47.39,15.85,4.8,2
ORD002840,2025-06-02,CUST01106,61,PROD00520,Electronics,North,Mobile App,Cash on Delivery,Delivered,1,98.42,15,98.42,14.76,83.66,41.16,42.5,12.28,4.9,2
ORD002212,2025-06-02,CUST01137,56,PROD00762,Sports,East,Website,Cash on Delivery,Delivered,5,43.16,20,215.8,43.16,172.64,124.02,48.62,10.39,4.9,8
ORD001296,2025-06-02,CUST00373,56,PROD00390,Sports,Central,Website,Bank Transfer,Returned,3,93.86,20,281.58,56.32,225.26,141.81,83.45,16.35,4.8,2
ORD000312,2025-06-02,CUST00028,42,PROD00259,Fashion,Central,Website,PayPal,Delivered,2,48.95,15,97.9,14.68,83.22,37.56,45.66,12.81,4.3,7
ORD003720,2025-06-03,CUST00357,53,PROD00369,Electronics,North,Website,Cash on Delivery,Delivered,4,14.48,25,57.92,14.48,43.44,31.39,12.05,2.13,4.3,6
ORD001160,2025-06-03,CUST00907,47,PROD00272,Beauty,North,Mobile App,Cash on Delivery,Shipped,5,17.84,15,89.2,13.38,75.82,37.53,38.29,10.1,4.3,10
ORD000430,2025-06-03,CUST01041,34,PROD00562,Grocery,Central,Website,Credit Card,Delivered,5,31.03,0,155.15,0.0,155.15,119.57,35.58,13.35,4.2,2
ORD004844,2025-06-04,CUST00817,35,PROD00222,Sports,South,Mobile App,Cash on Delivery,Shipped,5,23.06,25,115.3,28.82,86.48,64.58,21.9,10.75,5.0,8
ORD000491,2025-06-04,CUST00161,53,PROD00478,Fashion,West,Marketplace,Debit Card,Shipped,1,26.82,10,26.82,2.68,24.14,14.64,9.5,13.79,3.9,2
ORD002947,2025-06-04,CUST01218,50,PROD00280,Home & Kitchen,East,Website,Debit Card,Delivered,2,17.14,5,34.28,1.71,32.57,24.86,7.71,9.76,3.0,6
ORD001491,2025-06-04,CUST00074,22,PROD00750,Beauty,South,Website,PayPal,Delivered,5,11.28,20,56.4,11.28,45.12,27.42,17.7,8.0,3.6,1
ORD001266,2025-06-04,CUST01006,36,PROD00631,Fashion,North,Website,Credit Card,Delivered,4,32.88,5,131.52,6.58,124.94,84.23,40.71,10.51,3.5,1
ORD003577,2025-06-05,CUST00607,18,PROD00033,Grocery,South,Mobile App,PayPal,Delivered,3,19.33,15,57.99,8.7,49.29,22.42,26.87,4.41,4.0,3
ORD003860,2025-06-05,CUST00984,51,PROD00641,Sports,South,Mobile App,PayPal,Delivered,4,44.38,25,177.52,44.38,133.14,96.99,36.15,11.75,4.2,6
ORD004693,2025-06-05,CUST00813,62,PROD00549,Grocery,East,Website,Bank Transfer,Delivered,5,28.83,0,144.15,0.0,144.15,65.24,78.91,12.6,3.4,1
ORD004085,2025-06-05,CUST00414,58,PROD00779,Sports,North,Website,PayPal,Delivered,3,21.91,15,65.73,9.86,55.87,32.17,23.7,9.02,4.6,6
ORD001641,2025-06-05,CUST00937,47,PROD00277,Sports,North,Marketplace,PayPal,Cancelled,3,129.75,30,389.25,116.78,272.47,198.69,73.78,9.12,2.9,2
ORD004310,2025-06-05,CUST01181,33,PROD00214,Electronics,South,Mobile App,Debit Card,Returned,5,251.79,30,1258.95,377.68,881.27,633.37,247.9,1.95,4.0,1
ORD001377,2025-06-05,CUST00465,38,PROD00692,Sports,East,Mobile App,Cash on Delivery,Shipped,5,91.91,10,459.55,45.96,413.59,216.61,196.98,9.06,3.2,5
ORD001293,2025-06-05,CUST01047,30,PROD00279,Beauty,East,Mobile App,Bank Transfer,Delivered,1,45.66,10,45.66,4.57,41.09,24.83,16.26,17.82,5.0,1
ORD003657,2025-06-06,CUST00142,63,PROD00546,Fashion,North,Marketplace,Cash on Delivery,Delivered,4,11.51,15,46.04,6.91,39.13,27.39,11.74,15.69,2.8,2
ORD000850,2025-06-06,CUST00340,35,PROD00442,Grocery,Central,Website,Cash on Delivery,Cancelled,3,11.79,15,35.37,5.31,30.06,22.61,7.45,1.56,4.8,3
ORD001974,2025-06-06,CUST00719,30,PROD00265,Sports,West,Website,Cash on Delivery,Delivered,4,50.23,0,200.92,0.0,200.92,117.28,83.64,3.02,3.8,5
ORD003175,2025-06-06,CUST01259,39,PROD00644,Electronics,North,Website,Cash on Delivery,Delivered,1,46.81,5,46.81,2.34,44.47,29.73,14.74,5.82,5.0,9
ORD002350,2025-06-06,CUST00201,70,PROD00634,Fashion,South,Website,Debit Card,Returned,1,38.69,10,38.69,3.87,34.82,22.49,12.33,4.86,4.0,7
ORD003141,2025-06-07,CUST01093,42,PROD00344,Grocery,West,Marketplace,Credit Card,Shipped,1,49.04,20,49.04,9.81,39.23,30.39,8.84,10.43,4.3,3
ORD002763,2025-06-07,CUST00898,25,PROD00692,Electronics,North,Website,PayPal,Shipped,4,28.65,25,114.6,28.65,85.95,66.01,19.94,6.52,4.0,5
ORD002982,2025-06-07,CUST01384,66,PROD00273,Fashion,South,Mobile App,Credit Card,Delivered,3,73.49,10,220.47,22.05,198.42,124.57,73.85,1.69,4.5,8
ORD004938,2025-06-07,CUST00169,36,PROD00679,Home & Kitchen,East,Mobile App,Bank Transfer,Shipped,2,30.4,30,60.8,18.24,42.56,27.71,14.85,17.4,3.4,9
ORD001356,2025-06-07,CUST00168,42,PROD00219,Fashion,Central,Website,Bank Transfer,Delivered,5,25.63,5,128.15,6.41,121.74,64.75,56.99,9.31,4.7,7
ORD004649,2025-06-07,CUST01148,30,PROD00081,Grocery,North,Mobile App,Cash on Delivery,Delivered,5,16.52,5,82.6,4.13,78.47,41.96,36.51,9.7,3.6,4
ORD003991,2025-06-07,CUST00096,60,PROD00790,Home & Kitchen,East,Website,Cash on Delivery,Delivered,4,60.86,25,243.44,60.86,182.58,121.08,61.5,15.43,2.9,9
ORD003992,2025-06-08,CUST00246,54,PROD00451,Fashion,East,Website,Bank Transfer,Returned,5,7.17,10,35.85,3.58,32.27,15.97,16.3,7.3,4.2,8
ORD004614,2025-06-08,CUST00658,55,PROD00607,Fashion,South,Mobile App,Bank Transfer,Shipped,3,34.35,5,103.05,5.15,97.9,44.77,53.13,8.66,4.3,2
ORD000435,2025-06-09,CUST01153,32,PROD00149,Home & Kitchen,North,Website,PayPal,Delivered,4,85.3,15,341.2,51.18,290.02,149.14,140.88,11.36,3.6,3
ORD001472,2025-06-09,CUST00482,19,PROD00057,Beauty,North,Mobile App,Credit Card,Delivered,3,60.18,25,180.54,45.14,135.4,62.88,72.52,15.23,3.0,8
ORD003151,2025-06-09,CUST00087,37,PROD00732,Beauty,South,Website,Cash on Delivery,Delivered,2,207.39,5,414.78,20.74,394.04,233.31,160.73,13.54,3.9,9
ORD001599,2025-06-09,CUST00854,47,PROD00739,Grocery,South,Mobile App,PayPal,Shipped,4,8.42,15,33.68,5.05,28.63,16.14,12.49,13.3,3.4,6
ORD004025,2025-06-09,CUST00947,26,PROD00009,Sports,West,Website,Debit Card,Delivered,2,22.38,5,44.76,2.24,42.52,20.7,21.82,6.76,5.0,3
ORD001639,2025-06-09,CUST00510,25,PROD00228,Electronics,South,Website,PayPal,Cancelled,5,32.83,20,164.15,32.83,131.32,91.84,39.48,11.91,3.6,10
ORD003242,2025-06-09,CUST00842,39,PROD00617,Grocery,Central,Website,Credit Card,Cancelled,4,15.42,10,61.68,6.17,55.51,38.58,16.93,3.91,3.9,10
ORD004699,2025-06-09,CUST00855,46,PROD00071,Beauty,North,Marketplace,Credit Card,Delivered,1,16.39,10,16.39,1.64,14.75,10.13,4.62,3.4,4.5,6
ORD004592,2025-06-09,CUST01250,70,PROD00384,Home & Kitchen,East,Mobile App,PayPal,Returned,2,42.74,30,85.48,25.64,59.84,29.85,29.99,11.14,4.4,4
ORD001528,2025-06-10,CUST00460,65,PROD00399,Sports,North,Website,PayPal,Cancelled,4,26.13,15,104.52,15.68,88.84,65.22,23.62,12.49,4.5,8
ORD004916,2025-06-10,CUST00625,21,PROD00608,Fashion,Central,Website,Credit Card,Cancelled,2,17.46,25,34.92,8.73,26.19,16.88,9.31,6.71,4.0,7
ORD000113,2025-06-10,CUST00316,46,PROD00163,Grocery,South,Mobile App,Bank Transfer,Shipped,2,111.34,20,222.68,44.54,178.14,111.77,66.37,17.88,3.8,2
ORD001959,2025-06-10,CUST01057,53,PROD00452,Fashion,West,Mobile App,Bank Transfer,Cancelled,5,43.58,15,217.9,32.68,185.22,134.72,50.5,13.79,4.2,6
ORD002461,2025-06-10,CUST00492,64,PROD00030,Home & Kitchen,West,Mobile App,Cash on Delivery,Delivered,4,6.07,10,24.28,2.43,21.85,16.91,4.94,14.12,4.7,7
ORD002801,2025-06-10,CUST00790,45,PROD00724,Sports,East,Website,PayPal,Delivered,2,191.35,10,382.7,38.27,344.43,192.2,152.23,13.46,3.1,5
ORD004225,2025-06-10,CUST00478,32,PROD00372,Beauty,East,Mobile App,Debit Card,Cancelled,5,32.05,30,160.25,48.08,112.17,60.66,51.51,11.81,4.3,3
ORD003587,2025-06-11,CUST01198,53,PROD00653,Fashion,West,Mobile App,Cash on Delivery,Delivered,5,20.5,10,102.5,10.25,92.25,57.62,34.63,7.32,3.0,2
ORD001181,2025-06-11,CUST01110,24,PROD00237,Fashion,East,Website,Cash on Delivery,Delivered,3,16.07,15,48.21,7.23,40.98,24.18,16.8,4.14,3.4,5
ORD003600,2025-06-11,CUST00674,63,PROD00348,Home & Kitchen,South,Mobile App,Cash on Delivery,Returned,2,22.65,0,45.3,0.0,45.3,31.72,13.58,12.11,4.1,9
ORD004027,2025-06-11,CUST01116,19,PROD00369,Beauty,Central,Mobile App,Bank Transfer,Delivered,2,35.72,10,71.44,7.14,64.3,35.33,28.97,2.79,4.5,5
ORD004761,2025-06-11,CUST00574,53,PROD00215,Electronics,East,Website,Credit Card,Delivered,4,31.89,5,127.56,6.38,121.18,83.15,38.03,6.43,4.3,7
ORD002320,2025-06-11,CUST01065,68,PROD00434,Electronics,North,Mobile App,Bank Transfer,Cancelled,4,41.24,5,164.96,8.25,156.71,94.23,62.48,10.5,3.3,4
ORD004879,2025-06-12,CUST00228,68,PROD00625,Fashion,North,Website,Debit Card,Delivered,3,4.5,0,13.5,0.0,13.5,10.04,3.46,11.51,3.7,2
ORD004194,2025-06-12,CUST00831,49,PROD00063,Fashion,East,Mobile App,Debit Card,Returned,5,77.47,10,387.35,38.74,348.61,193.09,155.52,17.01,4.1,5
ORD004849,2025-06-12,CUST01399,47,PROD00798,Home & Kitchen,East,Website,Credit Card,Delivered,4,156.05,10,624.2,62.42,561.78,349.77,212.01,6.2,3.8,4
ORD001114,2025-06-12,CUST00309,61,PROD00769,Sports,East,Mobile App,Cash on Delivery,Returned,5,45.57,15,227.85,34.18,193.67,105.9,87.77,9.87,3.1,3
ORD003106,2025-06-13,CUST00860,42,PROD00357,Home & Kitchen,South,Mobile App,Debit Card,Delivered,5,49.45,25,247.25,61.81,185.44,92.49,92.95,2.68,4.4,6
ORD000475,2025-06-13,CUST00784,34,PROD00095,Grocery,North,Website,Credit Card,Delivered,2,26.61,5,53.22,2.66,50.56,27.88,22.68,2.64,4.9,10
ORD003528,2025-06-13,CUST00236,40,PROD00331,Beauty,Central,Marketplace,Bank Transfer,Delivered,2,7.29,10,14.58,1.46,13.12,9.17,3.95,2.21,3.6,10
ORD001395,2025-06-13,CUST01359,46,PROD00491,Electronics,West,Mobile App,PayPal,Delivered,1,20.48,20,20.48,4.1,16.38,9.27,7.11,16.01,5.0,2
ORD003387,2025-06-13,CUST00174,38,PROD00131,Grocery,North,Mobile App,Credit Card,Delivered,2,34.92,15,69.84,10.48,59.36,35.88,23.48,6.88,4.0,4
ORD002172,2025-06-13,CUST00585,22,PROD00284,Beauty,West,Website,Cash on Delivery,Cancelled,3,11.89,10,35.67,3.57,32.1,20.36,11.74,11.44,4.0,3
ORD004980,2025-06-13,CUST00646,66,PROD00711,Beauty,East,Website,Bank Transfer,Cancelled,3,138.74,25,416.22,104.06,312.16,200.26,111.9,14.87,3.3,4
ORD000371,2025-06-14,CUST01470,59,PROD00283,Beauty,West,Mobile App,PayPal,Returned,3,104.49,0,313.47,0.0,313.47,219.99,93.48,8.25,3.4,2
ORD002312,2025-06-14,CUST00510,62,PROD00656,Home & Kitchen,West,Website,PayPal,Delivered,2,12.31,0,24.62,0.0,24.62,11.46,13.16,11.0,4.1,6
ORD002158,2025-06-14,CUST00860,65,PROD00797,Grocery,Central,Website,Cash on Delivery,Returned,4,11.33,15,45.32,6.8,38.52,29.7,8.82,4.0,3.3,7
ORD000190,2025-06-15,CUST00901,70,PROD00789,Beauty,Central,Mobile App,Cash on Delivery,Delivered,2,59.22,15,118.44,17.77,100.67,76.69,23.98,14.03,4.6,10
ORD003935,2025-06-15,CUST00546,54,PROD00625,Fashion,West,Website,Bank Transfer,Shipped,3,124.8,25,374.4,93.6,280.8,213.16,67.64,6.82,3.9,3
ORD004036,2025-06-15,CUST00619,51,PROD00736,Sports,Central,Website,PayPal,Shipped,3,31.34,15,94.02,14.1,79.92,61.31,18.61,11.42,4.2,9
ORD000335,2025-06-15,CUST00380,28,PROD00670,Grocery,East,Website,Debit Card,Delivered,4,93.97,10,375.88,37.59,338.29,188.43,149.86,13.85,4.4,2
ORD000043,2025-06-16,CUST01351,59,PROD00152,Electronics,West,Marketplace,Cash on Delivery,Delivered,2,57.88,0,115.76,0.0,115.76,65.45,50.31,12.58,3.7,6
ORD000755,2025-06-16,CUST01438,60,PROD00229,Beauty,East,Mobile App,Debit Card,Shipped,3,71.47,20,214.41,42.88,171.53,82.34,89.19,14.05,3.7,9
ORD002807,2025-06-16,CUST01262,59,PROD00599,Grocery,East,Mobile App,Cash on Delivery,Shipped,2,24.09,10,48.18,4.82,43.36,31.62,11.74,12.08,5.0,4
ORD003512,2025-06-16,CUST00596,49,PROD00030,Electronics,South,Mobile App,Bank Transfer,Delivered,5,18.57,25,92.85,23.21,69.64,51.08,18.56,11.34,3.8,10
ORD002598,2025-06-17,CUST01299,63,PROD00545,Grocery,North,Website,Debit Card,Cancelled,1,14.12,25,14.12,3.53,10.59,4.88,5.71,8.05,3.8,6
ORD002368,2025-06-17,CUST01451,62,PROD00685,Fashion,South,Website,Debit Card,Shipped,3,14.72,5,44.16,2.21,41.95,24.04,17.91,6.55,4.7,10
ORD003472,2025-06-17,CUST00476,27,PROD00473,Electronics,Central,Mobile App,Bank Transfer,Delivered,5,13.52,10,67.6,6.76,60.84,45.22,15.62,2.74,4.1,3
ORD004880,2025-06-17,CUST01056,56,PROD00116,Electronics,North,Mobile App,Debit Card,Cancelled,1,18.43,20,18.43,3.69,14.74,9.2,5.54,2.07,4.7,3
ORD001325,2025-06-17,CUST00014,30,PROD00178,Fashion,Central,Mobile App,PayPal,Cancelled,4,70.29,10,281.16,28.12,253.04,158.95,94.09,10.11,3.9,5
ORD001793,2025-06-17,CUST00930,70,PROD00149,Sports,North,Website,Debit Card,Delivered,4,21.0,10,84.0,8.4,75.6,38.06,37.54,11.94,4.5,2
ORD000713,2025-06-17,CUST00715,23,PROD00305,Fashion,East,Mobile App,PayPal,Delivered,5,24.51,15,122.55,18.38,104.17,56.23,47.94,15.15,4.8,2
ORD003534,2025-06-17,CUST00494,26,PROD00359,Beauty,East,Website,Bank Transfer,Delivered,3,34.41,0,103.23,0.0,103.23,69.67,33.56,14.38,4.8,6
ORD000624,2025-06-18,CUST00645,42,PROD00033,Sports,Central,Website,Debit Card,Returned,4,92.26,0,369.04,0.0,369.04,185.86,183.18,9.18,3.7,9
ORD000607,2025-06-18,CUST00725,61,PROD00574,Grocery,East,Marketplace,PayPal,Delivered,2,37.12,5,74.24,3.71,70.53,37.06,33.47,8.54,4.2,4
ORD000622,2025-06-18,CUST00188,24,PROD00590,Sports,West,Mobile App,Cash on Delivery,Delivered,5,26.54,15,132.7,19.9,112.8,51.71,61.09,14.92,3.7,6
ORD002067,2025-06-18,CUST01439,52,PROD00463,Beauty,South,Mobile App,Cash on Delivery,Delivered,3,29.38,20,88.14,17.63,70.51,45.03,25.48,3.02,2.7,3
ORD003944,2025-06-18,CUST00173,35,PROD00511,Grocery,West,Mobile App,Credit Card,Delivered,4,50.53,0,202.12,0.0,202.12,127.75,74.37,12.45,4.3,3
ORD001392,2025-06-18,CUST01224,59,PROD00232,Electronics,Central,Marketplace,PayPal,Delivered,3,20.77,5,62.31,3.12,59.19,37.99,21.2,15.36,3.9,4
ORD003649,2025-06-19,CUST00533,61,PROD00765,Sports,West,Marketplace,Credit Card,Returned,2,30.24,10,60.48,6.05,54.43,25.76,28.67,8.45,3.9,1
ORD001857,2025-06-19,CUST00112,25,PROD00776,Sports,East,Website,Credit Card,Delivered,4,55.19,0,220.76,0.0,220.76,165.09,55.67,16.91,3.7,2
ORD003169,2025-06-20,CUST00010,33,PROD00112,Beauty,Central,Mobile App,Debit Card,Cancelled,1,31.19,0,31.19,0.0,31.19,19.08,12.11,10.7,5.0,1
ORD004757,2025-06-20,CUST01391,48,PROD00089,Home & Kitchen,Central,Marketplace,PayPal,Shipped,4,82.35,15,329.4,49.41,279.99,153.3,126.69,17.82,2.7,2
ORD001795,2025-06-20,CUST00854,49,PROD00688,Fashion,South,Website,Debit Card,Delivered,5,56.95,5,284.75,14.24,270.51,208.47,62.04,2.49,5.0,6
ORD000750,2025-06-20,CUST00119,38,PROD00109,Electronics,West,Mobile App,Credit Card,Delivered,4,19.22,15,76.88,11.53,65.35,34.56,30.79,3.9,4.8,6
ORD003140,2025-06-20,CUST01309,22,PROD00491,Fashion,North,Mobile App,Debit Card,Delivered,3,29.43,20,88.29,17.66,70.63,37.67,32.96,17.51,3.9,2
ORD004473,2025-06-20,CUST01469,32,PROD00635,Fashion,North,Mobile App,Cash on Delivery,Cancelled,5,45.08,25,225.4,56.35,169.05,126.29,42.76,7.11,3.7,6
ORD003592,2025-06-20,CUST00096,49,PROD00365,Home & Kitchen,South,Website,Credit Card,Delivered,2,25.59,20,51.18,10.24,40.94,22.83,18.11,11.15,4.3,8
ORD000279,2025-06-21,CUST01094,21,PROD00413,Beauty,Central,Marketplace,Bank Transfer,Returned,2,34.63,0,69.26,0.0,69.26,42.55,26.71,9.45,3.8,3
ORD001425,2025-06-21,CUST00623,61,PROD00371,Home & Kitchen,North,Marketplace,Cash on Delivery,Cancelled,3,12.29,5,36.87,1.84,35.03,19.96,15.07,16.52,3.8,1
ORD004082,2025-06-21,CUST01385,38,PROD00117,Grocery,North,Mobile App,Debit Card,Cancelled,4,61.81,15,247.24,37.09,210.15,103.14,107.01,15.75,2.8,1
ORD002654,2025-06-21,CUST00938,26,PROD00570,Home & Kitchen,Central,Website,Credit Card,Returned,1,47.37,10,47.37,4.74,42.63,24.35,18.28,4.76,4.6,5
ORD002139,2025-06-21,CUST01105,63,PROD00250,Sports,West,Mobile App,Credit Card,Cancelled,4,30.93,10,123.72,12.37,111.35,60.24,51.11,4.55,3.8,3
ORD003573,2025-06-21,CUST00199,68,PROD00186,Grocery,South,Website,PayPal,Cancelled,3,123.07,10,369.21,36.92,332.29,211.36,120.93,11.84,3.5,3
ORD004192,2025-06-21,CUST01450,18,PROD00144,Fashion,North,Marketplace,PayPal,Shipped,1,31.12,0,31.12,0.0,31.12,21.64,9.48,4.95,2.9,4
ORD003747,2025-06-22,CUST00504,60,PROD00043,Grocery,Central,Website,Debit Card,Delivered,4,86.24,0,344.96,0.0,344.96,240.11,104.85,9.59,4.0,7
ORD004669,2025-06-22,CUST00439,39,PROD00082,Home & Kitchen,South,Website,PayPal,Delivered,1,16.21,5,16.21,0.81,15.4,9.83,5.57,5.75,5.0,4
ORD003893,2025-06-22,CUST00860,48,PROD00476,Home & Kitchen,East,Mobile App,Cash on Delivery,Delivered,2,22.98,15,45.96,6.89,39.07,22.92,16.15,6.68,4.3,5
ORD002720,2025-06-22,CUST00015,53,PROD00040,Sports,West,Mobile App,Cash on Delivery,Shipped,5,61.24,5,306.2,15.31,290.89,162.87,128.02,1.89,3.9,2
ORD004625,2025-06-22,CUST01191,63,PROD00474,Fashion,West,Website,Cash on Delivery,Delivered,4,29.15,10,116.6,11.66,104.94,78.0,26.94,10.85,3.9,3
ORD002247,2025-06-23,CUST01412,35,PROD00513,Beauty,North,Website,Debit Card,Shipped,3,31.3,20,93.9,18.78,75.12,41.53,33.59,15.31,4.3,1
ORD003515,2025-06-23,CUST00585,65,PROD00046,Beauty,South,Mobile App,Credit Card,Delivered,5,26.49,0,132.45,0.0,132.45,74.34,58.11,4.79,4.5,2
ORD004579,2025-06-23,CUST01349,65,PROD00291,Sports,West,Marketplace,PayPal,Cancelled,4,108.02,25,432.08,108.02,324.06,220.36,103.7,17.51,1.5,1
ORD004889,2025-06-23,CUST01080,39,PROD00271,Electronics,South,Website,Debit Card,Delivered,3,31.06,15,93.18,13.98,79.2,54.61,24.59,8.39,5.0,9
ORD000974,2025-06-23,CUST01429,58,PROD00009,Beauty,West,Mobile App,Credit Card,Shipped,1,29.67,30,29.67,8.9,20.77,11.49,9.28,10.96,4.8,9
ORD003831,2025-06-24,CUST01161,48,PROD00517,Fashion,East,Mobile App,Cash on Delivery,Cancelled,2,40.95,15,81.9,12.28,69.62,32.1,37.52,1.52,3.7,4
ORD002675,2025-06-24,CUST00655,20,PROD00800,Electronics,South,Website,Debit Card,Delivered,5,16.27,0,81.35,0.0,81.35,62.29,19.06,11.78,3.2,6
ORD003736,2025-06-24,CUST00015,46,PROD00679,Home & Kitchen,East,Website,Credit Card,Delivered,1,7.58,15,7.58,1.14,6.44,3.98,2.46,1.61,4.4,5
ORD002143,2025-06-24,CUST00188,18,PROD00521,Electronics,East,Website,Cash on Delivery,Delivered,1,44.48,5,44.48,2.22,42.26,23.95,18.31,13.83,4.2,4
ORD002783,2025-06-24,CUST00267,31,PROD00513,Sports,East,Mobile App,Debit Card,Cancelled,4,127.96,25,511.84,127.96,383.88,210.0,173.88,4.29,5.0,6
ORD001015,2025-06-24,CUST01353,22,PROD00174,Fashion,North,Mobile App,Credit Card,Cancelled,3,13.23,20,39.69,7.94,31.75,16.23,15.52,3.85,2.7,1
ORD002478,2025-06-25,CUST00609,70,PROD00571,Home & Kitchen,South,Marketplace,Cash on Delivery,Returned,2,36.88,5,73.76,3.69,70.07,39.03,31.04,5.15,2.7,5
ORD004309,2025-06-25,CUST00009,28,PROD00412,Sports,East,Mobile App,Debit Card,Cancelled,4,8.22,25,32.88,8.22,24.66,15.89,8.77,15.87,2.9,6
ORD001282,2025-06-25,CUST00771,67,PROD00243,Sports,West,Website,Debit Card,Delivered,1,59.14,25,59.14,14.78,44.36,33.59,10.77,7.0,4.3,6
ORD004314,2025-06-26,CUST01344,55,PROD00212,Home & Kitchen,East,Website,Cash on Delivery,Delivered,5,16.07,20,80.35,16.07,64.28,41.44,22.84,13.05,3.7,10
ORD001405,2025-06-27,CUST00438,38,PROD00715,Beauty,West,Marketplace,Bank Transfer,Shipped,3,32.1,25,96.3,24.08,72.22,34.39,37.83,6.65,3.7,2
ORD000522,2025-06-27,CUST01320,28,PROD00566,Fashion,North,Website,PayPal,Delivered,4,16.94,5,67.76,3.39,64.37,30.62,33.75,12.64,3.4,3
ORD002609,2025-06-27,CUST00562,59,PROD00538,Beauty,Central,Mobile App,Bank Transfer,Delivered,4,25.37,30,101.48,30.44,71.04,43.86,27.18,10.3,3.5,5
ORD001630,2025-06-27,CUST00753,24,PROD00554,Fashion,South,Website,Debit Card,Delivered,1,25.12,30,25.12,7.54,17.58,11.87,5.71,14.7,3.7,7
ORD000951,2025-06-28,CUST01228,69,PROD00403,Sports,South,Mobile App,Debit Card,Delivered,3,26.82,25,80.46,20.12,60.34,42.95,17.39,8.93,3.1,6
ORD002704,2025-06-28,CUST00298,38,PROD00621,Sports,South,Website,Credit Card,Delivered,2,56.07,5,112.14,5.61,106.53,73.5,33.03,3.06,5.0,9
ORD002510,2025-06-28,CUST00110,47,PROD00292,Beauty,South,Mobile App,PayPal,Returned,1,35.08,10,35.08,3.51,31.57,19.43,12.14,5.8,3.9,2
ORD002692,2025-06-29,CUST00721,53,PROD00057,Electronics,East,Website,Credit Card,Returned,3,42.35,15,127.05,19.06,107.99,59.82,48.17,6.49,5.0,10
ORD003852,2025-06-29,CUST00984,50,PROD00761,Fashion,North,Mobile App,Cash on Delivery,Delivered,2,42.71,10,85.42,8.54,76.88,37.77,39.11,17.96,4.2,9
ORD002770,2025-06-29,CUST00883,28,PROD00462,Home & Kitchen,North,Website,Credit Card,Delivered,4,32.75,10,131.0,13.1,117.9,71.65,46.25,15.85,4.1,6
ORD002570,2025-06-29,CUST01048,55,PROD00289,Beauty,North,Mobile App,Cash on Delivery,Delivered,1,27.33,5,27.33,1.37,25.96,16.77,9.19,9.04,4.2,2
ORD001450,2025-06-29,CUST00038,36,PROD00025,Beauty,South,Website,Cash on Delivery,Delivered,4,42.57,10,170.28,17.03,153.25,109.77,43.48,8.11,3.9,6
ORD000761,2025-06-29,CUST00960,62,PROD00465,Fashion,North,Marketplace,PayPal,Delivered,3,43.59,5,130.77,6.54,124.23,89.05,35.18,15.97,3.6,2
ORD003948,2025-06-30,CUST00243,49,PROD00313,Sports,North,Website,Credit Card,Delivered,5,12.19,10,60.95,6.1,54.85,40.26,14.59,7.23,2.4,3
ORD001728,2025-06-30,CUST01045,58,PROD00237,Grocery,North,Mobile App,Cash on Delivery,Delivered,1,8.22,25,8.22,2.06,6.16,3.55,2.61,7.44,4.1,9
ORD003800,2025-06-30,CUST00178,28,PROD00358,Fashion,West,Website,Debit Card,Cancelled,5,90.61,20,453.05,90.61,362.44,212.43,150.01,3.52,4.1,6
ORD000351,2025-06-30,CUST00875,37,PROD00535,Beauty,East,Website,Credit Card,Delivered,5,34.1,5,170.5,8.52,161.98,115.74,46.24,16.36,4.2,3
ORD004394,2025-06-30,CUST01245,59,PROD00149,Grocery,South,Website,Credit Card,Delivered,4,33.01,25,132.04,33.01,99.03,75.48,23.55,10.69,4.4,5
ORD002726,2025-07-01,CUST00269,41,PROD00690,Grocery,Central,Mobile App,Debit Card,Delivered,5,54.94,20,274.7,54.94,219.76,136.23,83.53,6.67,3.1,7
ORD003864,2025-07-01,CUST00985,52,PROD00211,Home & Kitchen,North,Mobile App,Cash on Delivery,Returned,5,129.77,5,648.85,32.44,616.41,342.52,273.89,8.42,5.0,3
ORD002795,2025-07-01,CUST00909,34,PROD00028,Beauty,South,Website,Cash on Delivery,Shipped,5,63.3,10,316.5,31.65,284.85,181.32,103.53,4.15,4.7,6
ORD004535,2025-07-01,CUST01435,26,PROD00757,Fashion,West,Mobile App,Debit Card,Shipped,2,31.43,25,62.86,15.72,47.14,35.56,11.58,6.55,3.3,1
ORD000451,2025-07-01,CUST00012,56,PROD00788,Beauty,East,Mobile App,PayPal,Returned,3,25.8,30,77.4,23.22,54.18,30.99,23.19,10.24,4.7,4
ORD004873,2025-07-02,CUST00753,51,PROD00306,Grocery,South,Mobile App,PayPal,Shipped,3,27.5,0,82.5,0.0,82.5,47.26,35.24,17.23,4.0,3
ORD000208,2025-07-02,CUST00337,63,PROD00787,Sports,West,Website,Credit Card,Delivered,4,48.99,5,195.96,9.8,186.16,96.35,89.81,16.17,3.4,2
ORD001413,2025-07-02,CUST00975,70,PROD00698,Beauty,North,Marketplace,PayPal,Delivered,1,14.58,10,14.58,1.46,13.12,9.13,3.99,2.94,2.4,10
ORD002550,2025-07-02,CUST00375,33,PROD00725,Electronics,Central,Mobile App,Bank Transfer,Shipped,4,26.38,30,105.52,31.66,73.86,34.4,39.46,5.9,4.5,1
ORD001197,2025-07-02,CUST00981,43,PROD00720,Beauty,Central,Website,PayPal,Delivered,4,53.72,0,214.88,0.0,214.88,127.27,87.61,6.99,3.6,4
ORD003655,2025-07-02,CUST01137,63,PROD00114,Beauty,North,Marketplace,PayPal,Delivered,2,82.84,20,165.68,33.14,132.54,91.63,40.91,11.04,4.1,6
ORD004698,2025-07-03,CUST01088,60,PROD00291,Fashion,South,Website,Bank Transfer,Delivered,3,31.66,20,94.98,19.0,75.98,43.65,32.33,15.86,4.2,7
ORD002074,2025-07-03,CUST00523,37,PROD00212,Grocery,North,Website,PayPal,Shipped,1,77.32,0,77.32,0.0,77.32,40.51,36.81,4.28,4.2,10
ORD001660,2025-07-03,CUST00803,55,PROD00006,Beauty,North,Website,Debit Card,Shipped,1,77.19,25,77.19,19.3,57.89,42.35,15.54,3.65,3.2,7
ORD000960,2025-07-03,CUST01452,54,PROD00503,Grocery,East,Website,Cash on Delivery,Shipped,4,13.52,0,54.08,0.0,54.08,29.66,24.42,16.01,3.9,5
ORD003268,2025-07-03,CUST00756,38,PROD00254,Beauty,South,Website,Credit Card,Delivered,1,22.67,20,22.67,4.53,18.14,12.15,5.99,16.86,5.0,10
ORD001258,2025-07-04,CUST00690,21,PROD00524,Fashion,North,Website,Cash on Delivery,Delivered,5,73.94,5,369.7,18.48,351.22,222.62,128.6,16.72,3.8,9
ORD001326,2025-07-04,CUST01038,29,PROD00676,Sports,South,Website,PayPal,Cancelled,2,18.75,15,37.5,5.62,31.88,19.08,12.8,4.96,3.7,10
ORD004283,2025-07-04,CUST01349,27,PROD00598,Home & Kitchen,West,Mobile App,Debit Card,Delivered,4,34.57,10,138.28,13.83,124.45,57.75,66.7,8.81,5.0,5
ORD003959,2025-07-04,CUST00985,44,PROD00163,Electronics,Central,Mobile App,Credit Card,Delivered,3,44.07,5,132.21,6.61,125.6,93.61,31.99,17.67,4.4,2
ORD002118,2025-07-05,CUST00013,52,PROD00153,Home & Kitchen,North,Website,Debit Card,Returned,5,42.06,0,210.3,0.0,210.3,122.1,88.2,15.02,5.0,1
ORD001798,2025-07-05,CUST01349,36,PROD00320,Home & Kitchen,Central,Mobile App,Credit Card,Delivered,5,45.98,15,229.9,34.48,195.42,134.73,60.69,11.89,2.3,1
ORD003101,2025-07-05,CUST00081,34,PROD00121,Fashion,Central,Mobile App,Bank Transfer,Delivered,1,17.45,0,17.45,0.0,17.45,10.15,7.3,11.0,3.5,1
ORD004368,2025-07-05,CUST01016,37,PROD00561,Grocery,East,Mobile App,Bank Transfer,Cancelled,3,23.43,5,70.29,3.51,66.78,42.33,24.45,3.85,4.6,3
ORD001570,2025-07-05,CUST00337,24,PROD00435,Electronics,North,Marketplace,PayPal,Delivered,5,90.99,20,454.95,90.99,363.96,221.52,142.44,9.11,2.6,1
ORD003241,2025-07-05,CUST00262,61,PROD00059,Fashion,West,Marketplace,Credit Card,Shipped,4,37.29,15,149.16,22.37,126.79,58.85,67.94,10.0,4.2,4
ORD003617,2025-07-05,CUST00346,24,PROD00448,Grocery,North,Mobile App,Credit Card,Delivered,1,191.95,5,191.95,9.6,182.35,122.38,59.97,14.98,3.9,7
ORD001369,2025-07-06,CUST00547,43,PROD00173,Fashion,Central,Marketplace,PayPal,Delivered,1,20.95,10,20.95,2.1,18.85,13.27,5.58,13.44,4.6,3
ORD000768,2025-07-06,CUST01403,29,PROD00152,Electronics,West,Mobile App,Debit Card,Returned,2,25.16,10,50.32,5.03,45.29,34.8,10.49,7.42,4.0,5
ORD001264,2025-07-06,CUST00086,18,PROD00024,Grocery,North,Website,Credit Card,Returned,3,64.63,0,193.89,0.0,193.89,117.4,76.49,17.99,2.6,9
ORD003224,2025-07-06,CUST00149,68,PROD00287,Electronics,West,Mobile App,PayPal,Shipped,3,32.07,30,96.21,28.86,67.35,44.48,22.87,9.95,4.4,9
ORD004259,2025-07-06,CUST00342,49,PROD00161,Electronics,West,Mobile App,Debit Card,Delivered,3,5.96,20,17.88,3.58,14.3,9.73,4.57,15.36,4.9,8
ORD003665,2025-07-06,CUST00709,46,PROD00520,Sports,West,Website,Debit Card,Delivered,1,21.04,0,21.04,0.0,21.04,10.38,10.66,14.66,3.5,7
ORD004730,2025-07-07,CUST00695,18,PROD00189,Electronics,North,Marketplace,Debit Card,Delivered,4,80.1,0,320.4,0.0,320.4,196.01,124.39,9.8,3.4,8
ORD000584,2025-07-07,CUST00374,68,PROD00793,Beauty,West,Mobile App,Bank Transfer,Cancelled,1,25.38,25,25.38,6.34,19.04,13.68,5.36,2.0,4.3,3
ORD004726,2025-07-07,CUST01097,53,PROD00431,Home & Kitchen,South,Mobile App,Bank Transfer,Shipped,5,78.28,15,391.4,58.71,332.69,185.65,147.04,10.55,4.5,1
ORD000674,2025-07-07,CUST00402,48,PROD00134,Home & Kitchen,Central,Website,Credit Card,Returned,2,34.73,10,69.46,6.95,62.51,30.53,31.98,17.22,4.2,2
ORD001478,2025-07-07,CUST01198,26,PROD00046,Fashion,Central,Website,Credit Card,Delivered,2,39.34,0,78.68,0.0,78.68,37.37,41.31,5.71,4.4,8
ORD001523,2025-07-07,CUST01076,55,PROD00132,Fashion,West,Website,Credit Card,Delivered,5,127.05,20,635.25,127.05,508.2,367.73,140.47,7.93,2.6,7
ORD004140,2025-07-07,CUST01027,68,PROD00303,Grocery,South,Marketplace,Debit Card,Delivered,4,45.02,10,180.08,18.01,162.07,73.2,88.87,11.81,4.2,7
ORD004545,2025-07-08,CUST00298,67,PROD00390,Fashion,East,Mobile App,Cash on Delivery,Returned,3,46.35,25,139.05,34.76,104.29,68.25,36.04,7.35,3.7,5
ORD000402,2025-07-08,CUST00787,63,PROD00282,Grocery,Central,Website,Bank Transfer,Cancelled,4,8.2,25,32.8,8.2,24.6,15.86,8.74,16.35,2.7,1
ORD003955,2025-07-08,CUST01124,25,PROD00220,Home & Kitchen,South,Mobile App,PayPal,Delivered,4,11.49,10,45.96,4.6,41.36,27.5,13.86,8.05,5.0,5
ORD003626,2025-07-08,CUST00945,54,PROD00379,Sports,East,Mobile App,Debit Card,Delivered,3,101.67,25,305.01,76.25,228.76,109.39,119.37,10.06,3.4,3
ORD000719,2025-07-08,CUST00465,68,PROD00068,Fashion,South,Website,Debit Card,Cancelled,3,29.08,20,87.24,17.45,69.79,37.73,32.06,2.65,2.9,5
ORD000275,2025-07-09,CUST00693,57,PROD00260,Electronics,South,Website,Bank Transfer,Delivered,5,10.5,0,52.5,0.0,52.5,32.39,20.11,10.1,3.5,10
ORD004501,2025-07-09,CUST00581,32,PROD00743,Fashion,South,Mobile App,Debit Card,Delivered,3,41.99,15,125.97,18.9,107.07,68.31,38.76,13.87,2.7,10
ORD001187,2025-07-09,CUST00081,35,PROD00062,Beauty,West,Website,Cash on Delivery,Cancelled,3,55.75,5,167.25,8.36,158.89,105.67,53.22,10.14,4.8,8
ORD001678,2025-07-09,CUST01394,21,PROD00453,Home & Kitchen,North,Mobile App,Cash on Delivery,Returned,4,71.19,15,284.76,42.71,242.05,112.97,129.08,16.39,4.0,1
ORD002528,2025-07-09,CUST00628,30,PROD00046,Sports,West,Website,Bank Transfer,Delivered,3,41.43,30,124.29,37.29,87.0,63.88,23.12,2.5,4.6,4
ORD001134,2025-07-09,CUST00401,53,PROD00603,Home & Kitchen,West,Marketplace,Debit Card,Cancelled,1,43.73,0,43.73,0.0,43.73,27.18,16.55,15.65,5.0,1
ORD001110,2025-07-09,CUST01483,29,PROD00763,Beauty,East,Mobile App,PayPal,Delivered,2,23.89,5,47.78,2.39,45.39,29.84,15.55,15.54,3.2,8
ORD001938,2025-07-09,CUST00770,41,PROD00009,Electronics,East,Website,Credit Card,Cancelled,5,14.7,25,73.5,18.38,55.12,36.93,18.19,12.57,2.5,2
ORD004941,2025-07-09,CUST00122,52,PROD00306,Sports,Central,Website,PayPal,Delivered,3,59.87,5,179.61,8.98,170.63,99.86,70.77,6.39,4.2,10
ORD004668,2025-07-10,CUST00878,43,PROD00575,Sports,West,Mobile App,Cash on Delivery,Shipped,3,20.11,15,60.33,9.05,51.28,34.13,17.15,7.87,3.6,2
ORD001016,2025-07-10,CUST01388,36,PROD00341,Grocery,Central,Mobile App,Bank Transfer,Delivered,2,9.13,5,18.26,0.91,17.35,8.91,8.44,8.07,4.5,3
ORD002115,2025-07-10,CUST00392,19,PROD00245,Fashion,South,Website,Debit Card,Delivered,3,10.61,25,31.83,7.96,23.87,13.34,10.53,2.19,3.9,5
ORD002024,2025-07-11,CUST01420,43,PROD00102,Electronics,Central,Mobile App,Credit Card,Delivered,4,28.12,10,112.48,11.25,101.23,77.16,24.07,7.25,4.5,3
ORD003571,2025-07-11,CUST01194,22,PROD00757,Sports,West,Mobile App,Debit Card,Shipped,4,13.64,15,54.56,8.18,46.38,28.74,17.64,9.5,3.9,6
ORD004360,2025-07-11,CUST00326,39,PROD00565,Electronics,Central,Mobile App,Cash on Delivery,Returned,3,40.78,0,122.34,0.0,122.34,95.1,27.24,9.82,3.2,10
ORD000803,2025-07-11,CUST00210,46,PROD00294,Beauty,Central,Website,Debit Card,Shipped,3,69.97,10,209.91,20.99,188.92,103.73,85.19,13.76,3.3,5
ORD003945,2025-07-11,CUST00040,51,PROD00175,Sports,South,Mobile App,PayPal,Cancelled,3,28.15,10,84.45,8.44,76.01,52.98,23.03,7.26,4.1,9
ORD003039,2025-07-12,CUST00833,21,PROD00358,Beauty,West,Mobile App,PayPal,Delivered,3,24.14,10,72.42,7.24,65.18,42.15,23.03,16.75,4.6,5
ORD002282,2025-07-12,CUST00325,43,PROD00687,Home & Kitchen,Central,Website,Credit Card,Delivered,3,42.29,15,126.87,19.03,107.84,72.54,35.3,13.37,3.0,7
ORD004177,2025-07-12,CUST00096,60,PROD00070,Beauty,East,Mobile App,Debit Card,Shipped,5,103.4,0,517.0,0.0,517.0,322.12,194.88,9.41,3.5,9
ORD004458,2025-07-12,CUST01014,23,PROD00332,Grocery,North,Mobile App,PayPal,Shipped,2,30.24,15,60.48,9.07,51.41,26.42,24.99,4.31,3.5,7
ORD001419,2025-07-12,CUST00555,28,PROD00693,Fashion,Central,Mobile App,Bank Transfer,Delivered,4,83.58,25,334.32,83.58,250.74,180.76,69.98,8.26,4.1,1
ORD004615,2025-07-13,CUST01138,37,PROD00790,Electronics,Central,Mobile App,Credit Card,Returned,1,58.8,25,58.8,14.7,44.1,29.74,14.36,9.47,4.1,10
ORD003441,2025-07-13,CUST00248,22,PROD00628,Electronics,North,Marketplace,Debit Card,Delivered,5,13.19,25,65.95,16.49,49.46,28.05,21.41,15.25,4.7,8
ORD000521,2025-07-13,CUST00035,20,PROD00514,Sports,Central,Website,PayPal,Cancelled,2,41.51,10,83.02,8.3,74.72,54.71,20.01,5.06,4.7,4
ORD003139,2025-07-13,CUST00500,39,PROD00264,Beauty,East,Mobile App,Bank Transfer,Delivered,3,133.09,10,399.27,39.93,359.34,166.57,192.77,5.07,4.0,7
ORD003530,2025-07-13,CUST00897,69,PROD00525,Beauty,West,Mobile App,Debit Card,Cancelled,5,39.71,5,198.55,9.93,188.62,127.35,61.27,2.5,3.6,4
ORD003340,2025-07-13,CUST01312,20,PROD00064,Home & Kitchen,Central,Website,Credit Card,Delivered,4,49.97,15,199.88,29.98,169.9,107.61,62.29,8.94,2.8,3
ORD000926,2025-07-13,CUST01409,43,PROD00315,Electronics,South,Mobile App,Credit Card,Shipped,2,27.25,0,54.5,0.0,54.5,25.58,28.92,7.83,4.2,5
ORD003727,2025-07-13,CUST00527,27,PROD00534,Grocery,Central,Website,PayPal,Delivered,2,22.57,0,45.14,0.0,45.14,23.8,21.34,11.45,4.4,7
ORD002562,2025-07-14,CUST00913,38,PROD00068,Electronics,North,Website,PayPal,Returned,5,17.49,15,87.45,13.12,74.33,35.87,38.46,3.06,4.4,7
ORD001133,2025-07-14,CUST00866,48,PROD00304,Fashion,East,Website,Credit Card,Delivered,3,19.65,10,58.95,5.9,53.05,31.59,21.46,9.65,4.5,4
ORD002135,2025-07-14,CUST00771,21,PROD00537,Beauty,East,Marketplace,PayPal,Cancelled,4,45.97,0,183.88,0.0,183.88,135.8,48.08,12.19,3.3,4
ORD003698,2025-07-14,CUST00570,58,PROD00712,Electronics,Central,Website,Debit Card,Delivered,5,20.84,15,104.2,15.63,88.57,58.99,29.58,15.47,4.1,9
ORD004241,2025-07-14,CUST00023,26,PROD00464,Grocery,East,Mobile App,Bank Transfer,Delivered,1,88.39,5,88.39,4.42,83.97,51.62,32.35,9.2,3.8,4
ORD003882,2025-07-14,CUST00114,31,PROD00700,Home & Kitchen,North,Website,Cash on Delivery,Delivered,2,57.88,15,115.76,17.36,98.4,46.4,52.0,13.95,3.5,9
ORD004307,2025-07-15,CUST00702,68,PROD00372,Electronics,Central,Website,Cash on Delivery,Cancelled,2,106.06,10,212.12,21.21,190.91,97.92,92.99,15.87,3.3,3
ORD002080,2025-07-15,CUST01293,36,PROD00332,Electronics,Central,Website,PayPal,Returned,5,29.89,20,149.45,29.89,119.56,78.76,40.8,16.94,3.8,10
ORD002267,2025-07-16,CUST01281,57,PROD00076,Home & Kitchen,East,Website,PayPal,Cancelled,3,41.36,5,124.08,6.2,117.88,69.39,48.49,12.02,4.4,5
ORD000259,2025-07-16,CUST01097,29,PROD00077,Beauty,East,Website,Credit Card,Returned,5,144.19,25,720.95,180.24,540.71,291.24,249.47,2.45,4.1,1
ORD003256,2025-07-16,CUST01465,52,PROD00762,Electronics,Central,Website,Bank Transfer,Delivered,2,38.75,5,77.5,3.88,73.62,34.17,39.45,4.78,3.4,8
ORD003737,2025-07-16,CUST00326,19,PROD00134,Electronics,South,Mobile App,Bank Transfer,Delivered,5,19.7,5,98.5,4.92,93.58,44.32,49.26,8.63,4.7,1
ORD002788,2025-07-17,CUST01313,28,PROD00558,Electronics,South,Website,Cash on Delivery,Delivered,1,32.42,15,32.42,4.86,27.56,12.91,14.65,11.58,3.5,4
ORD000517,2025-07-17,CUST01161,63,PROD00417,Beauty,East,Website,PayPal,Shipped,4,56.58,20,226.32,45.26,181.06,131.1,49.96,8.32,3.2,9
ORD002262,2025-07-17,CUST00048,39,PROD00218,Electronics,East,Website,Cash on Delivery,Returned,2,13.12,15,26.24,3.94,22.3,11.36,10.94,4.52,4.2,5
ORD002780,2025-07-17,CUST00936,30,PROD00233,Home & Kitchen,North,Website,Cash on Delivery,Delivered,5,29.07,30,145.35,43.6,101.75,70.0,31.75,7.62,5.0,1
ORD000176,2025-07-17,CUST00606,51,PROD00173,Beauty,East,Website,Debit Card,Delivered,1,31.07,10,31.07,3.11,27.96,21.81,6.15,8.16,3.6,9
ORD000482,2025-07-17,CUST00876,46,PROD00387,Fashion,North,Mobile App,Credit Card,Returned,3,33.82,15,101.46,15.22,86.24,66.96,19.28,10.54,4.3,2
ORD003434,2025-07-18,CUST00687,39,PROD00531,Home & Kitchen,Central,Marketplace,Cash on Delivery,Returned,5,37.97,0,189.85,0.0,189.85,140.9,48.95,4.01,5.0,6
ORD000092,2025-07-18,CUST00652,26,PROD00585,Beauty,Central,Website,PayPal,Delivered,2,22.3,25,44.6,11.15,33.45,23.99,9.46,8.2,4.0,10
ORD002287,2025-07-18,CUST00146,69,PROD00074,Fashion,North,Mobile App,Bank Transfer,Delivered,3,255.99,5,767.97,38.4,729.57,560.45,169.12,14.81,3.7,4
ORD004534,2025-07-18,CUST00643,50,PROD00538,Sports,East,Mobile App,Bank Transfer,Delivered,5,41.25,5,206.25,10.31,195.94,130.91,65.03,9.74,3.9,3
ORD004778,2025-07-18,CUST00130,52,PROD00099,Beauty,North,Mobile App,Bank Transfer,Shipped,2,29.02,10,58.04,5.8,52.24,34.39,17.85,16.71,4.5,9
ORD002957,2025-07-18,CUST00079,57,PROD00193,Fashion,West,Mobile App,Credit Card,Delivered,1,32.97,0,32.97,0.0,32.97,16.03,16.94,9.85,3.6,4
ORD002558,2025-07-18,CUST00591,54,PROD00271,Grocery,East,Marketplace,Bank Transfer,Delivered,1,162.57,0,162.57,0.0,162.57,122.69,39.88,15.31,4.5,9
ORD001781,2025-07-19,CUST00705,67,PROD00434,Home & Kitchen,East,Website,Credit Card,Returned,1,50.34,10,50.34,5.03,45.31,27.73,17.58,14.45,3.7,2
ORD003713,2025-07-19,CUST00536,27,PROD00147,Home & Kitchen,South,Mobile App,Bank Transfer,Delivered,1,28.57,15,28.57,4.29,24.28,12.65,11.63,13.16,4.6,5
ORD002125,2025-07-19,CUST00183,62,PROD00791,Beauty,West,Mobile App,Credit Card,Returned,3,16.1,10,48.3,4.83,43.47,24.41,19.06,10.51,3.1,7
ORD002317,2025-07-19,CUST01157,56,PROD00699,Electronics,East,Mobile App,Cash on Delivery,Delivered,1,65.93,0,65.93,0.0,65.93,34.73,31.2,4.27,1.6,2
ORD001443,2025-07-20,CUST00553,58,PROD00130,Fashion,West,Website,Cash on Delivery,Delivered,4,25.22,0,100.88,0.0,100.88,77.25,23.63,13.21,4.3,9
ORD004273,2025-07-20,CUST00532,31,PROD00619,Electronics,West,Mobile App,Debit Card,Shipped,1,68.39,10,68.39,6.84,61.55,41.55,20.0,13.34,4.2,6
ORD003850,2025-07-20,CUST00535,51,PROD00267,Beauty,West,Website,Cash on Delivery,Shipped,2,11.92,30,23.84,7.15,16.69,8.09,8.6,11.51,4.2,9
ORD003413,2025-07-20,CUST00602,63,PROD00153,Fashion,South,Website,Debit Card,Returned,5,171.09,10,855.45,85.54,769.91,382.51,387.4,6.47,4.7,7
ORD002030,2025-07-20,CUST01391,37,PROD00533,Grocery,East,Marketplace,Bank Transfer,Returned,4,25.81,5,103.24,5.16,98.08,47.82,50.26,16.71,3.9,1
ORD002545,2025-07-21,CUST01280,44,PROD00153,Sports,North,Mobile App,Cash on Delivery,Delivered,1,31.4,0,31.4,0.0,31.4,18.16,13.24,11.82,3.6,1
ORD000483,2025-07-22,CUST01250,40,PROD00193,Grocery,West,Website,PayPal,Returned,5,36.19,10,180.95,18.1,162.85,121.65,41.2,5.1,4.5,8
ORD003336,2025-07-22,CUST01262,31,PROD00035,Home & Kitchen,North,Marketplace,Credit Card,Delivered,3,77.12,20,231.36,46.27,185.09,127.77,57.32,2.09,3.8,8
ORD001307,2025-07-22,CUST00493,29,PROD00040,Electronics,South,Website,Bank Transfer,Returned,3,25.58,15,76.74,11.51,65.23,29.9,35.33,4.42,4.0,9
ORD000973,2025-07-22,CUST00838,65,PROD00473,Fashion,Central,Mobile App,Debit Card,Returned,5,21.71,0,108.55,0.0,108.55,49.84,58.71,10.56,3.2,4
ORD002379,2025-07-22,CUST00277,34,PROD00441,Electronics,Central,Mobile App,PayPal,Returned,5,16.55,5,82.75,4.14,78.61,59.39,19.22,15.43,5.0,7
ORD001001,2025-07-22,CUST00695,70,PROD00169,Electronics,South,Mobile App,PayPal,Delivered,3,46.83,0,140.49,0.0,140.49,72.27,68.22,15.28,5.0,6
ORD001093,2025-07-23,CUST00078,65,PROD00618,Electronics,Central,Mobile App,Debit Card,Delivered,2,38.32,25,76.64,19.16,57.48,40.0,17.48,8.41,4.2,10
ORD000440,2025-07-23,CUST01298,40,PROD00649,Fashion,Central,Mobile App,Cash on Delivery,Delivered,4,15.06,15,60.24,9.04,51.2,29.78,21.42,11.07,3.8,1
ORD001362,2025-07-24,CUST01394,56,PROD00047,Grocery,Central,Mobile App,PayPal,Delivered,4,29.05,0,116.2,0.0,116.2,78.0,38.2,13.62,4.4,1
ORD000865,2025-07-24,CUST01439,50,PROD00628,Sports,North,Website,PayPal,Delivered,5,39.67,10,198.35,19.84,178.51,127.79,50.72,13.22,4.0,2
ORD000316,2025-07-24,CUST00101,45,PROD00003,Electronics,South,Mobile App,Bank Transfer,Cancelled,2,42.58,20,85.16,17.03,68.13,35.08,33.05,8.8,2.9,4
ORD004415,2025-07-24,CUST00239,36,PROD00440,Sports,South,Marketplace,Debit Card,Delivered,4,25.44,0,101.76,0.0,101.76,76.87,24.89,1.98,4.9,1
ORD002710,2025-07-24,CUST01384,56,PROD00492,Fashion,East,Marketplace,Bank Transfer,Delivered,2,24.59,15,49.18,7.38,41.8,22.62,19.18,14.68,3.7,9
ORD003781,2025-07-24,CUST00667,28,PROD00323,Home & Kitchen,West,Website,Cash on Delivery,Delivered,5,64.28,10,321.4,32.14,289.26,186.65,102.61,1.5,3.8,2
ORD003874,2025-07-24,CUST00588,32,PROD00404,Beauty,North,Marketplace,Bank Transfer,Delivered,3,26.9,20,80.7,16.14,64.56,30.47,34.09,17.42,4.2,10
ORD001102,2025-07-24,CUST00642,38,PROD00173,Grocery,North,Website,PayPal,Delivered,2,18.11,5,36.22,1.81,34.41,26.71,7.7,4.41,2.3,7
ORD002381,2025-07-24,CUST01332,38,PROD00575,Home & Kitchen,West,Mobile App,Bank Transfer,Delivered,4,7.43,15,29.72,4.46,25.26,18.58,6.68,10.64,4.2,4
ORD002502,2025-07-24,CUST00058,57,PROD00079,Fashion,North,Website,Bank Transfer,Delivered,1,95.39,0,95.39,0.0,95.39,69.28,26.11,12.99,3.2,5
ORD001964,2025-07-24,CUST01156,58,PROD00663,Electronics,East,Marketplace,Cash on Delivery,Cancelled,2,16.11,15,32.22,4.83,27.39,15.85,11.54,10.79,3.7,5
ORD002324,2025-07-24,CUST01332,44,PROD00452,Fashion,Central,Website,Bank Transfer,Returned,5,38.08,10,190.4,19.04,171.36,131.54,39.82,7.58,3.6,10
ORD000871,2025-07-25,CUST01458,39,PROD00459,Grocery,East,Mobile App,Credit Card,Delivered,3,19.97,5,59.91,3.0,56.91,28.4,28.51,10.5,3.3,2
ORD002026,2025-07-25,CUST01253,68,PROD00799,Electronics,North,Mobile App,Credit Card,Delivered,3,8.44,5,25.32,1.27,24.05,14.05,10.0,6.94,4.9,4
ORD004647,2025-07-25,CUST01078,51,PROD00183,Fashion,North,Website,Debit Card,Delivered,4,22.95,10,91.8,9.18,82.62,50.19,32.43,12.55,5.0,2
ORD001164,2025-07-25,CUST00857,59,PROD00596,Electronics,East,Mobile App,Credit Card,Cancelled,1,102.01,5,102.01,5.1,96.91,69.02,27.89,16.6,4.3,7
ORD004750,2025-07-25,CUST00742,23,PROD00156,Sports,West,Website,Cash on Delivery,Returned,5,20.98,15,104.9,15.74,89.16,40.43,48.73,15.5,5.0,7
ORD004811,2025-07-26,CUST00270,24,PROD00612,Home & Kitchen,South,Website,Bank Transfer,Delivered,5,42.65,5,213.25,10.66,202.59,113.18,89.41,4.98,3.3,8
ORD003407,2025-07-26,CUST01377,69,PROD00087,Beauty,South,Website,Bank Transfer,Delivered,1,14.4,0,14.4,0.0,14.4,8.47,5.93,4.34,5.0,2
ORD003538,2025-07-26,CUST00767,33,PROD00358,Sports,East,Website,Debit Card,Cancelled,3,21.63,10,64.89,6.49,58.4,32.57,25.83,15.04,3.7,4
ORD003087,2025-07-26,CUST01490,60,PROD00159,Sports,East,Website,Debit Card,Delivered,1,25.07,10,25.07,2.51,22.56,15.56,7.0,13.92,4.4,9
ORD003845,2025-07-26,CUST01424,70,PROD00691,Beauty,Central,Website,Debit Card,Delivered,1,29.46,0,29.46,0.0,29.46,18.4,11.06,7.29,4.0,10
ORD004725,2025-07-27,CUST00695,58,PROD00609,Home & Kitchen,North,Mobile App,PayPal,Delivered,1,32.52,20,32.52,6.5,26.02,16.68,9.34,3.31,4.4,8
ORD001152,2025-07-27,CUST00666,34,PROD00633,Home & Kitchen,East,Website,Credit Card,Cancelled,4,93.18,10,372.72,37.27,335.45,249.41,86.04,17.03,5.0,7
ORD000881,2025-07-27,CUST00689,33,PROD00499,Sports,North,Marketplace,Debit Card,Returned,3,10.28,0,30.84,0.0,30.84,21.77,9.07,15.69,5.0,6
ORD004956,2025-07-27,CUST00890,37,PROD00567,Home & Kitchen,Central,Website,Bank Transfer,Delivered,1,7.21,10,7.21,0.72,6.49,3.85,2.64,11.38,3.4,7
ORD004692,2025-07-27,CUST01116,41,PROD00322,Electronics,Central,Mobile App,Cash on Delivery,Shipped,1,117.0,5,117.0,5.85,111.15,72.79,38.36,16.33,4.1,1
ORD003641,2025-07-27,CUST01419,68,PROD00561,Beauty,South,Mobile App,PayPal,Delivered,2,15.44,10,30.88,3.09,27.79,20.6,7.19,2.05,2.3,10
ORD001050,2025-07-27,CUST00441,62,PROD00663,Sports,East,Website,Debit Card,Shipped,1,21.55,15,21.55,3.23,18.32,12.45,5.87,7.41,2.4,1
ORD000976,2025-07-28,CUST00541,25,PROD00025,Home & Kitchen,West,Marketplace,PayPal,Delivered,4,86.31,5,345.24,17.26,327.98,163.57,164.41,13.75,4.8,9
ORD004732,2025-07-28,CUST00244,67,PROD00008,Home & Kitchen,East,Website,Cash on Delivery,Delivered,3,29.42,0,88.26,0.0,88.26,40.86,47.4,7.44,4.7,8
ORD004424,2025-07-28,CUST00382,24,PROD00022,Fashion,North,Website,Credit Card,Shipped,4,21.58,0,86.32,0.0,86.32,53.75,32.57,14.78,5.0,7
ORD003660,2025-07-28,CUST00051,37,PROD00170,Fashion,East,Marketplace,PayPal,Returned,3,53.44,15,160.32,24.05,136.27,102.9,33.37,6.84,2.5,9
ORD001910,2025-07-28,CUST00049,49,PROD00618,Beauty,Central,Mobile App,Credit Card,Delivered,5,53.5,10,267.5,26.75,240.75,119.73,121.02,8.43,5.0,7
ORD002818,2025-07-28,CUST00992,26,PROD00751,Fashion,West,Website,Bank Transfer,Returned,2,15.54,5,31.08,1.55,29.53,20.75,8.78,4.05,4.9,10
ORD001456,2025-07-28,CUST00898,49,PROD00445,Grocery,West,Website,Cash on Delivery,Returned,3,20.69,0,62.07,0.0,62.07,29.66,32.41,14.04,3.4,1
ORD002762,2025-07-28,CUST00537,43,PROD00337,Sports,South,Website,Debit Card,Delivered,5,156.31,10,781.55,78.16,703.39,513.75,189.64,13.32,2.9,1
ORD002660,2025-07-29,CUST00970,24,PROD00088,Electronics,East,Website,Debit Card,Returned,5,36.13,25,180.65,45.16,135.49,78.96,56.53,14.48,2.9,2
ORD002057,2025-07-29,CUST01468,40,PROD00766,Home & Kitchen,North,Marketplace,Bank Transfer,Delivered,5,67.15,15,335.75,50.36,285.39,181.66,103.73,9.46,4.8,6
ORD004381,2025-07-29,CUST01275,27,PROD00738,Electronics,North,Website,Bank Transfer,Delivered,2,49.2,25,98.4,24.6,73.8,44.8,29.0,4.95,5.0,9
ORD004474,2025-07-30,CUST01427,55,PROD00171,Fashion,North,Marketplace,Debit Card,Delivered,4,41.34,10,165.36,16.54,148.82,75.82,73.0,10.74,3.5,9
ORD002054,2025-07-30,CUST00253,58,PROD00451,Fashion,East,Mobile App,PayPal,Returned,5,88.16,20,440.8,88.16,352.64,229.4,123.24,10.2,4.5,3
ORD001582,2025-07-30,CUST01067,25,PROD00649,Sports,North,Website,Cash on Delivery,Delivered,3,11.87,0,35.61,0.0,35.61,17.34,18.27,6.89,4.8,5
ORD004556,2025-07-30,CUST00619,47,PROD00282,Sports,Central,Website,Cash on Delivery,Delivered,1,43.65,20,43.65,8.73,34.92,21.91,13.01,13.76,4.3,7
ORD002601,2025-07-30,CUST01042,47,PROD00047,Home & Kitchen,South,Marketplace,Cash on Delivery,Shipped,3,90.13,15,270.39,40.56,229.83,120.39,109.44,2.05,4.6,4
ORD002702,2025-07-30,CUST01422,19,PROD00391,Electronics,Central,Mobile App,PayPal,Returned,1,64.13,30,64.13,19.24,44.89,25.87,19.02,15.28,3.9,10
ORD003703,2025-07-30,CUST00356,24,PROD00272,Home & Kitchen,Central,Website,Credit Card,Returned,1,7.5,25,7.5,1.88,5.62,2.78,2.84,3.25,4.0,1
ORD003474,2025-07-30,CUST01315,44,PROD00222,Home & Kitchen,East,Website,Bank Transfer,Delivered,2,36.55,5,73.1,3.66,69.44,51.55,17.89,9.11,2.3,9
ORD002669,2025-07-31,CUST01435,54,PROD00027,Electronics,North,Website,Bank Transfer,Cancelled,5,28.25,20,141.25,28.25,113.0,54.19,58.81,4.83,4.3,1
ORD002308,2025-07-31,CUST01355,37,PROD00401,Electronics,East,Mobile App,Bank Transfer,Returned,2,23.47,15,46.94,7.04,39.9,21.59,18.31,10.29,3.6,1
ORD002376,2025-07-31,CUST00601,54,PROD00049,Grocery,South,Marketplace,Cash on Delivery,Delivered,2,58.78,20,117.56,23.51,94.05,72.07,21.98,14.56,4.6,2
ORD003672,2025-07-31,CUST00891,19,PROD00324,Home & Kitchen,West,Marketplace,PayPal,Delivered,5,38.65,10,193.25,19.32,173.93,123.12,50.81,6.95,3.9,6
ORD002295,2025-07-31,CUST00102,67,PROD00733,Home & Kitchen,Central,Mobile App,Credit Card,Shipped,2,30.48,30,60.96,18.29,42.67,32.19,10.48,14.15,4.9,4
ORD001979,2025-07-31,CUST01265,31,PROD00449,Sports,East,Website,PayPal,Cancelled,2,29.05,20,58.1,11.62,46.48,31.73,14.75,12.15,3.3,6
ORD002979,2025-08-01,CUST00361,36,PROD00633,Grocery,Central,Website,Cash on Delivery,Delivered,1,20.97,10,20.97,2.1,18.87,8.65,10.22,6.44,4.0,7
ORD002155,2025-08-01,CUST00410,21,PROD00619,Home & Kitchen,Central,Website,Cash on Delivery,Returned,1,81.41,5,81.41,4.07,77.34,51.19,26.15,8.28,5.0,9
ORD001595,2025-08-01,CUST00242,18,PROD00346,Home & Kitchen,South,Mobile App,Bank Transfer,Shipped,2,10.95,15,21.9,3.28,18.62,10.9,7.72,2.78,4.3,5
ORD003710,2025-08-01,CUST01016,66,PROD00072,Grocery,Central,Mobile App,Credit Card,Shipped,5,76.15,10,380.75,38.08,342.67,176.1,166.57,1.68,3.4,1
ORD000954,2025-08-01,CUST01303,69,PROD00373,Home & Kitchen,South,Marketplace,Credit Card,Delivered,3,16.9,5,50.7,2.53,48.17,31.05,17.12,15.39,4.9,8
ORD003284,2025-08-01,CUST00311,32,PROD00523,Electronics,West,Website,Cash on Delivery,Returned,2,90.89,20,181.78,36.36,145.42,77.03,68.39,10.77,3.8,2
ORD003724,2025-08-02,CUST01372,18,PROD00067,Beauty,West,Mobile App,PayPal,Delivered,2,13.21,25,26.42,6.6,19.82,11.18,8.64,10.69,4.4,1
ORD004859,2025-08-02,CUST00841,67,PROD00163,Sports,South,Mobile App,Credit Card,Shipped,4,53.9,15,215.6,32.34,183.26,130.24,53.02,6.08,4.4,9
ORD001904,2025-08-02,CUST01169,67,PROD00549,Home & Kitchen,East,Mobile App,Credit Card,Delivered,3,203.74,25,611.22,152.8,458.42,325.94,132.48,6.8,3.9,7
ORD003690,2025-08-02,CUST00171,47,PROD00452,Home & Kitchen,East,Website,PayPal,Delivered,4,82.43,10,329.72,32.97,296.75,224.13,72.62,8.5,4.9,8
ORD001942,2025-08-03,CUST00628,57,PROD00238,Beauty,West,Marketplace,Debit Card,Returned,3,13.04,5,39.12,1.96,37.16,17.73,19.43,11.55,5.0,9
ORD003431,2025-08-03,CUST01316,48,PROD00758,Electronics,Central,Marketplace,Credit Card,Delivered,2,56.39,15,112.78,16.92,95.86,72.3,23.56,6.49,3.5,6
ORD003908,2025-08-03,CUST01380,54,PROD00427,Electronics,North,Website,Cash on Delivery,Delivered,3,35.59,5,106.77,5.34,101.43,56.64,44.79,5.04,4.8,1
ORD000453,2025-08-03,CUST00230,64,PROD00233,Beauty,West,Mobile App,Credit Card,Delivered,4,26.24,5,104.96,5.25,99.71,70.99,28.72,17.72,3.9,3
ORD003289,2025-08-03,CUST00388,67,PROD00776,Fashion,South,Mobile App,Cash on Delivery,Returned,1,97.17,10,97.17,9.72,87.45,45.03,42.42,11.23,3.4,5
ORD002916,2025-08-03,CUST00374,56,PROD00124,Home & Kitchen,South,Mobile App,Debit Card,Cancelled,2,101.01,0,202.02,0.0,202.02,137.19,64.83,16.32,4.2,6
ORD000728,2025-08-04,CUST00628,32,PROD00725,Home & Kitchen,South,Website,Cash on Delivery,Delivered,5,7.68,15,38.4,5.76,32.64,15.66,16.98,6.55,4.2,1
ORD003239,2025-08-04,CUST01269,41,PROD00252,Fashion,North,Website,Cash on Delivery,Delivered,5,24.74,10,123.7,12.37,111.33,53.87,57.46,5.51,2.9,6
ORD003016,2025-08-04,CUST01285,19,PROD00458,Electronics,Central,Mobile App,Debit Card,Shipped,5,54.85,25,274.25,68.56,205.69,146.33,59.36,1.69,4.7,10
ORD003465,2025-08-04,CUST01499,23,PROD00047,Grocery,Central,Mobile App,PayPal,Delivered,5,60.13,30,300.65,90.2,210.45,130.79,79.66,8.23,4.1,8
ORD004515,2025-08-04,CUST00523,27,PROD00241,Beauty,Central,Marketplace,PayPal,Cancelled,5,28.51,5,142.55,7.13,135.42,100.94,34.48,7.25,4.6,10
ORD001437,2025-08-04,CUST00158,60,PROD00407,Home & Kitchen,North,Website,Bank Transfer,Cancelled,4,29.98,10,119.92,11.99,107.93,68.23,39.7,7.04,4.3,8
ORD001286,2025-08-04,CUST01164,36,PROD00554,Fashion,West,Website,Debit Card,Shipped,1,14.89,15,14.89,2.23,12.66,9.16,3.5,14.27,2.9,6
ORD004882,2025-08-04,CUST00789,70,PROD00415,Fashion,East,Website,PayPal,Shipped,5,119.62,0,598.1,0.0,598.1,456.28,141.82,7.63,2.8,2
ORD004437,2025-08-04,CUST00775,38,PROD00428,Beauty,South,Mobile App,Bank Transfer,Returned,1,62.82,15,62.82,9.42,53.4,40.12,13.28,16.99,3.5,6
ORD002597,2025-08-04,CUST00677,61,PROD00022,Electronics,West,Website,PayPal,Delivered,3,37.6,15,112.8,16.92,95.88,45.11,50.77,10.19,2.2,10
ORD002367,2025-08-04,CUST00834,29,PROD00193,Sports,West,Mobile App,Bank Transfer,Delivered,2,31.34,15,62.68,9.4,53.28,34.07,19.21,12.94,3.7,7
ORD000924,2025-08-04,CUST00100,30,PROD00112,Fashion,East,Website,Cash on Delivery,Delivered,4,10.83,20,43.32,8.66,34.66,16.01,18.65,7.2,3.0,5
ORD001277,2025-08-05,CUST01122,54,PROD00788,Sports,Central,Mobile App,Debit Card,Delivered,2,56.69,15,113.38,17.01,96.37,62.68,33.69,5.88,3.3,7
ORD001775,2025-08-05,CUST00319,47,PROD00017,Home & Kitchen,East,Website,PayPal,Returned,3,55.22,10,165.66,16.57,149.09,83.93,65.16,12.67,3.5,9
ORD000434,2025-08-05,CUST00214,36,PROD00113,Sports,West,Website,Debit Card,Returned,1,25.96,20,25.96,5.19,20.77,14.38,6.39,11.19,4.3,9
ORD003986,2025-08-05,CUST00007,34,PROD00237,Beauty,South,Mobile App,Cash on Delivery,Cancelled,3,173.69,0,521.07,0.0,521.07,390.78,130.29,11.94,3.3,9
ORD000819,2025-08-05,CUST00058,60,PROD00601,Grocery,East,Website,Debit Card,Delivered,5,21.52,15,107.6,16.14,91.46,43.01,48.45,7.57,5.0,1
ORD002341,2025-08-06,CUST00966,68,PROD00377,Home & Kitchen,North,Mobile App,Bank Transfer,Returned,4,11.96,25,47.84,11.96,35.88,20.11,15.77,10.05,4.9,5
ORD001145,2025-08-06,CUST00752,28,PROD00752,Electronics,North,Website,Credit Card,Delivered,3,26.83,15,80.49,12.07,68.42,51.45,16.97,3.7,3.1,2
ORD004533,2025-08-06,CUST00395,55,PROD00750,Electronics,East,Marketplace,Credit Card,Delivered,5,27.03,5,135.15,6.76,128.39,98.53,29.86,17.28,2.7,1
ORD003619,2025-08-07,CUST00097,62,PROD00626,Grocery,Central,Website,Bank Transfer,Cancelled,5,87.74,10,438.7,43.87,394.83,192.8,202.03,16.48,5.0,3
ORD003218,2025-08-07,CUST00382,41,PROD00488,Fashion,North,Mobile App,Credit Card,Delivered,4,22.55,20,90.2,18.04,72.16,36.13,36.03,13.02,3.8,2
ORD004263,2025-08-07,CUST01366,41,PROD00336,Home & Kitchen,South,Website,Debit Card,Delivered,1,22.83,15,22.83,3.42,19.41,12.8,6.61,17.68,5.0,8
ORD002440,2025-08-08,CUST00112,62,PROD00330,Beauty,South,Website,Credit Card,Returned,3,38.55,10,115.65,11.56,104.09,49.75,54.34,7.78,4.3,2
ORD004856,2025-08-08,CUST00894,67,PROD00038,Fashion,West,Mobile App,Debit Card,Shipped,2,86.1,20,172.2,34.44,137.76,106.15,31.61,12.27,3.4,9
ORD000809,2025-08-08,CUST01270,69,PROD00573,Grocery,North,Website,Debit Card,Delivered,4,6.88,0,27.52,0.0,27.52,14.17,13.35,17.93,2.0,3
ORD002782,2025-08-08,CUST01089,45,PROD00548,Electronics,North,Mobile App,Bank Transfer,Returned,4,32.25,15,129.0,19.35,109.65,64.67,44.98,11.35,5.0,5
ORD003506,2025-08-08,CUST00342,18,PROD00542,Sports,North,Website,Bank Transfer,Returned,4,10.23,20,40.92,8.18,32.74,23.54,9.2,9.42,4.3,2
ORD001636,2025-08-09,CUST00571,56,PROD00438,Sports,South,Website,PayPal,Delivered,2,6.62,25,13.24,3.31,9.93,4.96,4.97,14.0,5.0,3
ORD003709,2025-08-09,CUST01276,59,PROD00493,Grocery,West,Website,Bank Transfer,Delivered,5,8.11,20,40.55,8.11,32.44,21.9,10.54,9.57,4.2,1
ORD004644,2025-08-09,CUST00989,37,PROD00025,Beauty,Central,Website,Credit Card,Returned,5,24.17,20,120.85,24.17,96.68,50.72,45.96,11.65,2.7,1
ORD002810,2025-08-09,CUST00304,54,PROD00266,Sports,West,Mobile App,PayPal,Delivered,5,6.2,5,31.0,1.55,29.45,14.92,14.53,14.09,3.7,6
ORD000908,2025-08-09,CUST00517,27,PROD00467,Electronics,West,Website,Credit Card,Shipped,4,25.2,25,100.8,25.2,75.6,47.32,28.28,10.44,4.3,6
ORD000143,2025-08-09,CUST00824,36,PROD00456,Sports,East,Website,Credit Card,Delivered,1,27.0,25,27.0,6.75,20.25,14.29,5.96,14.87,3.5,2
ORD001184,2025-08-09,CUST00606,64,PROD00051,Grocery,Central,Website,Credit Card,Delivered,3,42.29,20,126.87,25.37,101.5,71.72,29.78,11.83,3.7,2
ORD002310,2025-08-10,CUST00372,20,PROD00598,Beauty,South,Website,Cash on Delivery,Delivered,3,46.13,5,138.39,6.92,131.47,59.26,72.21,1.72,4.2,7
ORD004209,2025-08-10,CUST00221,44,PROD00748,Electronics,West,Website,Bank Transfer,Delivered,4,18.59,10,74.36,7.44,66.92,44.39,22.53,9.66,4.2,7
ORD003892,2025-08-10,CUST00072,41,PROD00171,Sports,North,Website,Credit Card,Returned,5,71.86,0,359.3,0.0,359.3,248.28,111.02,4.47,3.4,3
ORD004607,2025-08-11,CUST00363,45,PROD00629,Beauty,South,Mobile App,Bank Transfer,Returned,1,34.79,0,34.79,0.0,34.79,20.59,14.2,12.29,4.3,6
ORD000449,2025-08-11,CUST00147,20,PROD00677,Fashion,North,Mobile App,Debit Card,Delivered,4,128.49,0,513.96,0.0,513.96,368.7,145.26,2.44,4.9,3
ORD002182,2025-08-11,CUST00977,49,PROD00343,Grocery,Central,Marketplace,Credit Card,Delivered,2,37.77,20,75.54,15.11,60.43,40.44,19.99,17.82,4.5,1
ORD000882,2025-08-12,CUST00128,36,PROD00219,Sports,East,Website,Bank Transfer,Delivered,2,46.07,10,92.14,9.21,82.93,61.52,21.41,13.18,4.1,1
ORD001192,2025-08-12,CUST00088,18,PROD00041,Home & Kitchen,East,Mobile App,Debit Card,Delivered,3,36.57,10,109.71,10.97,98.74,59.49,39.25,13.97,3.8,3
ORD000222,2025-08-12,CUST01419,44,PROD00647,Grocery,West,Website,Credit Card,Cancelled,2,135.6,5,271.2,13.56,257.64,166.69,90.95,16.8,4.9,2
ORD003546,2025-08-12,CUST00695,51,PROD00192,Beauty,South,Website,PayPal,Returned,5,12.01,0,60.05,0.0,60.05,27.64,32.41,12.23,5.0,1
ORD000171,2025-08-12,CUST00772,58,PROD00395,Grocery,Central,Marketplace,PayPal,Shipped,5,51.67,15,258.35,38.75,219.6,99.74,119.86,12.22,4.6,9
ORD003708,2025-08-12,CUST01436,28,PROD00143,Sports,North,Website,Debit Card,Returned,4,73.11,15,292.44,43.87,248.57,145.42,103.15,4.82,3.5,8
ORD004848,2025-08-13,CUST00863,47,PROD00746,Fashion,East,Website,Bank Transfer,Delivered,1,21.44,0,21.44,0.0,21.44,12.92,8.52,5.06,5.0,10
ORD001333,2025-08-13,CUST01258,20,PROD00003,Grocery,West,Website,Cash on Delivery,Delivered,3,34.72,0,104.16,0.0,104.16,81.03,23.13,16.85,3.3,10
ORD001435,2025-08-13,CUST00628,47,PROD00054,Fashion,North,Website,Bank Transfer,Returned,1,47.1,10,47.1,4.71,42.39,24.21,18.18,14.09,3.6,4
ORD004793,2025-08-13,CUST00761,61,PROD00444,Home & Kitchen,East,Marketplace,Credit Card,Returned,4,18.57,0,74.28,0.0,74.28,46.37,27.91,12.21,3.9,4
ORD000014,2025-08-13,CUST00923,55,PROD00728,Home & Kitchen,West,Website,Cash on Delivery,Returned,2,121.9,25,243.8,60.95,182.85,132.96,49.89,2.68,4.5,5
ORD000045,2025-08-13,CUST00255,27,PROD00199,Home & Kitchen,East,Marketplace,PayPal,Delivered,1,10.35,15,10.35,1.55,8.8,6.55,2.25,13.07,4.4,9
ORD001906,2025-08-13,CUST00293,42,PROD00687,Electronics,East,Mobile App,Debit Card,Delivered,2,68.93,5,137.86,6.89,130.97,99.42,31.55,17.53,5.0,3
ORD001701,2025-08-13,CUST01427,36,PROD00507,Sports,East,Website,Credit Card,Cancelled,1,23.48,20,23.48,4.7,18.78,14.58,4.2,14.24,4.5,10
ORD000376,2025-08-14,CUST00451,69,PROD00068,Home & Kitchen,Central,Mobile App,Credit Card,Delivered,5,15.04,5,75.2,3.76,71.44,50.72,20.72,13.3,4.1,1
ORD000212,2025-08-14,CUST01069,43,PROD00752,Electronics,Central,Mobile App,Cash on Delivery,Cancelled,5,22.76,10,113.8,11.38,102.42,59.88,42.54,2.82,5.0,2
ORD001428,2025-08-14,CUST00318,27,PROD00133,Sports,South,Marketplace,Debit Card,Shipped,3,37.17,20,111.51,22.3,89.21,41.94,47.27,6.64,3.7,3
ORD001497,2025-08-14,CUST01330,68,PROD00519,Fashion,South,Marketplace,Bank Transfer,Shipped,5,12.54,5,62.7,3.14,59.56,44.05,15.51,11.48,5.0,5
ORD003604,2025-08-14,CUST00695,40,PROD00722,Fashion,West,Marketplace,Debit Card,Returned,4,54.52,0,218.08,0.0,218.08,126.96,91.12,4.58,4.5,1
ORD001063,2025-08-14,CUST01082,19,PROD00256,Home & Kitchen,Central,Mobile App,Bank Transfer,Delivered,1,22.04,15,22.04,3.31,18.73,11.1,7.63,10.91,4.5,1
ORD002484,2025-08-14,CUST00598,18,PROD00280,Grocery,East,Marketplace,Bank Transfer,Delivered,4,32.76,0,131.04,0.0,131.04,97.48,33.56,2.1,2.6,3
ORD000029,2025-08-15,CUST01139,35,PROD00767,Fashion,South,Website,Credit Card,Returned,4,13.48,20,53.92,10.78,43.14,32.59,10.55,17.95,5.0,4
ORD001040,2025-08-15,CUST01378,39,PROD00382,Fashion,West,Mobile App,Cash on Delivery,Cancelled,2,26.2,15,52.4,7.86,44.54,30.89,13.65,12.09,3.6,2
ORD000348,2025-08-15,CUST00775,23,PROD00047,Grocery,Central,Website,PayPal,Delivered,2,17.42,15,34.84,5.23,29.61,18.91,10.7,11.03,4.6,7
ORD003424,2025-08-15,CUST00351,19,PROD00035,Beauty,West,Website,Credit Card,Cancelled,1,19.19,0,19.19,0.0,19.19,13.67,5.52,1.79,3.8,5
ORD001124,2025-08-15,CUST00134,44,PROD00424,Home & Kitchen,South,Marketplace,Bank Transfer,Delivered,4,20.96,0,83.84,0.0,83.84,63.14,20.7,9.52,2.9,1
ORD000842,2025-08-15,CUST00576,46,PROD00666,Fashion,South,Marketplace,PayPal,Returned,4,10.63,15,42.52,6.38,36.14,19.47,16.67,2.01,5.0,2
ORD000027,2025-08-15,CUST00361,68,PROD00365,Sports,South,Marketplace,Bank Transfer,Delivered,5,19.78,20,98.9,19.78,79.12,54.86,24.26,4.08,4.2,7
ORD001632,2025-08-16,CUST00148,61,PROD00607,Grocery,West,Mobile App,Debit Card,Cancelled,4,35.19,10,140.76,14.08,126.68,87.33,39.35,9.75,4.5,3
ORD002506,2025-08-16,CUST00518,68,PROD00177,Grocery,Central,Mobile App,PayPal,Delivered,1,24.96,10,24.96,2.5,22.46,14.17,8.29,7.44,3.3,9
ORD000516,2025-08-16,CUST00762,69,PROD00471,Electronics,Central,Website,Bank Transfer,Cancelled,3,21.86,0,65.58,0.0,65.58,46.0,19.58,17.34,3.6,2
ORD004151,2025-08-16,CUST00727,27,PROD00592,Sports,North,Website,Debit Card,Returned,4,27.65,0,110.6,0.0,110.6,63.27,47.33,16.37,3.5,9
ORD004026,2025-08-17,CUST00214,41,PROD00515,Electronics,North,Marketplace,Credit Card,Cancelled,2,31.12,30,62.24,18.67,43.57,31.18,12.39,12.49,5.0,3
ORD002205,2025-08-17,CUST00112,69,PROD00634,Home & Kitchen,East,Mobile App,Debit Card,Delivered,5,28.8,5,144.0,7.2,136.8,74.16,62.64,5.91,4.4,6
ORD000235,2025-08-17,CUST00742,49,PROD00186,Sports,North,Website,Credit Card,Returned,2,15.05,10,30.1,3.01,27.09,20.71,6.38,11.9,3.5,1
ORD001322,2025-08-17,CUST00258,37,PROD00209,Electronics,Central,Website,Bank Transfer,Returned,5,20.45,15,102.25,15.34,86.91,60.26,26.65,11.94,3.4,3
ORD000101,2025-08-18,CUST01488,62,PROD00027,Home & Kitchen,North,Website,Bank Transfer,Delivered,3,33.86,10,101.58,10.16,91.42,50.88,40.54,10.3,4.8,4
ORD004979,2025-08-18,CUST00725,59,PROD00468,Grocery,West,Mobile App,Cash on Delivery,Shipped,1,59.75,30,59.75,17.92,41.83,32.46,9.37,17.85,4.9,9
ORD003003,2025-08-18,CUST01163,65,PROD00365,Sports,West,Mobile App,Credit Card,Returned,2,119.82,20,239.64,47.93,191.71,142.5,49.21,7.24,4.1,9
ORD001581,2025-08-19,CUST01291,30,PROD00277,Beauty,South,Website,Credit Card,Returned,2,65.94,20,131.88,26.38,105.5,67.39,38.11,10.61,4.0,3
ORD004119,2025-08-19,CUST00648,64,PROD00137,Fashion,North,Website,PayPal,Delivered,1,77.9,20,77.9,15.58,62.32,31.46,30.86,16.49,4.1,2
ORD003470,2025-08-19,CUST01137,22,PROD00028,Grocery,South,Website,PayPal,Cancelled,3,19.35,0,58.05,0.0,58.05,34.28,23.77,10.55,2.5,8
ORD000267,2025-08-19,CUST01334,44,PROD00306,Fashion,South,Website,Credit Card,Returned,1,45.28,25,45.28,11.32,33.96,22.34,11.62,3.14,4.6,3
ORD001940,2025-08-19,CUST01315,19,PROD00012,Fashion,East,Mobile App,PayPal,Returned,3,63.65,0,190.95,0.0,190.95,90.67,100.28,3.85,3.8,1
ORD004331,2025-08-19,CUST01299,55,PROD00078,Home & Kitchen,East,Mobile App,Debit Card,Delivered,1,95.6,10,95.6,9.56,86.04,39.89,46.15,4.2,4.8,3
ORD003290,2025-08-20,CUST00827,58,PROD00275,Grocery,Central,Mobile App,Bank Transfer,Shipped,3,70.9,0,212.7,0.0,212.7,95.76,116.94,5.91,3.3,2
ORD003127,2025-08-20,CUST00905,69,PROD00230,Grocery,Central,Mobile App,Credit Card,Delivered,4,10.1,30,40.4,12.12,28.28,18.85,9.43,6.97,3.2,1
ORD001943,2025-08-20,CUST00661,36,PROD00108,Home & Kitchen,East,Marketplace,Credit Card,Delivered,5,45.77,5,228.85,11.44,217.41,125.04,92.37,4.57,3.2,1
ORD003347,2025-08-20,CUST00890,42,PROD00015,Electronics,East,Mobile App,Bank Transfer,Delivered,2,9.95,5,19.9,1.0,18.9,12.87,6.03,2.87,5.0,3
ORD004509,2025-08-20,CUST00301,57,PROD00394,Home & Kitchen,Central,Website,Debit Card,Delivered,5,57.17,5,285.85,14.29,271.56,174.32,97.24,1.81,3.9,3
ORD001616,2025-08-21,CUST01333,22,PROD00439,Electronics,Central,Mobile App,PayPal,Delivered,5,25.63,0,128.15,0.0,128.15,71.65,56.5,2.65,3.4,7
ORD001800,2025-08-21,CUST01107,30,PROD00402,Beauty,South,Marketplace,Debit Card,Delivered,4,57.56,5,230.24,11.51,218.73,102.03,116.7,4.32,2.3,10
ORD003351,2025-08-21,CUST00853,25,PROD00589,Fashion,North,Website,Credit Card,Delivered,3,14.75,0,44.25,0.0,44.25,27.93,16.32,5.76,4.6,10
ORD001149,2025-08-21,CUST00406,21,PROD00087,Home & Kitchen,West,Website,Cash on Delivery,Shipped,5,48.71,15,243.55,36.53,207.02,102.85,104.17,6.43,2.5,4
ORD004652,2025-08-22,CUST00834,39,PROD00449,Electronics,West,Mobile App,Bank Transfer,Shipped,2,25.21,0,50.42,0.0,50.42,29.75,20.67,17.93,5.0,8
ORD004262,2025-08-22,CUST01410,31,PROD00550,Beauty,North,Marketplace,Cash on Delivery,Cancelled,5,19.76,0,98.8,0.0,98.8,55.65,43.15,17.53,2.5,3
ORD004390,2025-08-22,CUST01394,54,PROD00773,Grocery,Central,Mobile App,Bank Transfer,Returned,3,76.58,10,229.74,22.97,206.77,111.16,95.61,4.63,4.4,8
ORD002272,2025-08-23,CUST00501,68,PROD00160,Home & Kitchen,Central,Website,Debit Card,Delivered,2,61.79,30,123.58,37.07,86.51,39.08,47.43,3.94,3.2,3
ORD002187,2025-08-23,CUST01450,32,PROD00015,Electronics,North,Website,Bank Transfer,Delivered,2,53.29,5,106.58,5.33,101.25,47.33,53.92,15.86,5.0,9
ORD000896,2025-08-24,CUST01394,36,PROD00676,Electronics,North,Marketplace,Credit Card,Returned,5,33.52,25,167.6,41.9,125.7,67.86,57.84,16.06,3.8,9
ORD004901,2025-08-24,CUST00568,66,PROD00605,Fashion,South,Website,PayPal,Shipped,3,28.75,5,86.25,4.31,81.94,62.77,19.17,3.18,3.5,9
ORD003941,2025-08-25,CUST00605,19,PROD00415,Sports,East,Mobile App,Debit Card,Delivered,4,19.03,25,76.12,19.03,57.09,33.02,24.07,10.02,3.1,7
ORD000501,2025-08-25,CUST00453,36,PROD00051,Electronics,East,Website,Cash on Delivery,Cancelled,4,6.07,20,24.28,4.86,19.42,14.93,4.49,9.1,3.8,4
ORD001578,2025-08-25,CUST01123,39,PROD00797,Sports,Central,Marketplace,Bank Transfer,Cancelled,1,23.84,15,23.84,3.58,20.26,12.48,7.78,15.16,4.0,2
ORD002332,2025-08-25,CUST00685,22,PROD00069,Electronics,Central,Mobile App,Bank Transfer,Delivered,4,29.68,25,118.72,29.68,89.04,61.23,27.81,17.98,3.1,3
ORD001674,2025-08-26,CUST01103,39,PROD00312,Beauty,North,Website,Debit Card,Returned,1,100.1,5,100.1,5.0,95.1,61.12,33.98,2.02,3.7,6
ORD000867,2025-08-26,CUST00632,59,PROD00567,Electronics,West,Website,Bank Transfer,Shipped,4,53.34,5,213.36,10.67,202.69,147.05,55.64,12.8,5.0,6
ORD001757,2025-08-26,CUST01332,37,PROD00307,Home & Kitchen,North,Mobile App,Credit Card,Delivered,4,67.65,5,270.6,13.53,257.07,118.58,138.49,8.34,3.7,5
ORD001499,2025-08-26,CUST00665,58,PROD00543,Grocery,North,Website,Cash on Delivery,Delivered,4,36.22,30,144.88,43.46,101.42,65.2,36.22,10.55,5.0,5
ORD000390,2025-08-27,CUST01363,20,PROD00619,Sports,East,Mobile App,Bank Transfer,Delivered,3,83.38,0,250.14,0.0,250.14,119.13,131.01,11.54,4.4,10
ORD004243,2025-08-27,CUST00770,24,PROD00433,Grocery,Central,Website,Credit Card,Shipped,3,44.24,5,132.72,6.64,126.08,94.31,31.77,16.24,5.0,4
ORD001558,2025-08-28,CUST00687,64,PROD00708,Home & Kitchen,North,Mobile App,PayPal,Shipped,3,72.57,10,217.71,21.77,195.94,99.28,96.66,8.61,4.9,7
ORD002092,2025-08-28,CUST00535,40,PROD00475,Beauty,Central,Mobile App,Credit Card,Shipped,3,45.88,30,137.64,41.29,96.35,48.58,47.77,7.32,4.8,1
ORD000497,2025-08-28,CUST01486,32,PROD00186,Electronics,North,Website,Debit Card,Shipped,1,52.98,5,52.98,2.65,50.33,25.52,24.81,17.06,3.1,7
ORD001400,2025-08-28,CUST00586,26,PROD00667,Electronics,West,Website,Credit Card,Shipped,4,53.67,15,214.68,32.2,182.48,110.21,72.27,4.05,4.6,9
ORD000287,2025-08-29,CUST01251,43,PROD00038,Home & Kitchen,South,Marketplace,Credit Card,Delivered,4,39.43,5,157.72,7.89,149.83,95.12,54.71,16.08,5.0,5
ORD000503,2025-08-29,CUST00062,65,PROD00146,Beauty,South,Website,Bank Transfer,Delivered,3,16.57,15,49.71,7.46,42.25,21.69,20.56,16.17,4.1,5
ORD003780,2025-08-29,CUST00389,63,PROD00308,Home & Kitchen,Central,Marketplace,PayPal,Delivered,4,8.6,0,34.4,0.0,34.4,25.84,8.56,15.75,5.0,9
ORD001487,2025-08-29,CUST00692,28,PROD00389,Grocery,South,Mobile App,Cash on Delivery,Cancelled,2,26.64,5,53.28,2.66,50.62,34.48,16.14,9.68,2.9,6
ORD001200,2025-08-30,CUST00040,51,PROD00787,Grocery,North,Website,PayPal,Returned,4,36.43,15,145.72,21.86,123.86,75.01,48.85,10.34,4.3,2
ORD001202,2025-08-30,CUST00256,18,PROD00235,Sports,North,Mobile App,PayPal,Returned,2,71.01,5,142.02,7.1,134.92,71.66,63.26,7.12,4.0,3
ORD004999,2025-08-30,CUST00119,27,PROD00033,Fashion,West,Mobile App,Credit Card,Shipped,1,18.47,30,18.47,5.54,12.93,8.97,3.96,17.76,2.8,1
ORD002109,2025-08-30,CUST00385,54,PROD00750,Sports,Central,Mobile App,Credit Card,Delivered,3,7.92,0,23.76,0.0,23.76,12.93,10.83,3.47,2.0,8
ORD002864,2025-08-30,CUST01044,44,PROD00173,Fashion,West,Website,Debit Card,Cancelled,2,55.25,10,110.5,11.05,99.45,75.98,23.47,4.28,4.4,4
ORD004161,2025-08-30,CUST00144,70,PROD00146,Fashion,West,Mobile App,Cash on Delivery,Returned,5,18.27,10,91.35,9.14,82.21,37.59,44.62,3.88,4.8,6
ORD000135,2025-08-30,CUST00128,21,PROD00301,Electronics,North,Marketplace,Cash on Delivery,Delivered,4,119.03,15,476.12,71.42,404.7,272.39,132.31,7.39,4.3,5
ORD003688,2025-08-30,CUST01410,29,PROD00795,Electronics,Central,Website,Credit Card,Delivered,1,93.34,5,93.34,4.67,88.67,46.29,42.38,7.92,5.0,3
ORD004868,2025-08-30,CUST01111,56,PROD00141,Home & Kitchen,North,Mobile App,Bank Transfer,Delivered,2,27.57,5,55.14,2.76,52.38,25.44,26.94,2.34,2.6,2
ORD004929,2025-08-30,CUST00594,59,PROD00523,Fashion,North,Mobile App,Cash on Delivery,Delivered,2,72.31,10,144.62,14.46,130.16,92.93,37.23,11.83,3.6,3
ORD004681,2025-08-30,CUST00741,30,PROD00475,Sports,North,Mobile App,Credit Card,Shipped,2,28.42,20,56.84,11.37,45.47,34.03,11.44,17.59,3.4,2
ORD001579,2025-08-31,CUST00006,27,PROD00016,Beauty,East,Website,Bank Transfer,Delivered,1,23.83,20,23.83,4.77,19.06,12.4,6.66,8.79,4.4,5
ORD002650,2025-08-31,CUST01220,29,PROD00701,Electronics,West,Website,Debit Card,Cancelled,5,43.28,30,216.4,64.92,151.48,68.62,82.86,13.46,4.5,1
ORD003409,2025-08-31,CUST00893,55,PROD00383,Beauty,Central,Website,PayPal,Delivered,1,17.88,15,17.88,2.68,15.2,7.47,7.73,10.46,3.8,6
ORD004947,2025-08-31,CUST00941,39,PROD00703,Grocery,East,Website,Debit Card,Delivered,3,65.79,0,197.37,0.0,197.37,107.19,90.18,10.24,2.9,6
ORD001297,2025-08-31,CUST00197,63,PROD00202,Fashion,East,Marketplace,PayPal,Shipped,3,76.46,15,229.38,34.41,194.97,135.23,59.74,6.65,4.6,6
ORD003335,2025-08-31,CUST01324,47,PROD00696,Electronics,Central,Mobile App,PayPal,Delivered,2,12.15,15,24.3,3.64,20.66,11.52,9.14,3.18,4.6,10
ORD003890,2025-08-31,CUST00975,45,PROD00732,Electronics,East,Website,Cash on Delivery,Delivered,3,12.92,5,38.76,1.94,36.82,27.89,8.93,15.52,2.9,10
ORD002721,2025-08-31,CUST01325,62,PROD00616,Electronics,North,Mobile App,Credit Card,Delivered,1,20.18,5,20.18,1.01,19.17,8.99,10.18,13.93,4.3,4
ORD003575,2025-09-01,CUST01148,60,PROD00211,Fashion,East,Website,Bank Transfer,Delivered,4,13.83,10,55.32,5.53,49.79,34.6,15.19,11.99,4.0,6
ORD001592,2025-09-01,CUST00757,64,PROD00131,Fashion,North,Website,Cash on Delivery,Delivered,2,15.02,0,30.04,0.0,30.04,21.34,8.7,4.34,4.2,7
ORD001194,2025-09-01,CUST00190,60,PROD00678,Beauty,South,Website,Cash on Delivery,Delivered,3,26.08,15,78.24,11.74,66.5,30.67,35.83,13.34,3.4,7
ORD003987,2025-09-01,CUST00388,20,PROD00587,Sports,Central,Marketplace,Bank Transfer,Shipped,4,27.41,0,109.64,0.0,109.64,76.45,33.19,12.55,3.6,9
ORD004620,2025-09-01,CUST01362,23,PROD00350,Electronics,South,Mobile App,Credit Card,Returned,2,65.2,20,130.4,26.08,104.32,77.84,26.48,9.99,4.9,6
ORD004125,2025-09-02,CUST01303,49,PROD00651,Fashion,South,Marketplace,PayPal,Delivered,1,69.0,30,69.0,20.7,48.3,32.01,16.29,14.14,4.2,3
ORD001071,2025-09-02,CUST00896,18,PROD00517,Home & Kitchen,South,Website,Cash on Delivery,Delivered,1,50.44,30,50.44,15.13,35.31,27.49,7.82,17.04,3.9,9
ORD003706,2025-09-02,CUST00533,53,PROD00652,Fashion,South,Mobile App,Cash on Delivery,Shipped,1,77.64,0,77.64,0.0,77.64,53.71,23.93,2.04,3.6,3
ORD000025,2025-09-02,CUST00135,54,PROD00724,Fashion,North,Website,PayPal,Delivered,2,13.27,0,26.54,0.0,26.54,19.1,7.44,5.98,4.3,8
ORD002410,2025-09-03,CUST00140,62,PROD00061,Sports,Central,Mobile App,Bank Transfer,Cancelled,4,25.17,0,100.68,0.0,100.68,62.9,37.78,5.21,5.0,5
ORD003094,2025-09-03,CUST00449,27,PROD00036,Home & Kitchen,West,Website,PayPal,Cancelled,5,17.0,10,85.0,8.5,76.5,51.38,25.12,15.53,4.8,1
ORD003930,2025-09-03,CUST01400,20,PROD00405,Fashion,North,Mobile App,Debit Card,Shipped,5,12.44,5,62.2,3.11,59.09,33.73,25.36,4.36,4.1,10
ORD002631,2025-09-03,CUST01245,52,PROD00505,Electronics,North,Marketplace,Debit Card,Shipped,3,31.12,30,93.36,28.01,65.35,30.78,34.57,7.19,5.0,6
ORD004199,2025-09-04,CUST01008,61,PROD00123,Home & Kitchen,Central,Mobile App,Credit Card,Cancelled,3,16.83,15,50.49,7.57,42.92,29.14,13.78,10.35,3.7,6
ORD001401,2025-09-04,CUST00672,66,PROD00200,Home & Kitchen,West,Mobile App,Debit Card,Cancelled,4,18.73,10,74.92,7.49,67.43,42.78,24.65,6.3,4.7,8
ORD001742,2025-09-04,CUST00673,37,PROD00126,Grocery,Central,Website,Credit Card,Delivered,1,24.53,25,24.53,6.13,18.4,10.94,7.46,7.27,5.0,1
ORD000405,2025-09-04,CUST00274,59,PROD00223,Home & Kitchen,East,Website,Bank Transfer,Returned,4,25.26,0,101.04,0.0,101.04,55.53,45.51,6.53,5.0,6
ORD003808,2025-09-05,CUST00266,70,PROD00020,Electronics,South,Website,PayPal,Shipped,5,15.78,15,78.9,11.83,67.07,52.15,14.92,15.91,2.9,3
ORD004154,2025-09-05,CUST01181,40,PROD00231,Fashion,Central,Mobile App,Credit Card,Delivered,5,36.31,20,181.55,36.31,145.24,110.93,34.31,1.8,4.2,7
ORD002793,2025-09-05,CUST00504,18,PROD00663,Beauty,West,Mobile App,Debit Card,Delivered,5,14.91,0,74.55,0.0,74.55,37.24,37.31,11.99,5.0,5
ORD004847,2025-09-05,CUST00968,46,PROD00514,Home & Kitchen,East,Website,Bank Transfer,Delivered,5,13.2,0,66.0,0.0,66.0,32.21,33.79,2.12,4.2,1
ORD002992,2025-09-06,CUST00554,34,PROD00258,Fashion,South,Website,Cash on Delivery,Delivered,5,84.0,15,420.0,63.0,357.0,177.98,179.02,15.18,3.5,3
ORD002370,2025-09-06,CUST00722,47,PROD00429,Home & Kitchen,West,Website,Cash on Delivery,Delivered,3,146.93,10,440.79,44.08,396.71,266.74,129.97,3.2,4.1,8
ORD001731,2025-09-06,CUST01442,69,PROD00038,Home & Kitchen,East,Marketplace,Bank Transfer,Returned,5,48.87,15,244.35,36.65,207.7,105.0,102.7,8.29,5.0,2
ORD002888,2025-09-06,CUST00167,31,PROD00216,Grocery,South,Mobile App,Bank Transfer,Cancelled,1,12.63,5,12.63,0.63,12.0,7.35,4.65,12.38,5.0,1
ORD000258,2025-09-07,CUST00737,22,PROD00003,Home & Kitchen,North,Mobile App,Bank Transfer,Shipped,2,52.54,25,105.08,26.27,78.81,60.3,18.51,12.25,3.2,6
ORD001017,2025-09-07,CUST00419,59,PROD00196,Beauty,Central,Mobile App,Debit Card,Shipped,5,56.04,10,280.2,28.02,252.18,121.78,130.4,6.59,4.2,10
ORD002304,2025-09-07,CUST00944,70,PROD00314,Beauty,Central,Website,Bank Transfer,Cancelled,1,74.18,5,74.18,3.71,70.47,51.9,18.57,15.0,4.0,6
ORD003790,2025-09-07,CUST00239,29,PROD00489,Home & Kitchen,Central,Mobile App,Debit Card,Delivered,1,26.95,0,26.95,0.0,26.95,12.67,14.28,12.5,3.1,1
ORD001080,2025-09-07,CUST01188,21,PROD00583,Beauty,East,Marketplace,Cash on Delivery,Delivered,5,9.9,15,49.5,7.42,42.08,26.72,15.36,5.9,3.7,2
ORD004233,2025-09-07,CUST00092,63,PROD00524,Electronics,East,Mobile App,Cash on Delivery,Delivered,2,5.91,10,11.82,1.18,10.64,6.66,3.98,12.06,4.2,4
ORD002298,2025-09-08,CUST00695,66,PROD00164,Electronics,South,Mobile App,Debit Card,Delivered,1,113.94,10,113.94,11.39,102.55,69.15,33.4,9.45,4.3,7
ORD004068,2025-09-08,CUST01320,19,PROD00355,Electronics,East,Mobile App,Cash on Delivery,Delivered,2,25.87,0,51.74,0.0,51.74,37.18,14.56,9.36,3.6,6
ORD001847,2025-09-08,CUST01443,40,PROD00013,Beauty,Central,Marketplace,Debit Card,Delivered,4,39.37,10,157.48,15.75,141.73,89.31,52.42,2.63,3.7,5
ORD001109,2025-09-08,CUST00880,39,PROD00136,Sports,North,Mobile App,Bank Transfer,Delivered,3,30.97,0,92.91,0.0,92.91,42.56,50.35,3.94,3.7,4
ORD000163,2025-09-08,CUST00167,25,PROD00502,Fashion,South,Marketplace,Bank Transfer,Delivered,1,115.78,5,115.78,5.79,109.99,80.16,29.83,5.99,3.8,5
ORD002872,2025-09-09,CUST00974,23,PROD00741,Electronics,North,Website,Credit Card,Cancelled,4,5.72,20,22.88,4.58,18.3,12.82,5.48,13.99,3.4,1
ORD000860,2025-09-09,CUST00201,25,PROD00427,Electronics,North,Website,Credit Card,Returned,5,87.98,5,439.9,22.0,417.9,248.67,169.23,7.97,3.4,3
ORD001105,2025-09-09,CUST00422,33,PROD00215,Home & Kitchen,North,Marketplace,PayPal,Shipped,2,143.85,15,287.7,43.16,244.54,136.95,107.59,8.83,5.0,6
ORD001825,2025-09-09,CUST01318,20,PROD00771,Sports,East,Mobile App,Debit Card,Cancelled,4,185.19,25,740.76,185.19,555.57,301.42,254.15,2.51,4.8,10
ORD004930,2025-09-10,CUST01257,56,PROD00658,Sports,North,Website,PayPal,Cancelled,5,20.8,15,104.0,15.6,88.4,47.51,40.89,4.38,3.2,4
ORD001646,2025-09-10,CUST01292,24,PROD00047,Electronics,East,Website,Bank Transfer,Delivered,3,51.53,30,154.59,46.38,108.21,67.17,41.04,13.51,4.6,5
ORD002163,2025-09-10,CUST00287,69,PROD00561,Beauty,North,Mobile App,Bank Transfer,Delivered,1,19.87,15,19.87,2.98,16.89,9.22,7.67,9.12,4.9,9
ORD003990,2025-09-10,CUST00042,18,PROD00590,Electronics,East,Website,PayPal,Delivered,1,28.03,20,28.03,5.61,22.42,16.49,5.93,12.23,4.7,7
ORD000600,2025-09-10,CUST01310,62,PROD00077,Sports,East,Website,Bank Transfer,Delivered,5,58.82,15,294.1,44.12,249.98,177.24,72.74,15.89,5.0,3
ORD000611,2025-09-10,CUST01216,28,PROD00090,Home & Kitchen,South,Marketplace,Cash on Delivery,Delivered,3,30.48,0,91.44,0.0,91.44,62.89,28.55,17.87,4.5,8
ORD001193,2025-09-10,CUST01374,37,PROD00486,Sports,Central,Mobile App,Credit Card,Delivered,2,22.83,5,45.66,2.28,43.38,24.38,19.0,9.25,3.6,9
ORD003978,2025-09-11,CUST00219,33,PROD00267,Grocery,North,Mobile App,Cash on Delivery,Shipped,1,95.62,0,95.62,0.0,95.62,62.28,33.34,16.99,3.1,2
ORD001315,2025-09-11,CUST01258,62,PROD00067,Sports,Central,Mobile App,Cash on Delivery,Cancelled,4,68.44,0,273.76,0.0,273.76,192.06,81.7,5.5,4.6,5
ORD002132,2025-09-11,CUST01283,61,PROD00600,Grocery,West,Mobile App,Debit Card,Returned,4,17.84,0,71.36,0.0,71.36,36.41,34.95,7.9,4.0,10
ORD000843,2025-09-11,CUST00842,56,PROD00772,Home & Kitchen,North,Mobile App,Debit Card,Cancelled,4,64.2,10,256.8,25.68,231.12,119.14,111.98,9.43,3.9,10
ORD001969,2025-09-11,CUST00933,19,PROD00279,Electronics,South,Website,PayPal,Shipped,3,57.09,25,171.27,42.82,128.45,59.7,68.75,17.27,4.1,4
ORD003697,2025-09-12,CUST00341,18,PROD00175,Grocery,West,Mobile App,PayPal,Returned,1,23.48,10,23.48,2.35,21.13,15.16,5.97,9.27,3.6,3
ORD002524,2025-09-12,CUST01497,39,PROD00397,Home & Kitchen,South,Website,PayPal,Cancelled,1,13.06,20,13.06,2.61,10.45,7.93,2.52,3.63,3.9,9
ORD001103,2025-09-12,CUST00292,19,PROD00327,Home & Kitchen,West,Website,Cash on Delivery,Delivered,5,55.38,0,276.9,0.0,276.9,212.04,64.86,5.89,4.2,1
ORD002301,2025-09-12,CUST00740,46,PROD00778,Electronics,East,Website,Bank Transfer,Delivered,2,29.69,15,59.38,8.91,50.47,35.95,14.52,12.6,3.5,4
ORD004073,2025-09-12,CUST00218,52,PROD00307,Beauty,Central,Marketplace,PayPal,Returned,4,19.34,30,77.36,23.21,54.15,29.55,24.6,1.88,4.4,10
ORD004444,2025-09-13,CUST01411,19,PROD00387,Fashion,West,Marketplace,Credit Card,Delivered,3,32.68,0,98.04,0.0,98.04,52.6,45.44,13.69,3.6,8
ORD001542,2025-09-13,CUST00930,44,PROD00339,Fashion,West,Website,PayPal,Shipped,1,25.26,15,25.26,3.79,21.47,12.33,9.14,4.59,4.1,4
ORD001186,2025-09-14,CUST01444,61,PROD00388,Fashion,East,Marketplace,Credit Card,Shipped,3,47.35,0,142.05,0.0,142.05,69.45,72.6,6.75,2.6,1
ORD001672,2025-09-14,CUST00265,67,PROD00210,Electronics,North,Marketplace,Credit Card,Delivered,5,12.15,5,60.75,3.04,57.71,43.68,14.03,17.62,2.3,5
ORD000922,2025-09-14,CUST00290,47,PROD00759,Grocery,West,Mobile App,Cash on Delivery,Delivered,1,41.43,5,41.43,2.07,39.36,21.3,18.06,9.86,2.9,2
ORD002488,2025-09-14,CUST00006,64,PROD00738,Electronics,West,Website,Credit Card,Returned,5,27.07,15,135.35,20.3,115.05,89.11,25.94,15.46,4.6,6
ORD003332,2025-09-14,CUST00307,56,PROD00405,Electronics,South,Website,Cash on Delivery,Returned,5,26.88,25,134.4,33.6,100.8,68.71,32.09,16.61,3.1,7
ORD002395,2025-09-14,CUST01187,28,PROD00246,Grocery,North,Website,Debit Card,Delivered,1,15.02,10,15.02,1.5,13.52,7.09,6.43,7.78,3.5,4
ORD001301,2025-09-15,CUST01455,30,PROD00354,Fashion,East,Website,Credit Card,Shipped,1,126.73,10,126.73,12.67,114.06,58.77,55.29,13.19,3.8,7
ORD001807,2025-09-15,CUST00462,65,PROD00598,Beauty,East,Marketplace,PayPal,Shipped,2,52.55,15,105.1,15.76,89.34,47.53,41.81,8.16,4.1,4
ORD004286,2025-09-15,CUST00394,61,PROD00111,Beauty,North,Mobile App,Credit Card,Delivered,4,24.85,10,99.4,9.94,89.46,48.43,41.03,13.25,4.3,7
ORD001256,2025-09-15,CUST00119,34,PROD00428,Beauty,East,Marketplace,Debit Card,Delivered,1,2.65,15,2.65,0.4,2.25,1.34,0.91,14.63,3.4,8
ORD002496,2025-09-16,CUST00754,51,PROD00273,Fashion,Central,Mobile App,Debit Card,Delivered,3,86.64,10,259.92,25.99,233.93,169.99,63.94,4.81,4.2,9
ORD002928,2025-09-16,CUST01279,60,PROD00593,Home & Kitchen,Central,Mobile App,Cash on Delivery,Returned,3,12.36,5,37.08,1.85,35.23,25.08,10.15,11.9,2.5,4
ORD001091,2025-09-16,CUST01447,24,PROD00222,Electronics,West,Mobile App,Bank Transfer,Delivered,5,11.73,5,58.65,2.93,55.72,37.75,17.97,9.18,3.7,3
ORD000905,2025-09-16,CUST01338,39,PROD00232,Sports,South,Website,PayPal,Shipped,1,72.75,20,72.75,14.55,58.2,39.66,18.54,2.02,5.0,7
ORD000579,2025-09-16,CUST01287,49,PROD00556,Fashion,East,Website,Credit Card,Delivered,3,25.43,0,76.29,0.0,76.29,43.68,32.61,1.61,2.8,4
ORD003568,2025-09-16,CUST01346,62,PROD00321,Sports,East,Website,Cash on Delivery,Shipped,4,16.87,20,67.48,13.5,53.98,35.02,18.96,15.35,4.1,6
ORD004818,2025-09-16,CUST00429,22,PROD00255,Home & Kitchen,South,Mobile App,Credit Card,Returned,4,19.38,0,77.52,0.0,77.52,53.15,24.37,14.69,2.9,6
ORD002271,2025-09-16,CUST00443,65,PROD00474,Home & Kitchen,West,Website,Debit Card,Delivered,5,41.35,15,206.75,31.01,175.74,121.56,54.18,15.56,5.0,3
ORD003533,2025-09-17,CUST00423,59,PROD00104,Electronics,West,Website,Debit Card,Cancelled,2,11.62,10,23.24,2.32,20.92,15.21,5.71,11.73,3.3,5
ORD002755,2025-09-17,CUST00430,19,PROD00588,Beauty,Central,Website,Credit Card,Delivered,5,29.13,10,145.65,14.56,131.09,98.57,32.52,2.2,3.4,2
ORD003770,2025-09-17,CUST01128,70,PROD00044,Home & Kitchen,North,Mobile App,Credit Card,Delivered,3,12.04,10,36.12,3.61,32.51,21.42,11.09,6.92,4.2,8
ORD004660,2025-09-18,CUST00322,41,PROD00147,Electronics,South,Website,Bank Transfer,Delivered,2,79.72,0,159.44,0.0,159.44,98.62,60.82,16.65,5.0,7
ORD000311,2025-09-18,CUST00949,64,PROD00073,Fashion,North,Mobile App,Bank Transfer,Returned,3,26.46,20,79.38,15.88,63.5,35.02,28.48,14.19,4.2,5
ORD003628,2025-09-18,CUST00378,21,PROD00207,Fashion,Central,Website,Debit Card,Returned,3,92.42,0,277.26,0.0,277.26,147.4,129.86,14.22,3.7,10
ORD001935,2025-09-18,CUST00550,20,PROD00784,Grocery,South,Website,Bank Transfer,Delivered,2,9.47,0,18.94,0.0,18.94,13.12,5.82,9.51,2.8,9
ORD004316,2025-09-18,CUST00323,21,PROD00511,Electronics,East,Mobile App,Bank Transfer,Returned,4,118.84,15,475.36,71.3,404.06,197.36,206.7,4.97,3.8,5
ORD000844,2025-09-19,CUST00744,32,PROD00487,Sports,Central,Website,Credit Card,Shipped,3,159.18,25,477.54,119.38,358.16,220.78,137.38,14.63,5.0,8
ORD003142,2025-09-19,CUST00386,69,PROD00523,Sports,West,Website,Debit Card,Delivered,5,36.52,30,182.6,54.78,127.82,65.3,62.52,12.26,2.5,6
ORD001661,2025-09-19,CUST00451,66,PROD00238,Grocery,Central,Mobile App,Debit Card,Cancelled,1,78.78,0,78.78,0.0,78.78,57.24,21.54,10.93,4.0,1
ORD000304,2025-09-19,CUST01469,34,PROD00365,Sports,West,Mobile App,Cash on Delivery,Delivered,1,18.54,5,18.54,0.93,17.61,10.41,7.2,4.53,3.6,7
ORD000789,2025-09-19,CUST01250,67,PROD00796,Home & Kitchen,South,Website,Debit Card,Returned,4,50.5,20,202.0,40.4,161.6,117.75,43.85,10.23,3.5,8
ORD000255,2025-09-19,CUST01143,37,PROD00597,Beauty,North,Website,Debit Card,Delivered,2,39.22,15,78.44,11.77,66.67,50.02,16.65,14.97,3.2,5
ORD003047,2025-09-20,CUST00413,58,PROD00005,Grocery,West,Marketplace,Bank Transfer,Delivered,4,21.58,0,86.32,0.0,86.32,53.3,33.02,13.59,4.5,4
ORD001252,2025-09-20,CUST00319,35,PROD00150,Home & Kitchen,Central,Website,Cash on Delivery,Delivered,5,18.4,10,92.0,9.2,82.8,58.28,24.52,17.02,3.8,3
ORD003646,2025-09-20,CUST01028,33,PROD00020,Beauty,Central,Website,PayPal,Returned,5,25.28,15,126.4,18.96,107.44,60.23,47.21,11.1,3.6,5
ORD004666,2025-09-20,CUST00250,65,PROD00547,Home & Kitchen,West,Mobile App,PayPal,Delivered,3,31.65,20,94.95,18.99,75.96,42.41,33.55,14.58,3.7,3
ORD001375,2025-09-20,CUST00102,53,PROD00412,Home & Kitchen,North,Website,Bank Transfer,Cancelled,3,35.16,15,105.48,15.82,89.66,64.65,25.01,7.73,4.6,2
ORD001799,2025-09-20,CUST00351,46,PROD00005,Grocery,North,Marketplace,PayPal,Returned,4,63.2,0,252.8,0.0,252.8,162.06,90.74,8.84,3.1,3
ORD001094,2025-09-21,CUST00488,19,PROD00763,Sports,North,Website,PayPal,Returned,4,70.8,10,283.2,28.32,254.88,156.02,98.86,3.69,3.1,4
ORD001868,2025-09-21,CUST01045,54,PROD00468,Home & Kitchen,West,Marketplace,Credit Card,Returned,1,28.33,10,28.33,2.83,25.5,13.2,12.3,6.94,3.0,1
ORD001097,2025-09-21,CUST00567,37,PROD00793,Beauty,Central,Marketplace,Debit Card,Returned,2,39.35,5,78.7,3.94,74.76,53.7,21.06,6.17,4.2,2
ORD000058,2025-09-22,CUST00669,26,PROD00699,Home & Kitchen,South,Website,Credit Card,Shipped,2,90.68,20,181.36,36.27,145.09,106.93,38.16,4.38,5.0,7
ORD002612,2025-09-22,CUST00707,33,PROD00597,Electronics,Central,Mobile App,PayPal,Shipped,3,41.52,25,124.56,31.14,93.42,51.56,41.86,13.41,4.3,6
ORD000342,2025-09-23,CUST01136,46,PROD00698,Beauty,Central,Mobile App,Cash on Delivery,Cancelled,4,54.45,0,217.8,0.0,217.8,103.77,114.03,14.1,3.6,10
ORD000808,2025-09-23,CUST00225,60,PROD00714,Electronics,South,Mobile App,Cash on Delivery,Delivered,1,10.22,10,10.22,1.02,9.2,5.92,3.28,6.39,3.8,5
ORD000554,2025-09-23,CUST00338,51,PROD00023,Fashion,Central,Website,Credit Card,Delivered,3,48.69,10,146.07,14.61,131.46,94.64,36.82,16.85,4.8,3
ORD002079,2025-09-24,CUST01375,54,PROD00371,Home & Kitchen,Central,Mobile App,Bank Transfer,Shipped,1,29.72,25,29.72,7.43,22.29,13.3,8.99,17.86,4.1,9
ORD002456,2025-09-24,CUST00800,38,PROD00206,Home & Kitchen,West,Website,Cash on Delivery,Returned,4,22.52,5,90.08,4.5,85.58,66.69,18.89,17.26,3.5,8
ORD001004,2025-09-24,CUST00079,69,PROD00500,Beauty,North,Mobile App,Debit Card,Delivered,5,46.94,25,234.7,58.68,176.02,117.34,58.68,8.02,3.8,2
ORD001683,2025-09-25,CUST01464,37,PROD00236,Grocery,East,Marketplace,Cash on Delivery,Cancelled,4,16.04,0,64.16,0.0,64.16,44.38,19.78,17.42,2.3,4
ORD004683,2025-09-25,CUST00774,48,PROD00376,Fashion,North,Website,PayPal,Shipped,1,9.28,5,9.28,0.46,8.82,5.97,2.85,16.9,5.0,10
ORD004964,2025-09-25,CUST00895,51,PROD00066,Home & Kitchen,East,Mobile App,Bank Transfer,Returned,1,58.97,25,58.97,14.74,44.23,22.31,21.92,6.01,3.6,5
ORD001697,2025-09-25,CUST00396,67,PROD00175,Sports,East,Marketplace,Credit Card,Delivered,2,21.29,20,42.58,8.52,34.06,16.56,17.5,15.92,3.5,5
ORD002620,2025-09-25,CUST00431,35,PROD00024,Sports,Central,Mobile App,Debit Card,Cancelled,1,22.61,30,22.61,6.78,15.83,7.39,8.44,2.06,2.9,6
ORD004216,2025-09-25,CUST00801,28,PROD00050,Fashion,South,Website,Cash on Delivery,Delivered,3,35.43,5,106.29,5.31,100.98,55.91,45.07,8.79,4.7,4
ORD003574,2025-09-25,CUST01201,24,PROD00547,Home & Kitchen,North,Website,Bank Transfer,Delivered,3,53.39,20,160.17,32.03,128.14,91.21,36.93,14.2,5.0,1
ORD003147,2025-09-26,CUST00510,51,PROD00621,Home & Kitchen,North,Website,Credit Card,Returned,1,22.13,15,22.13,3.32,18.81,14.11,4.7,2.06,3.1,8
ORD004224,2025-09-26,CUST00629,40,PROD00793,Grocery,Central,Mobile App,PayPal,Shipped,4,11.83,25,47.32,11.83,35.49,21.11,14.38,11.14,4.2,10
ORD003663,2025-09-27,CUST01294,47,PROD00321,Beauty,East,Mobile App,Bank Transfer,Delivered,2,31.16,0,62.32,0.0,62.32,39.41,22.91,7.74,4.1,4
ORD002221,2025-09-27,CUST00952,70,PROD00417,Grocery,North,Mobile App,PayPal,Cancelled,2,13.29,10,26.58,2.66,23.92,13.37,10.55,6.41,5.0,9
ORD001562,2025-09-27,CUST00210,43,PROD00169,Grocery,Central,Website,Debit Card,Shipped,2,153.74,0,307.48,0.0,307.48,177.24,130.24,13.16,4.0,2
ORD002390,2025-09-27,CUST01103,20,PROD00750,Grocery,South,Marketplace,Credit Card,Cancelled,2,42.09,0,84.18,0.0,84.18,55.57,28.61,9.7,3.4,3
ORD004163,2025-09-28,CUST00278,51,PROD00067,Electronics,North,Website,Bank Transfer,Delivered,3,41.23,5,123.69,6.18,117.51,88.95,28.56,9.45,4.3,10
ORD003958,2025-09-28,CUST00731,54,PROD00506,Sports,Central,Website,Credit Card,Delivered,2,28.81,25,57.62,14.4,43.22,26.65,16.57,11.06,2.4,6
ORD003429,2025-09-28,CUST00190,25,PROD00284,Fashion,Central,Website,PayPal,Cancelled,4,179.83,5,719.32,35.97,683.35,510.7,172.65,1.53,3.2,6
ORD004124,2025-09-28,CUST01306,21,PROD00468,Home & Kitchen,East,Marketplace,PayPal,Cancelled,1,20.08,15,20.08,3.01,17.07,11.57,5.5,1.99,4.1,8
ORD004788,2025-09-28,CUST00261,47,PROD00545,Sports,West,Mobile App,Bank Transfer,Delivered,4,86.33,0,345.32,0.0,345.32,263.2,82.12,8.2,2.7,6
ORD000301,2025-09-29,CUST01093,38,PROD00579,Fashion,Central,Website,Debit Card,Delivered,1,29.08,10,29.08,2.91,26.17,17.93,8.24,12.78,4.2,9
ORD000891,2025-09-29,CUST01384,18,PROD00577,Fashion,North,Mobile App,Cash on Delivery,Delivered,3,18.99,5,56.97,2.85,54.12,26.37,27.75,6.28,5.0,1
ORD000307,2025-09-30,CUST00457,51,PROD00115,Beauty,South,Mobile App,Credit Card,Delivered,3,61.67,5,185.01,9.25,175.76,97.56,78.2,17.56,3.8,2
ORD004089,2025-09-30,CUST00316,65,PROD00750,Beauty,North,Mobile App,Debit Card,Returned,3,81.1,0,243.3,0.0,243.3,136.68,106.62,10.66,4.7,4
ORD002603,2025-09-30,CUST01438,27,PROD00125,Fashion,West,Website,Bank Transfer,Cancelled,2,10.72,10,21.44,2.14,19.3,14.93,4.37,11.5,4.4,4
ORD000847,2025-09-30,CUST01471,63,PROD00363,Beauty,East,Mobile App,Bank Transfer,Delivered,4,22.43,15,89.72,13.46,76.26,50.74,25.52,15.41,3.0,5
ORD001601,2025-10-01,CUST00968,35,PROD00765,Fashion,North,Marketplace,Debit Card,Delivered,1,61.18,0,61.18,0.0,61.18,41.17,20.01,3.72,3.8,3
ORD002492,2025-10-01,CUST00856,50,PROD00150,Sports,Central,Website,Debit Card,Returned,3,30.3,5,90.9,4.54,86.36,46.23,40.13,9.12,5.0,10
ORD004395,2025-10-01,CUST01436,56,PROD00101,Electronics,North,Mobile App,Credit Card,Shipped,1,78.13,0,78.13,0.0,78.13,48.62,29.51,10.65,2.5,6
ORD001463,2025-10-01,CUST01289,60,PROD00006,Sports,South,Mobile App,Debit Card,Shipped,3,34.82,5,104.46,5.22,99.24,53.76,45.48,7.42,3.7,8
ORD001689,2025-10-02,CUST00833,48,PROD00248,Electronics,South,Website,Debit Card,Delivered,1,51.99,20,51.99,10.4,41.59,27.57,14.02,4.07,4.8,6
ORD002901,2025-10-03,CUST00517,47,PROD00048,Grocery,North,Website,Credit Card,Returned,5,83.93,10,419.65,41.96,377.69,285.24,92.45,12.68,4.0,1
ORD002551,2025-10-03,CUST00056,40,PROD00369,Home & Kitchen,South,Mobile App,Bank Transfer,Shipped,2,11.93,10,23.86,2.39,21.47,14.79,6.68,4.81,4.7,7
ORD000792,2025-10-03,CUST00221,24,PROD00003,Sports,West,Mobile App,PayPal,Delivered,1,38.32,20,38.32,7.66,30.66,23.24,7.42,16.36,3.6,7
ORD003109,2025-10-03,CUST00415,67,PROD00797,Fashion,South,Mobile App,PayPal,Cancelled,1,38.59,30,38.59,11.58,27.01,15.08,11.93,12.79,3.2,5
ORD000943,2025-10-03,CUST00139,34,PROD00470,Home & Kitchen,Central,Marketplace,PayPal,Delivered,3,26.36,5,79.08,3.95,75.13,39.27,35.86,4.56,2.9,7
ORD001617,2025-10-04,CUST01319,53,PROD00347,Beauty,North,Mobile App,Debit Card,Delivered,4,65.22,5,260.88,13.04,247.84,175.46,72.38,6.04,4.4,9
ORD000849,2025-10-04,CUST00249,63,PROD00506,Grocery,West,Website,Cash on Delivery,Shipped,4,8.23,15,32.92,4.94,27.98,12.9,15.08,4.91,4.5,1
ORD003339,2025-10-04,CUST00952,18,PROD00402,Grocery,North,Mobile App,PayPal,Shipped,5,21.6,30,108.0,32.4,75.6,58.07,17.53,13.25,3.1,2
ORD001248,2025-10-04,CUST00127,64,PROD00206,Home & Kitchen,North,Marketplace,Debit Card,Delivered,2,10.61,20,21.22,4.24,16.98,10.57,6.41,14.69,3.4,3
ORD002589,2025-10-04,CUST00262,49,PROD00308,Grocery,West,Mobile App,PayPal,Delivered,3,46.14,15,138.42,20.76,117.66,89.72,27.94,2.34,5.0,7
ORD001511,2025-10-05,CUST01118,29,PROD00471,Home & Kitchen,West,Marketplace,Credit Card,Returned,4,70.75,0,283.0,0.0,283.0,208.92,74.08,2.62,4.4,3
ORD004006,2025-10-05,CUST00801,38,PROD00601,Home & Kitchen,East,Mobile App,Credit Card,Cancelled,2,29.43,5,58.86,2.94,55.92,37.14,18.78,13.55,2.6,5
ORD000406,2025-10-05,CUST00365,21,PROD00252,Grocery,North,Website,PayPal,Shipped,4,25.07,5,100.28,5.01,95.27,45.0,50.27,8.91,4.9,9
ORD001308,2025-10-05,CUST01267,34,PROD00733,Home & Kitchen,West,Website,Credit Card,Cancelled,2,15.72,10,31.44,3.14,28.3,17.01,11.29,7.48,4.3,1
ORD000346,2025-10-05,CUST01302,62,PROD00001,Sports,West,Mobile App,PayPal,Returned,5,26.61,0,133.05,0.0,133.05,80.61,52.44,4.12,3.2,10
ORD004524,2025-10-05,CUST01184,51,PROD00723,Beauty,West,Marketplace,Bank Transfer,Returned,5,10.32,5,51.6,2.58,49.02,35.1,13.92,8.45,3.9,7
ORD000852,2025-10-05,CUST01162,20,PROD00245,Beauty,Central,Website,Debit Card,Cancelled,3,40.29,15,120.87,18.13,102.74,59.07,43.67,16.98,4.3,5
ORD001550,2025-10-06,CUST00259,39,PROD00708,Fashion,North,Marketplace,PayPal,Cancelled,5,52.49,0,262.45,0.0,262.45,190.85,71.6,15.09,3.3,3
ORD000919,2025-10-06,CUST00769,38,PROD00635,Electronics,South,Marketplace,Credit Card,Delivered,3,27.68,5,83.04,4.15,78.89,50.81,28.08,8.74,2.5,1
ORD002124,2025-10-06,CUST00108,56,PROD00245,Grocery,West,Website,Credit Card,Shipped,4,98.12,10,392.48,39.25,353.23,233.62,119.61,9.5,4.4,7
ORD003373,2025-10-07,CUST01495,56,PROD00062,Fashion,South,Website,Cash on Delivery,Cancelled,1,29.66,5,29.66,1.48,28.18,20.02,8.16,5.44,3.9,8
ORD001817,2025-10-07,CUST00094,19,PROD00047,Home & Kitchen,South,Mobile App,Cash on Delivery,Delivered,1,14.69,5,14.69,0.73,13.96,7.8,6.16,17.99,3.7,3
ORD004275,2025-10-07,CUST01031,46,PROD00334,Electronics,South,Website,PayPal,Delivered,4,6.11,15,24.44,3.67,20.77,11.75,9.02,10.74,5.0,4
ORD000349,2025-10-08,CUST01092,27,PROD00778,Beauty,South,Website,Credit Card,Delivered,3,25.61,20,76.83,15.37,61.46,46.2,15.26,8.87,3.0,3
ORD004254,2025-10-08,CUST01477,59,PROD00368,Fashion,West,Mobile App,Cash on Delivery,Cancelled,2,62.36,20,124.72,24.94,99.78,51.43,48.35,2.64,4.1,4
ORD003615,2025-10-08,CUST01180,43,PROD00797,Beauty,East,Mobile App,Bank Transfer,Delivered,2,93.94,15,187.88,28.18,159.7,97.33,62.37,3.2,4.1,2
ORD002377,2025-10-08,CUST00762,25,PROD00168,Fashion,West,Mobile App,Bank Transfer,Delivered,3,16.19,0,48.57,0.0,48.57,23.01,25.56,17.25,4.0,10
ORD002229,2025-10-08,CUST00203,66,PROD00588,Grocery,West,Marketplace,PayPal,Delivered,5,17.98,0,89.9,0.0,89.9,66.93,22.97,2.16,5.0,3
ORD002741,2025-10-08,CUST01406,61,PROD00048,Beauty,North,Website,PayPal,Delivered,2,20.44,0,40.88,0.0,40.88,27.15,13.73,9.2,4.3,10
ORD000328,2025-10-09,CUST00636,25,PROD00348,Grocery,West,Mobile App,Bank Transfer,Returned,1,24.98,10,24.98,2.5,22.48,15.09,7.39,12.11,3.7,6
ORD001745,2025-10-09,CUST00572,54,PROD00239,Beauty,Central,Mobile App,Debit Card,Delivered,5,23.51,10,117.55,11.76,105.79,72.95,32.84,5.7,4.9,5
ORD002279,2025-10-09,CUST00578,46,PROD00525,Home & Kitchen,Central,Marketplace,Credit Card,Delivered,5,311.82,20,1559.1,311.82,1247.28,598.48,648.8,15.48,4.3,4
ORD004205,2025-10-09,CUST00627,36,PROD00638,Beauty,East,Mobile App,Bank Transfer,Shipped,2,17.11,10,34.22,3.42,30.8,18.16,12.64,7.2,4.3,4
ORD000128,2025-10-09,CUST00008,23,PROD00133,Sports,East,Mobile App,Debit Card,Cancelled,3,17.17,5,51.51,2.58,48.93,25.16,23.77,8.02,4.6,4
ORD002408,2025-10-09,CUST01191,42,PROD00064,Beauty,South,Mobile App,Bank Transfer,Returned,3,16.96,5,50.88,2.54,48.34,35.53,12.81,4.02,4.6,8
ORD001402,2025-10-10,CUST01279,45,PROD00156,Grocery,West,Marketplace,PayPal,Shipped,2,46.61,5,93.22,4.66,88.56,65.74,22.82,2.73,4.2,2
ORD004864,2025-10-10,CUST00165,25,PROD00383,Beauty,West,Website,Bank Transfer,Delivered,3,20.29,30,60.87,18.26,42.61,23.62,18.99,4.46,4.5,2
ORD001708,2025-10-10,CUST01053,53,PROD00128,Electronics,South,Marketplace,Bank Transfer,Returned,3,143.39,10,430.17,43.02,387.15,286.2,100.95,11.81,2.6,2
ORD001335,2025-10-10,CUST00855,27,PROD00118,Sports,Central,Website,Cash on Delivery,Returned,5,35.58,0,177.9,0.0,177.9,107.25,70.65,2.29,4.4,9
ORD000854,2025-10-10,CUST00830,39,PROD00741,Sports,South,Mobile App,Debit Card,Returned,4,11.39,10,45.56,4.56,41.0,28.37,12.63,12.03,4.8,7
ORD002047,2025-10-10,CUST01061,18,PROD00062,Fashion,Central,Website,Credit Card,Delivered,3,83.46,25,250.38,62.6,187.78,128.69,59.09,14.74,3.8,10
ORD002041,2025-10-11,CUST01098,29,PROD00314,Fashion,South,Website,Cash on Delivery,Shipped,1,11.19,5,11.19,0.56,10.63,6.07,4.56,10.61,3.2,8
ORD002177,2025-10-11,CUST00410,68,PROD00542,Home & Kitchen,East,Website,Bank Transfer,Delivered,2,23.32,10,46.64,4.66,41.98,21.43,20.55,9.67,3.9,3
ORD001532,2025-10-11,CUST00717,70,PROD00313,Electronics,North,Website,Cash on Delivery,Cancelled,3,47.5,5,142.5,7.12,135.38,68.6,66.78,7.76,3.9,1
ORD000194,2025-10-11,CUST00484,47,PROD00643,Fashion,North,Website,Bank Transfer,Cancelled,5,9.62,10,48.1,4.81,43.29,25.04,18.25,3.74,4.4,8
ORD002264,2025-10-11,CUST00031,29,PROD00477,Grocery,East,Marketplace,Cash on Delivery,Delivered,5,62.59,0,312.95,0.0,312.95,166.52,146.43,17.05,2.7,7
ORD003301,2025-10-11,CUST00210,54,PROD00264,Beauty,Central,Marketplace,Cash on Delivery,Delivered,2,29.81,5,59.62,2.98,56.64,38.55,18.09,14.16,2.6,9
ORD001605,2025-10-11,CUST00478,47,PROD00006,Grocery,East,Website,PayPal,Delivered,1,23.41,5,23.41,1.17,22.24,14.36,7.88,17.0,2.8,9
ORD003161,2025-10-11,CUST00848,33,PROD00542,Grocery,Central,Mobile App,Debit Card,Delivered,5,67.51,10,337.55,33.76,303.79,226.67,77.12,5.4,4.4,2
ORD000533,2025-10-12,CUST00954,21,PROD00540,Fashion,Central,Website,Credit Card,Delivered,4,18.62,25,74.48,18.62,55.86,36.82,19.04,11.16,3.2,8
ORD004340,2025-10-12,CUST00742,28,PROD00571,Fashion,East,Mobile App,PayPal,Cancelled,3,40.69,5,122.07,6.1,115.97,68.26,47.71,2.94,4.8,5
ORD000364,2025-10-12,CUST00878,19,PROD00197,Grocery,South,Mobile App,Debit Card,Delivered,1,56.99,20,56.99,11.4,45.59,26.8,18.79,13.69,3.3,4
ORD003011,2025-10-12,CUST01362,50,PROD00599,Electronics,North,Marketplace,Debit Card,Shipped,1,32.57,0,32.57,0.0,32.57,17.55,15.02,13.36,3.3,1
ORD004064,2025-10-12,CUST01126,58,PROD00721,Electronics,South,Mobile App,PayPal,Delivered,1,41.09,10,41.09,4.11,36.98,28.54,8.44,7.16,3.7,7
ORD003809,2025-10-13,CUST01157,44,PROD00286,Electronics,Central,Website,Credit Card,Cancelled,1,63.11,5,63.11,3.16,59.95,35.95,24.0,15.19,3.8,4
ORD003891,2025-10-13,CUST01191,52,PROD00403,Home & Kitchen,North,Marketplace,Credit Card,Delivered,1,21.73,10,21.73,2.17,19.56,12.03,7.53,16.52,5.0,2
ORD000062,2025-10-13,CUST00122,20,PROD00694,Electronics,North,Marketplace,Cash on Delivery,Returned,1,152.77,20,152.77,30.55,122.22,67.91,54.31,14.65,4.1,7
ORD002941,2025-10-13,CUST00229,53,PROD00378,Grocery,North,Website,PayPal,Delivered,2,56.34,20,112.68,22.54,90.14,64.93,25.21,13.01,3.8,9
ORD004182,2025-10-13,CUST00205,64,PROD00505,Beauty,South,Mobile App,Credit Card,Delivered,4,83.33,10,333.32,33.33,299.99,176.72,123.27,15.44,5.0,4
ORD004636,2025-10-13,CUST00907,39,PROD00263,Home & Kitchen,South,Mobile App,Credit Card,Cancelled,4,37.82,25,151.28,37.82,113.46,61.02,52.44,3.73,4.8,5
ORD000187,2025-10-13,CUST00180,70,PROD00096,Electronics,North,Mobile App,PayPal,Cancelled,4,13.36,5,53.44,2.67,50.77,26.51,24.26,14.47,4.1,8
ORD002174,2025-10-13,CUST00254,44,PROD00054,Electronics,South,Mobile App,Credit Card,Delivered,4,46.02,0,184.08,0.0,184.08,83.9,100.18,16.23,4.6,6
ORD001720,2025-10-13,CUST01342,29,PROD00424,Electronics,North,Mobile App,Credit Card,Returned,2,49.09,5,98.18,4.91,93.27,62.74,30.53,17.01,4.8,5
ORD001332,2025-10-13,CUST00747,46,PROD00377,Sports,East,Website,Bank Transfer,Returned,5,17.4,20,87.0,17.4,69.6,41.89,27.71,16.71,3.7,1
ORD002756,2025-10-14,CUST00581,36,PROD00423,Fashion,North,Mobile App,PayPal,Delivered,1,20.78,5,20.78,1.04,19.74,12.68,7.06,12.68,4.3,3
ORD000086,2025-10-14,CUST00223,45,PROD00643,Electronics,North,Website,Debit Card,Delivered,4,6.08,15,24.32,3.65,20.67,11.35,9.32,14.5,3.1,1
ORD002634,2025-10-14,CUST00611,41,PROD00246,Beauty,West,Website,Credit Card,Delivered,3,12.57,0,37.71,0.0,37.71,20.76,16.95,7.52,3.2,7
ORD003204,2025-10-15,CUST00421,67,PROD00488,Electronics,West,Mobile App,Debit Card,Delivered,1,20.34,0,20.34,0.0,20.34,11.75,8.59,11.13,5.0,4
ORD004201,2025-10-15,CUST01318,52,PROD00008,Grocery,North,Mobile App,Debit Card,Returned,5,76.34,15,381.7,57.26,324.44,242.08,82.36,17.24,5.0,9
ORD000237,2025-10-16,CUST00310,27,PROD00744,Sports,North,Website,Credit Card,Shipped,4,38.17,20,152.68,30.54,122.14,84.95,37.19,7.7,4.6,6
ORD001021,2025-10-16,CUST00937,70,PROD00323,Grocery,East,Website,PayPal,Delivered,1,20.85,15,20.85,3.13,17.72,10.59,7.13,14.9,4.3,4
ORD002093,2025-10-16,CUST00953,69,PROD00483,Fashion,South,Website,Bank Transfer,Shipped,4,10.43,0,41.72,0.0,41.72,29.78,11.94,6.5,4.0,5
ORD000601,2025-10-16,CUST01078,28,PROD00315,Home & Kitchen,South,Mobile App,PayPal,Delivered,4,14.71,15,58.84,8.83,50.01,22.7,27.31,14.06,5.0,9
ORD004707,2025-10-16,CUST00672,40,PROD00203,Grocery,South,Website,Bank Transfer,Cancelled,4,17.63,10,70.52,7.05,63.47,46.16,17.31,2.88,3.7,2
ORD003411,2025-10-16,CUST01382,44,PROD00739,Home & Kitchen,Central,Mobile App,Bank Transfer,Returned,5,10.0,20,50.0,10.0,40.0,21.84,18.16,14.46,4.0,5
ORD000807,2025-10-17,CUST01188,70,PROD00321,Beauty,Central,Mobile App,Bank Transfer,Shipped,3,27.87,10,83.61,8.36,75.25,38.56,36.69,9.0,3.5,2
ORD004755,2025-10-17,CUST01149,52,PROD00575,Electronics,Central,Mobile App,Bank Transfer,Delivered,2,61.41,0,122.82,0.0,122.82,61.94,60.88,4.38,2.4,3
ORD000398,2025-10-17,CUST00235,26,PROD00348,Sports,East,Website,Debit Card,Delivered,2,22.39,0,44.78,0.0,44.78,27.9,16.88,2.82,4.9,8
ORD003824,2025-10-17,CUST01252,65,PROD00669,Beauty,West,Mobile App,Cash on Delivery,Returned,2,8.58,0,17.16,0.0,17.16,11.54,5.62,6.42,4.7,1
ORD000117,2025-10-17,CUST00151,44,PROD00624,Fashion,East,Mobile App,Debit Card,Delivered,3,47.0,0,141.0,0.0,141.0,96.45,44.55,4.08,4.8,4
ORD001981,2025-10-18,CUST00667,52,PROD00151,Grocery,North,Website,Cash on Delivery,Returned,4,24.38,0,97.52,0.0,97.52,62.69,34.83,17.12,3.9,1
ORD000051,2025-10-18,CUST00447,21,PROD00630,Grocery,Central,Website,Bank Transfer,Returned,2,75.64,30,151.28,45.38,105.9,48.63,57.27,7.05,3.7,4
ORD002288,2025-10-18,CUST01120,28,PROD00581,Beauty,North,Website,Cash on Delivery,Cancelled,2,13.25,0,26.5,0.0,26.5,12.07,14.43,2.92,4.2,8
ORD000391,2025-10-18,CUST00479,34,PROD00548,Sports,South,Website,Bank Transfer,Delivered,2,44.08,0,88.16,0.0,88.16,52.07,36.09,4.14,4.6,4
ORD002642,2025-10-19,CUST00014,45,PROD00039,Electronics,South,Marketplace,Debit Card,Returned,1,49.12,15,49.12,7.37,41.75,29.87,11.88,6.18,4.2,8
ORD000967,2025-10-19,CUST00293,31,PROD00391,Fashion,West,Website,Credit Card,Delivered,1,29.5,0,29.5,0.0,29.5,16.45,13.05,2.86,3.9,1
ORD002265,2025-10-20,CUST00475,56,PROD00602,Beauty,West,Website,Debit Card,Delivered,4,23.12,5,92.48,4.62,87.86,48.18,39.68,6.6,5.0,6
ORD002798,2025-10-20,CUST00277,30,PROD00766,Home & Kitchen,South,Mobile App,PayPal,Delivered,1,15.9,0,15.9,0.0,15.9,12.06,3.84,1.84,3.7,2
ORD003280,2025-10-20,CUST01482,42,PROD00381,Beauty,South,Website,Cash on Delivery,Delivered,1,9.59,20,9.59,1.92,7.67,3.88,3.79,15.8,4.3,5
ORD003108,2025-10-21,CUST00164,61,PROD00480,Electronics,West,Mobile App,Bank Transfer,Delivered,4,42.51,0,170.04,0.0,170.04,112.13,57.91,11.79,5.0,3
ORD000476,2025-10-21,CUST00957,63,PROD00390,Grocery,East,Marketplace,Credit Card,Shipped,5,24.59,0,122.95,0.0,122.95,70.55,52.4,13.34,3.2,7
ORD000862,2025-10-21,CUST01128,20,PROD00759,Sports,East,Website,Credit Card,Shipped,4,37.89,20,151.56,30.31,121.25,61.12,60.13,8.84,4.2,9
ORD004934,2025-10-21,CUST00362,53,PROD00598,Grocery,South,Website,PayPal,Returned,1,20.97,5,20.97,1.05,19.92,14.28,5.64,12.3,4.9,2
ORD001546,2025-10-21,CUST00669,68,PROD00431,Fashion,South,Website,Bank Transfer,Delivered,5,28.62,20,143.1,28.62,114.48,80.12,34.36,12.98,3.3,8
ORD001504,2025-10-21,CUST00165,42,PROD00346,Fashion,South,Mobile App,Credit Card,Delivered,4,16.68,0,66.72,0.0,66.72,47.86,18.86,9.58,3.1,9
ORD003886,2025-10-21,CUST00584,21,PROD00236,Fashion,North,Website,Cash on Delivery,Delivered,1,24.29,15,24.29,3.64,20.65,14.89,5.76,7.91,4.9,9
ORD000050,2025-10-22,CUST00814,61,PROD00218,Grocery,South,Website,Cash on Delivery,Delivered,5,21.08,10,105.4,10.54,94.86,71.54,23.32,8.68,3.4,8
ORD003861,2025-10-22,CUST01105,68,PROD00136,Grocery,Central,Website,Bank Transfer,Cancelled,4,43.95,15,175.8,26.37,149.43,94.63,54.8,7.1,4.5,7
ORD002815,2025-10-23,CUST00437,35,PROD00056,Grocery,West,Website,Credit Card,Returned,2,34.36,0,68.72,0.0,68.72,38.73,29.99,17.98,2.9,8
ORD003334,2025-10-23,CUST00024,55,PROD00519,Home & Kitchen,West,Mobile App,PayPal,Returned,2,7.49,0,14.98,0.0,14.98,9.54,5.44,13.65,4.9,2
ORD001583,2025-10-23,CUST00653,26,PROD00283,Grocery,Central,Mobile App,Cash on Delivery,Delivered,3,21.41,0,64.23,0.0,64.23,38.06,26.17,2.92,5.0,1
ORD000673,2025-10-23,CUST00490,22,PROD00242,Sports,North,Mobile App,Credit Card,Shipped,5,46.08,25,230.4,57.6,172.8,128.74,44.06,4.99,3.4,5
ORD004139,2025-10-24,CUST00745,48,PROD00729,Beauty,Central,Marketplace,Cash on Delivery,Shipped,3,9.58,30,28.74,8.62,20.12,13.12,7.0,1.74,4.5,9
ORD003049,2025-10-24,CUST01173,32,PROD00399,Home & Kitchen,North,Marketplace,Debit Card,Delivered,1,103.26,5,103.26,5.16,98.1,47.74,50.36,14.01,4.1,9
ORD003962,2025-10-25,CUST00415,62,PROD00406,Grocery,East,Mobile App,PayPal,Cancelled,2,88.81,0,177.62,0.0,177.62,124.64,52.98,10.01,4.4,7
ORD004072,2025-10-25,CUST01195,40,PROD00099,Electronics,North,Mobile App,Credit Card,Returned,2,17.19,15,34.38,5.16,29.22,13.77,15.45,16.19,4.9,5
ORD000532,2025-10-25,CUST00694,51,PROD00238,Grocery,East,Mobile App,Cash on Delivery,Delivered,2,18.83,10,37.66,3.77,33.89,25.29,8.6,4.44,3.9,3
ORD000104,2025-10-25,CUST01465,65,PROD00531,Home & Kitchen,West,Marketplace,PayPal,Returned,3,19.2,30,57.6,17.28,40.32,23.48,16.84,6.93,4.5,4
ORD000632,2025-10-25,CUST00218,21,PROD00254,Beauty,North,Mobile App,Cash on Delivery,Cancelled,2,22.98,20,45.96,9.19,36.77,19.97,16.8,11.99,3.1,4
ORD003923,2025-10-26,CUST00129,29,PROD00773,Home & Kitchen,West,Mobile App,PayPal,Cancelled,3,21.71,5,65.13,3.26,61.87,41.03,20.84,4.37,2.6,7
ORD003372,2025-10-26,CUST01457,56,PROD00358,Electronics,South,Mobile App,Debit Card,Delivered,5,19.1,15,95.5,14.32,81.18,52.51,28.67,13.04,4.6,6
ORD004145,2025-10-26,CUST00815,54,PROD00467,Fashion,West,Marketplace,Bank Transfer,Shipped,4,54.52,10,218.08,21.81,196.27,138.42,57.85,16.84,5.0,2
ORD000672,2025-10-27,CUST00138,28,PROD00634,Sports,South,Website,Cash on Delivery,Delivered,2,15.13,10,30.26,3.03,27.23,17.56,9.67,6.43,2.8,9
ORD003251,2025-10-27,CUST01080,65,PROD00734,Electronics,North,Mobile App,Credit Card,Delivered,5,35.82,15,179.1,26.86,152.24,83.59,68.65,3.18,4.3,9
ORD003448,2025-10-27,CUST00843,56,PROD00004,Beauty,South,Mobile App,Credit Card,Delivered,1,33.57,0,33.57,0.0,33.57,20.58,12.99,9.32,4.9,2
ORD001280,2025-10-27,CUST01079,53,PROD00229,Sports,East,Website,Credit Card,Shipped,2,40.18,0,80.36,0.0,80.36,60.92,19.44,3.65,4.5,6
ORD001774,2025-10-27,CUST00860,67,PROD00602,Home & Kitchen,West,Website,Bank Transfer,Delivered,1,79.04,5,79.04,3.95,75.09,57.8,17.29,8.85,4.7,2
ORD004869,2025-10-27,CUST01021,30,PROD00203,Sports,West,Marketplace,PayPal,Delivered,4,51.19,15,204.76,30.71,174.05,80.58,93.47,1.57,4.3,2
ORD002415,2025-10-28,CUST01260,56,PROD00179,Home & Kitchen,Central,Website,PayPal,Delivered,3,10.12,20,30.36,6.07,24.29,18.5,5.79,14.79,4.1,9
ORD001914,2025-10-28,CUST00762,56,PROD00497,Grocery,North,Mobile App,Debit Card,Cancelled,1,13.16,10,13.16,1.32,11.84,5.89,5.95,9.19,3.4,9
ORD003694,2025-10-28,CUST01192,63,PROD00708,Fashion,South,Mobile App,Cash on Delivery,Cancelled,2,12.03,25,24.06,6.02,18.04,9.5,8.54,6.4,3.3,6
ORD001530,2025-10-28,CUST01307,25,PROD00061,Fashion,Central,Marketplace,Cash on Delivery,Delivered,5,6.79,30,33.95,10.18,23.77,16.96,6.81,10.16,3.4,9
ORD000933,2025-10-28,CUST00411,26,PROD00508,Home & Kitchen,South,Mobile App,Bank Transfer,Cancelled,3,21.78,10,65.34,6.53,58.81,28.32,30.49,8.21,3.5,2
ORD000506,2025-10-28,CUST01300,50,PROD00445,Fashion,Central,Mobile App,Cash on Delivery,Returned,1,99.68,10,99.68,9.97,89.71,41.08,48.63,2.46,5.0,1
ORD004813,2025-10-28,CUST01242,66,PROD00612,Fashion,West,Marketplace,Bank Transfer,Delivered,1,30.81,15,30.81,4.62,26.19,15.86,10.33,4.09,3.8,10
ORD000448,2025-10-29,CUST00264,18,PROD00016,Fashion,Central,Website,Credit Card,Delivered,4,16.62,10,66.48,6.65,59.83,40.22,19.61,17.62,3.9,2
ORD004280,2025-10-29,CUST00316,55,PROD00088,Sports,East,Website,Debit Card,Returned,5,39.05,20,195.25,39.05,156.2,108.85,47.35,17.33,4.5,7
ORD001480,2025-10-30,CUST00647,59,PROD00390,Fashion,East,Mobile App,PayPal,Shipped,3,27.97,0,83.91,0.0,83.91,45.79,38.12,5.17,4.7,6
ORD003960,2025-10-30,CUST00496,54,PROD00127,Electronics,West,Website,Debit Card,Delivered,4,43.55,5,174.2,8.71,165.49,122.52,42.97,6.13,3.6,7
ORD001894,2025-10-30,CUST00530,28,PROD00598,Fashion,North,Mobile App,PayPal,Delivered,4,21.11,10,84.44,8.44,76.0,41.59,34.41,6.32,4.7,5
ORD002021,2025-10-30,CUST00114,51,PROD00777,Grocery,East,Website,PayPal,Delivered,3,27.76,5,83.28,4.16,79.12,51.02,28.1,17.58,4.0,10
ORD004789,2025-10-30,CUST01160,45,PROD00244,Sports,Central,Website,Debit Card,Delivered,4,55.52,10,222.08,22.21,199.87,122.35,77.52,3.85,4.4,1
ORD002736,2025-10-30,CUST01186,70,PROD00375,Electronics,South,Website,PayPal,Cancelled,2,39.47,0,78.94,0.0,78.94,37.98,40.96,3.58,5.0,6
ORD003415,2025-10-31,CUST01244,39,PROD00076,Fashion,West,Website,Debit Card,Returned,5,100.91,30,504.55,151.36,353.19,267.21,85.98,17.82,4.3,4
ORD002036,2025-11-01,CUST00529,68,PROD00687,Sports,East,Website,Cash on Delivery,Cancelled,1,58.76,25,58.76,14.69,44.07,28.06,16.01,13.38,3.9,6
ORD002751,2025-11-01,CUST00535,31,PROD00372,Home & Kitchen,East,Mobile App,Credit Card,Cancelled,1,18.27,10,18.27,1.83,16.44,7.83,8.61,3.18,5.0,5
ORD001802,2025-11-01,CUST00126,37,PROD00203,Fashion,Central,Mobile App,Credit Card,Delivered,2,88.91,10,177.82,17.78,160.04,97.69,62.35,5.34,3.9,3
ORD001403,2025-11-01,CUST01017,39,PROD00757,Home & Kitchen,Central,Website,PayPal,Shipped,4,21.95,15,87.8,13.17,74.63,47.84,26.79,5.51,4.7,2
ORD001513,2025-11-01,CUST00479,21,PROD00365,Sports,West,Website,PayPal,Delivered,2,430.07,10,860.14,86.01,774.13,484.75,289.38,12.33,4.3,9
ORD003166,2025-11-01,CUST00353,67,PROD00669,Sports,West,Marketplace,Bank Transfer,Returned,1,159.26,20,159.26,31.85,127.41,72.99,54.42,14.51,3.2,4
ORD001729,2025-11-01,CUST00165,47,PROD00748,Fashion,East,Website,Bank Transfer,Cancelled,1,69.18,30,69.18,20.75,48.43,33.2,15.23,4.54,3.8,10
ORD000498,2025-11-01,CUST00143,61,PROD00553,Home & Kitchen,North,Website,Bank Transfer,Returned,4,74.16,10,296.64,29.66,266.98,120.79,146.19,12.6,4.7,10
ORD002715,2025-11-02,CUST00326,27,PROD00726,Grocery,East,Mobile App,PayPal,Delivered,3,159.33,10,477.99,47.8,430.19,276.28,153.91,12.35,2.5,3
ORD002802,2025-11-02,CUST00005,50,PROD00280,Sports,North,Mobile App,PayPal,Shipped,2,83.23,25,166.46,41.62,124.84,72.02,52.82,15.46,4.0,1
ORD002787,2025-11-02,CUST00935,67,PROD00399,Electronics,South,Website,Bank Transfer,Delivered,5,5.89,0,29.45,0.0,29.45,19.58,9.87,3.05,3.2,9
ORD004839,2025-11-02,CUST01323,29,PROD00269,Fashion,East,Website,PayPal,Shipped,4,30.63,0,122.52,0.0,122.52,93.86,28.66,8.13,4.2,2
ORD002668,2025-11-02,CUST00782,34,PROD00617,Fashion,Central,Website,Debit Card,Returned,2,154.94,15,309.88,46.48,263.4,167.89,95.51,7.36,3.6,8
ORD002028,2025-11-02,CUST01203,33,PROD00021,Sports,West,Website,Debit Card,Cancelled,1,45.35,10,45.35,4.54,40.81,18.37,22.44,11.75,4.4,2
ORD001859,2025-11-02,CUST00302,51,PROD00444,Sports,Central,Mobile App,Credit Card,Shipped,3,25.25,20,75.75,15.15,60.6,43.99,16.61,5.79,5.0,8
ORD003755,2025-11-02,CUST01163,69,PROD00113,Home & Kitchen,East,Website,Bank Transfer,Delivered,4,19.57,10,78.28,7.83,70.45,32.61,37.84,3.01,4.2,6
ORD002739,2025-11-03,CUST00463,40,PROD00737,Electronics,West,Website,Cash on Delivery,Delivered,3,144.33,15,432.99,64.95,368.04,225.88,142.16,15.51,4.2,2
ORD003652,2025-11-03,CUST00605,39,PROD00186,Home & Kitchen,South,Mobile App,Debit Card,Returned,5,34.94,0,174.7,0.0,174.7,86.58,88.12,7.14,5.0,10
ORD004686,2025-11-03,CUST00202,32,PROD00629,Home & Kitchen,North,Marketplace,Bank Transfer,Delivered,5,63.82,10,319.1,31.91,287.19,213.63,73.56,16.18,4.6,10
ORD002038,2025-11-03,CUST01194,29,PROD00148,Sports,Central,Website,Debit Card,Shipped,5,24.98,0,124.9,0.0,124.9,76.83,48.07,14.43,2.8,4
ORD000801,2025-11-04,CUST00734,19,PROD00703,Grocery,Central,Marketplace,PayPal,Delivered,1,78.31,10,78.31,7.83,70.48,39.99,30.49,4.75,3.9,9
ORD000679,2025-11-04,CUST00625,63,PROD00279,Grocery,South,Website,PayPal,Delivered,1,22.71,0,22.71,0.0,22.71,16.9,5.81,5.06,3.4,2
ORD000112,2025-11-04,CUST00620,43,PROD00137,Grocery,West,Mobile App,PayPal,Delivered,3,54.95,20,164.85,32.97,131.88,87.4,44.48,15.7,3.5,9
ORD004854,2025-11-04,CUST01363,51,PROD00209,Sports,South,Mobile App,Debit Card,Delivered,2,24.43,5,48.86,2.44,46.42,33.62,12.8,16.59,3.4,4
ORD001077,2025-11-05,CUST01005,49,PROD00697,Beauty,South,Mobile App,Bank Transfer,Returned,2,105.29,15,210.58,31.59,178.99,114.97,64.02,9.78,3.9,5
ORD002277,2025-11-05,CUST00070,43,PROD00141,Electronics,North,Mobile App,Bank Transfer,Delivered,1,125.07,0,125.07,0.0,125.07,71.7,53.37,14.76,5.0,1
ORD002398,2025-11-05,CUST00670,20,PROD00642,Beauty,North,Mobile App,Cash on Delivery,Shipped,5,28.43,0,142.15,0.0,142.15,95.82,46.33,2.42,3.9,8
ORD000366,2025-11-05,CUST00009,43,PROD00341,Sports,South,Website,Credit Card,Cancelled,3,27.81,25,83.43,20.86,62.57,43.34,19.23,14.59,3.3,9
ORD004633,2025-11-05,CUST01120,18,PROD00321,Fashion,East,Website,PayPal,Delivered,3,13.55,0,40.65,0.0,40.65,31.62,9.03,4.39,2.9,5
ORD001048,2025-11-06,CUST00574,41,PROD00380,Sports,West,Website,Debit Card,Delivered,5,15.67,20,78.35,15.67,62.68,29.24,33.44,7.94,3.4,5
ORD001920,2025-11-06,CUST00509,43,PROD00568,Sports,East,Website,Credit Card,Returned,4,30.86,20,123.44,24.69,98.75,61.95,36.8,8.35,4.5,7
ORD002996,2025-11-06,CUST00737,46,PROD00413,Electronics,North,Mobile App,PayPal,Returned,3,6.44,25,19.32,4.83,14.49,6.74,7.75,13.7,3.4,8
ORD001262,2025-11-06,CUST00510,68,PROD00045,Fashion,West,Website,Credit Card,Cancelled,5,9.85,5,49.25,2.46,46.79,34.06,12.73,12.36,3.9,7
ORD001003,2025-11-06,CUST00085,63,PROD00177,Electronics,North,Marketplace,Cash on Delivery,Delivered,5,29.07,0,145.35,0.0,145.35,69.21,76.14,5.8,3.6,4
ORD001064,2025-11-06,CUST00719,63,PROD00174,Sports,East,Marketplace,Credit Card,Shipped,3,92.98,20,278.94,55.79,223.15,103.37,119.78,11.24,3.8,10
ORD004997,2025-11-07,CUST00763,64,PROD00309,Fashion,North,Website,Debit Card,Returned,5,15.98,10,79.9,7.99,71.91,54.06,17.85,5.3,3.9,8
ORD003399,2025-11-07,CUST00634,54,PROD00648,Home & Kitchen,South,Website,Credit Card,Delivered,4,8.9,15,35.6,5.34,30.26,17.8,12.46,12.61,3.2,4
ORD003799,2025-11-07,CUST01035,43,PROD00001,Fashion,Central,Marketplace,PayPal,Delivered,4,40.43,5,161.72,8.09,153.63,79.7,73.93,15.8,4.9,7
ORD000915,2025-11-08,CUST00864,23,PROD00458,Grocery,Central,Marketplace,Bank Transfer,Delivered,5,32.21,25,161.05,40.26,120.79,92.89,27.9,17.77,5.0,8
ORD000419,2025-11-08,CUST00782,53,PROD00146,Home & Kitchen,South,Mobile App,Debit Card,Delivered,3,33.37,5,100.11,5.01,95.1,52.66,42.44,10.79,3.1,2
ORD002944,2025-11-08,CUST01435,52,PROD00751,Electronics,East,Website,Cash on Delivery,Delivered,1,70.8,0,70.8,0.0,70.8,44.47,26.33,14.62,4.1,3
ORD001501,2025-11-09,CUST00548,33,PROD00470,Home & Kitchen,West,Website,PayPal,Delivered,1,14.94,5,14.94,0.75,14.19,8.96,5.23,14.98,4.1,5
ORD002045,2025-11-09,CUST00096,70,PROD00353,Grocery,Central,Marketplace,Credit Card,Returned,5,21.0,10,105.0,10.5,94.5,59.85,34.65,16.89,4.1,1
ORD002632,2025-11-09,CUST00401,42,PROD00313,Beauty,North,Website,Cash on Delivery,Cancelled,3,63.37,10,190.11,19.01,171.1,88.29,82.81,16.73,4.4,4
ORD002039,2025-11-09,CUST00878,59,PROD00232,Fashion,East,Website,Bank Transfer,Delivered,2,133.01,20,266.02,53.2,212.82,144.66,68.16,9.47,3.9,3
ORD002058,2025-11-09,CUST00441,55,PROD00348,Electronics,East,Marketplace,Cash on Delivery,Shipped,5,14.83,0,74.15,0.0,74.15,40.96,33.19,12.49,3.4,6
ORD004460,2025-11-09,CUST00650,54,PROD00547,Grocery,East,Website,Cash on Delivery,Delivered,4,34.54,15,138.16,20.72,117.44,57.0,60.44,4.19,3.1,3
ORD001172,2025-11-09,CUST00540,24,PROD00091,Grocery,South,Website,Debit Card,Shipped,3,68.08,25,204.24,51.06,153.18,87.45,65.73,3.29,4.2,9
ORD004250,2025-11-10,CUST01049,54,PROD00588,Electronics,East,Website,PayPal,Delivered,1,43.68,15,43.68,6.55,37.13,20.74,16.39,10.02,3.4,7
ORD000003,2025-11-10,CUST00083,66,PROD00736,Sports,North,Marketplace,Credit Card,Returned,2,19.44,20,38.88,7.78,31.1,22.43,8.67,12.1,4.0,10
ORD004951,2025-11-11,CUST00247,36,PROD00667,Electronics,West,Mobile App,Credit Card,Delivered,4,68.03,5,272.12,13.61,258.51,182.52,75.99,17.76,4.3,8
ORD002745,2025-11-11,CUST01269,58,PROD00463,Grocery,West,Mobile App,Cash on Delivery,Returned,2,28.6,0,57.2,0.0,57.2,42.62,14.58,17.16,4.9,3
ORD000224,2025-11-11,CUST01363,41,PROD00037,Beauty,West,Website,Cash on Delivery,Returned,5,37.62,20,188.1,37.62,150.48,72.98,77.5,12.35,4.3,3
ORD003081,2025-11-11,CUST00525,34,PROD00658,Beauty,West,Mobile App,Bank Transfer,Delivered,3,20.82,5,62.46,3.12,59.34,36.14,23.2,15.27,4.0,3
ORD001298,2025-11-11,CUST01188,21,PROD00567,Grocery,Central,Website,Cash on Delivery,Returned,4,29.45,15,117.8,17.67,100.13,71.18,28.95,6.02,4.1,8
ORD003154,2025-11-11,CUST01233,69,PROD00606,Electronics,North,Website,Bank Transfer,Shipped,4,37.8,0,151.2,0.0,151.2,111.51,39.69,17.64,2.1,10
ORD004375,2025-11-11,CUST00207,47,PROD00156,Sports,North,Marketplace,Cash on Delivery,Delivered,1,228.76,10,228.76,22.88,205.88,159.96,45.92,16.07,3.4,3
ORD000786,2025-11-12,CUST00264,51,PROD00642,Beauty,Central,Website,Debit Card,Delivered,2,17.18,30,34.36,10.31,24.05,16.39,7.66,16.88,3.2,9
ORD000553,2025-11-12,CUST01078,35,PROD00691,Home & Kitchen,South,Website,Credit Card,Delivered,2,12.57,5,25.14,1.26,23.88,14.27,9.61,11.63,2.1,10
ORD002734,2025-11-12,CUST01161,35,PROD00187,Grocery,South,Marketplace,Debit Card,Delivered,3,7.73,10,23.19,2.32,20.87,11.03,9.84,4.17,3.9,7
ORD004917,2025-11-13,CUST01302,41,PROD00135,Beauty,South,Website,Credit Card,Delivered,5,34.08,0,170.4,0.0,170.4,126.53,43.87,6.4,3.3,1
ORD002895,2025-11-14,CUST00880,56,PROD00099,Sports,West,Mobile App,Cash on Delivery,Cancelled,4,61.0,20,244.0,48.8,195.2,106.52,88.68,5.51,4.6,4
ORD004653,2025-11-14,CUST00022,21,PROD00738,Home & Kitchen,West,Mobile App,Credit Card,Returned,2,42.41,10,84.82,8.48,76.34,51.43,24.91,12.3,4.0,1
ORD004599,2025-11-14,CUST01480,26,PROD00225,Electronics,East,Marketplace,PayPal,Shipped,4,24.67,5,98.68,4.93,93.75,65.2,28.55,14.43,3.9,6
ORD000433,2025-11-14,CUST00130,47,PROD00221,Fashion,West,Website,Credit Card,Delivered,3,69.19,0,207.57,0.0,207.57,106.75,100.82,2.63,3.8,5
ORD004180,2025-11-14,CUST00737,54,PROD00256,Electronics,East,Mobile App,Credit Card,Delivered,4,15.27,15,61.08,9.16,51.92,38.83,13.09,9.43,3.3,8
ORD004186,2025-11-14,CUST00655,34,PROD00319,Fashion,North,Marketplace,PayPal,Delivered,4,30.58,30,122.32,36.7,85.62,45.22,40.4,15.06,4.2,4
ORD004773,2025-11-14,CUST01355,35,PROD00357,Beauty,East,Mobile App,Credit Card,Returned,1,21.53,10,21.53,2.15,19.38,12.86,6.52,8.11,5.0,3
ORD001796,2025-11-14,CUST00507,27,PROD00377,Sports,Central,Website,Debit Card,Delivered,2,37.47,25,74.94,18.74,56.2,42.35,13.85,9.55,3.7,1
ORD003988,2025-11-14,CUST00828,24,PROD00325,Home & Kitchen,West,Mobile App,Debit Card,Delivered,1,19.55,5,19.55,0.98,18.57,13.66,4.91,5.69,4.8,9
ORD001643,2025-11-15,CUST00086,19,PROD00756,Home & Kitchen,East,Mobile App,Bank Transfer,Shipped,3,39.89,15,119.67,17.95,101.72,77.76,23.96,9.82,4.4,3
ORD000654,2025-11-15,CUST00983,25,PROD00232,Sports,East,Website,Bank Transfer,Returned,1,34.9,15,34.9,5.24,29.66,18.16,11.5,7.35,3.7,7
ORD002224,2025-11-15,CUST00654,25,PROD00146,Sports,East,Website,Credit Card,Delivered,2,35.91,5,71.82,3.59,68.23,41.34,26.89,13.74,2.9,7
ORD004456,2025-11-15,CUST01326,52,PROD00542,Beauty,East,Mobile App,Debit Card,Delivered,2,44.47,10,88.94,8.89,80.05,39.86,40.19,10.32,4.0,9
ORD000733,2025-11-15,CUST01282,55,PROD00433,Grocery,North,Marketplace,Debit Card,Delivered,5,27.22,30,136.1,40.83,95.27,52.25,43.02,17.35,3.8,5
ORD001318,2025-11-16,CUST01217,31,PROD00206,Grocery,West,Mobile App,Bank Transfer,Returned,1,18.21,20,18.21,3.64,14.57,10.1,4.47,11.51,3.3,3
ORD004921,2025-11-16,CUST00542,64,PROD00746,Home & Kitchen,East,Marketplace,Credit Card,Cancelled,4,7.83,0,31.32,0.0,31.32,17.99,13.33,7.81,3.6,3
ORD002723,2025-11-16,CUST01342,64,PROD00182,Sports,South,Mobile App,Bank Transfer,Delivered,4,93.65,10,374.6,37.46,337.14,158.65,178.49,13.0,5.0,5
ORD000088,2025-11-17,CUST01063,24,PROD00594,Electronics,Central,Mobile App,Cash on Delivery,Delivered,1,27.87,10,27.87,2.79,25.08,11.73,13.35,12.66,4.6,3
ORD002816,2025-11-17,CUST01062,40,PROD00407,Grocery,North,Mobile App,Bank Transfer,Cancelled,4,74.25,0,297.0,0.0,297.0,165.51,131.49,7.04,3.9,5
ORD003925,2025-11-17,CUST01339,43,PROD00379,Sports,South,Website,Credit Card,Delivered,5,39.44,10,197.2,19.72,177.48,130.18,47.3,13.42,4.2,9
ORD000131,2025-11-17,CUST00469,59,PROD00431,Home & Kitchen,East,Website,Cash on Delivery,Delivered,4,20.21,15,80.84,12.13,68.71,52.46,16.25,12.8,3.0,1
ORD003695,2025-11-18,CUST01270,44,PROD00184,Fashion,East,Website,PayPal,Delivered,5,31.34,25,156.7,39.17,117.53,57.2,60.33,15.73,3.4,7
ORD003191,2025-11-18,CUST00890,25,PROD00070,Electronics,East,Marketplace,PayPal,Delivered,1,8.81,10,8.81,0.88,7.93,5.6,2.33,2.11,4.6,3
ORD000856,2025-11-18,CUST00426,63,PROD00023,Grocery,West,Website,Credit Card,Delivered,4,24.86,0,99.44,0.0,99.44,62.55,36.89,11.04,3.6,3
ORD002012,2025-11-19,CUST01096,30,PROD00580,Beauty,North,Mobile App,PayPal,Delivered,1,25.66,20,25.66,5.13,20.53,13.85,6.68,13.73,4.3,4
ORD002746,2025-11-19,CUST00625,51,PROD00074,Beauty,Central,Mobile App,Bank Transfer,Delivered,5,59.97,0,299.85,0.0,299.85,211.47,88.38,8.93,3.6,9
ORD002534,2025-11-19,CUST01119,29,PROD00626,Electronics,West,Website,PayPal,Shipped,3,4.87,15,14.61,2.19,12.42,5.84,6.58,7.86,3.0,7
ORD004264,2025-11-19,CUST00317,66,PROD00026,Beauty,South,Mobile App,PayPal,Returned,2,136.66,20,273.32,54.66,218.66,144.08,74.58,5.75,2.6,7
ORD002560,2025-11-20,CUST00366,22,PROD00509,Grocery,West,Mobile App,Cash on Delivery,Delivered,2,21.51,0,43.02,0.0,43.02,27.66,15.36,4.57,5.0,7
ORD004552,2025-11-20,CUST00879,38,PROD00716,Sports,East,Mobile App,PayPal,Delivered,1,29.44,5,29.44,1.47,27.97,17.26,10.71,15.64,4.5,6
ORD001230,2025-11-20,CUST00878,18,PROD00144,Home & Kitchen,East,Mobile App,PayPal,Delivered,1,22.23,0,22.23,0.0,22.23,11.07,11.16,2.43,4.2,8
ORD003786,2025-11-21,CUST01128,20,PROD00711,Sports,West,Website,PayPal,Cancelled,3,20.29,10,60.87,6.09,54.78,27.86,26.92,7.77,3.7,3
ORD000093,2025-11-22,CUST01273,40,PROD00355,Home & Kitchen,East,Website,Cash on Delivery,Delivered,5,23.1,5,115.5,5.78,109.72,76.96,32.76,3.89,4.5,6
ORD001283,2025-11-22,CUST00534,52,PROD00770,Fashion,North,Website,PayPal,Shipped,5,18.49,10,92.45,9.24,83.21,54.8,28.41,4.35,3.2,2
ORD000219,2025-11-22,CUST00946,23,PROD00328,Fashion,North,Mobile App,Debit Card,Cancelled,1,46.53,20,46.53,9.31,37.22,24.45,12.77,10.06,3.4,5
ORD003177,2025-11-22,CUST00675,42,PROD00185,Sports,Central,Mobile App,PayPal,Shipped,2,126.01,5,252.02,12.6,239.42,160.25,79.17,16.2,4.8,2
ORD002404,2025-11-24,CUST00538,28,PROD00309,Beauty,East,Website,PayPal,Delivered,3,24.62,20,73.86,14.77,59.09,45.84,13.25,15.26,5.0,3
ORD002578,2025-11-24,CUST01299,59,PROD00749,Fashion,South,Website,PayPal,Returned,5,44.67,15,223.35,33.5,189.85,114.16,75.69,6.76,4.8,6
ORD004763,2025-11-24,CUST01276,30,PROD00208,Electronics,North,Mobile App,Cash on Delivery,Shipped,5,32.1,30,160.5,48.15,112.35,62.15,50.2,10.16,3.5,2
ORD002409,2025-11-24,CUST01496,26,PROD00125,Grocery,East,Mobile App,Cash on Delivery,Delivered,4,18.08,0,72.32,0.0,72.32,33.1,39.22,4.47,4.1,2
ORD004893,2025-11-24,CUST00544,61,PROD00721,Home & Kitchen,North,Mobile App,Credit Card,Delivered,3,19.46,10,58.38,5.84,52.54,25.38,27.16,13.91,3.9,6
ORD001506,2025-11-24,CUST01127,43,PROD00126,Home & Kitchen,East,Website,Bank Transfer,Cancelled,1,35.63,10,35.63,3.56,32.07,21.85,10.22,13.71,3.9,5
ORD000123,2025-11-25,CUST00154,27,PROD00481,Grocery,East,Mobile App,Bank Transfer,Delivered,1,46.06,5,46.06,2.3,43.76,24.46,19.3,3.3,4.4,10
ORD004702,2025-11-26,CUST00175,25,PROD00598,Home & Kitchen,North,Mobile App,PayPal,Cancelled,2,5.0,15,10.0,1.5,8.5,6.29,2.21,7.98,5.0,9
ORD000193,2025-11-26,CUST00271,63,PROD00280,Home & Kitchen,North,Mobile App,Credit Card,Returned,2,43.16,10,86.32,8.63,77.69,46.58,31.11,7.3,2.6,7
ORD000248,2025-11-26,CUST00356,43,PROD00388,Electronics,South,Website,Bank Transfer,Delivered,3,5.63,15,16.89,2.53,14.36,6.96,7.4,10.31,4.2,9
ORD003070,2025-11-27,CUST00244,69,PROD00259,Electronics,Central,Mobile App,Bank Transfer,Delivered,3,16.43,0,49.29,0.0,49.29,28.2,21.09,14.3,3.0,9
ORD003794,2025-11-27,CUST01485,46,PROD00707,Fashion,West,Mobile App,PayPal,Delivered,1,70.86,10,70.86,7.09,63.77,35.08,28.69,1.8,3.7,2
ORD003338,2025-11-27,CUST00681,21,PROD00154,Electronics,Central,Website,Bank Transfer,Delivered,5,21.35,10,106.75,10.68,96.07,48.39,47.68,5.09,3.1,9
ORD001053,2025-11-28,CUST00104,61,PROD00744,Fashion,North,Website,Credit Card,Delivered,2,51.84,25,103.68,25.92,77.76,52.82,24.94,13.44,3.3,10
ORD000796,2025-11-28,CUST00635,33,PROD00141,Sports,North,Mobile App,Debit Card,Returned,4,64.22,0,256.88,0.0,256.88,168.1,88.78,9.33,4.6,8
ORD003376,2025-11-28,CUST01358,53,PROD00647,Sports,East,Marketplace,PayPal,Returned,3,68.73,25,206.19,51.55,154.64,76.66,77.98,13.97,3.2,2
ORD000683,2025-11-28,CUST00151,46,PROD00314,Electronics,East,Mobile App,Debit Card,Shipped,1,78.75,5,78.75,3.94,74.81,43.0,31.81,15.97,4.6,4
ORD001520,2025-11-28,CUST00354,20,PROD00438,Home & Kitchen,North,Website,Bank Transfer,Returned,5,32.57,25,162.85,40.71,122.14,82.47,39.67,9.96,5.0,10
ORD001121,2025-11-28,CUST00072,47,PROD00632,Grocery,North,Marketplace,Bank Transfer,Delivered,5,38.52,30,192.6,57.78,134.82,92.27,42.55,8.29,4.6,8
ORD002964,2025-11-28,CUST00141,20,PROD00648,Electronics,North,Mobile App,Credit Card,Shipped,3,6.55,10,19.65,1.96,17.69,8.78,8.91,7.93,4.4,1
ORD000272,2025-11-28,CUST00453,27,PROD00207,Sports,North,Website,Cash on Delivery,Delivered,2,30.67,30,61.34,18.4,42.94,29.97,12.97,13.17,5.0,5
ORD004356,2025-11-28,CUST01345,43,PROD00774,Sports,West,Marketplace,Cash on Delivery,Cancelled,1,55.19,5,55.19,2.76,52.43,40.37,12.06,4.04,4.1,2
ORD004557,2025-11-28,CUST00409,48,PROD00414,Fashion,Central,Marketplace,Bank Transfer,Delivered,4,151.77,5,607.08,30.35,576.73,351.7,225.03,12.97,5.0,1
ORD001629,2025-11-28,CUST00734,24,PROD00418,Electronics,Central,Website,Bank Transfer,Delivered,1,23.34,5,23.34,1.17,22.17,13.79,8.38,17.28,3.2,6
ORD000437,2025-11-28,CUST00970,59,PROD00058,Beauty,East,Mobile App,Credit Card,Delivered,4,23.03,0,92.12,0.0,92.12,59.4,32.72,2.81,4.6,6
ORD001204,2025-11-29,CUST01444,55,PROD00719,Fashion,East,Mobile App,Bank Transfer,Returned,1,34.32,10,34.32,3.43,30.89,19.49,11.4,6.79,4.4,7
ORD001210,2025-11-29,CUST00868,67,PROD00141,Beauty,South,Mobile App,Credit Card,Returned,1,14.51,20,14.51,2.9,11.61,7.15,4.46,16.72,4.4,10
ORD003545,2025-11-29,CUST01017,43,PROD00120,Grocery,South,Mobile App,Credit Card,Cancelled,2,48.7,15,97.4,14.61,82.79,59.53,23.26,2.61,4.2,7
ORD000716,2025-11-29,CUST01498,33,PROD00467,Home & Kitchen,Central,Website,Cash on Delivery,Cancelled,3,25.91,10,77.73,7.77,69.96,51.5,18.46,11.35,4.1,7
ORD000074,2025-11-30,CUST01443,38,PROD00260,Electronics,Central,Website,Debit Card,Returned,5,11.44,20,57.2,11.44,45.76,31.29,14.47,6.96,3.0,1
ORD003272,2025-11-30,CUST01225,46,PROD00278,Grocery,South,Marketplace,Credit Card,Delivered,2,93.65,5,187.3,9.36,177.94,134.45,43.49,13.92,4.1,10
ORD002475,2025-11-30,CUST00779,45,PROD00383,Beauty,Central,Mobile App,Cash on Delivery,Delivered,2,67.68,0,135.36,0.0,135.36,86.38,48.98,13.71,4.5,8
ORD002537,2025-11-30,CUST00667,32,PROD00578,Sports,North,Website,PayPal,Shipped,2,42.22,10,84.44,8.44,76.0,37.57,38.43,5.05,3.9,4
ORD003008,2025-11-30,CUST00138,70,PROD00425,Electronics,East,Website,Credit Card,Delivered,4,14.95,0,59.8,0.0,59.8,31.66,28.14,4.52,2.9,5
ORD004776,2025-12-01,CUST00820,50,PROD00662,Home & Kitchen,South,Website,Bank Transfer,Delivered,5,34.09,10,170.45,17.05,153.4,119.3,34.1,12.08,5.0,5
ORD000439,2025-12-01,CUST00598,27,PROD00737,Fashion,North,Mobile App,Debit Card,Shipped,3,29.18,20,87.54,17.51,70.03,33.1,36.93,10.34,3.6,6
ORD004468,2025-12-01,CUST01298,23,PROD00185,Grocery,North,Mobile App,Debit Card,Delivered,1,21.97,15,21.97,3.3,18.67,9.57,9.1,6.92,3.2,7
ORD003896,2025-12-01,CUST00810,44,PROD00270,Grocery,South,Mobile App,Bank Transfer,Cancelled,4,53.75,10,215.0,21.5,193.5,129.53,63.97,12.26,4.8,2
ORD000779,2025-12-01,CUST00173,39,PROD00118,Beauty,Central,Mobile App,Credit Card,Delivered,5,20.81,15,104.05,15.61,88.44,43.26,45.18,15.17,2.9,5
ORD003680,2025-12-02,CUST01145,41,PROD00753,Home & Kitchen,East,Website,Cash on Delivery,Delivered,4,41.38,5,165.52,8.28,157.24,85.24,72.0,12.13,4.3,3
ORD004452,2025-12-02,CUST00539,46,PROD00482,Grocery,South,Marketplace,Credit Card,Shipped,3,29.43,0,88.29,0.0,88.29,68.68,19.61,7.31,4.8,3
ORD000378,2025-12-02,CUST00233,28,PROD00041,Grocery,East,Mobile App,Cash on Delivery,Delivered,4,26.6,10,106.4,10.64,95.76,57.37,38.39,11.95,4.0,1
ORD004572,2025-12-03,CUST00593,51,PROD00470,Beauty,East,Website,Credit Card,Delivered,5,26.04,10,130.2,13.02,117.18,64.72,52.46,15.73,3.9,8
ORD002002,2025-12-03,CUST00267,24,PROD00440,Home & Kitchen,South,Website,Debit Card,Delivered,4,19.37,10,77.48,7.75,69.73,36.01,33.72,15.51,5.0,1
ORD002228,2025-12-03,CUST00063,29,PROD00059,Beauty,Central,Website,Credit Card,Delivered,2,34.33,20,68.66,13.73,54.93,30.28,24.65,7.26,4.3,3
ORD002830,2025-12-03,CUST00029,41,PROD00285,Home & Kitchen,Central,Marketplace,Debit Card,Delivered,3,17.3,20,51.9,10.38,41.52,23.11,18.41,9.22,3.7,4
ORD003887,2025-12-03,CUST00988,41,PROD00221,Home & Kitchen,Central,Mobile App,Debit Card,Shipped,1,23.51,0,23.51,0.0,23.51,18.24,5.27,13.28,2.5,8
ORD001061,2025-12-03,CUST00581,27,PROD00287,Fashion,Central,Website,Credit Card,Delivered,3,8.04,0,24.12,0.0,24.12,13.87,10.25,12.2,3.1,3
ORD002970,2025-12-03,CUST01168,26,PROD00242,Sports,West,Website,Cash on Delivery,Delivered,3,92.13,20,276.39,55.28,221.11,127.36,93.75,8.28,5.0,3
ORD003707,2025-12-04,CUST00373,44,PROD00167,Electronics,West,Mobile App,Credit Card,Delivered,1,54.32,20,54.32,10.86,43.46,33.75,9.71,5.71,3.7,8
ORD002874,2025-12-04,CUST00032,32,PROD00132,Electronics,South,Marketplace,Debit Card,Delivered,5,141.25,20,706.25,141.25,565.0,397.36,167.64,10.18,3.4,1
ORD003393,2025-12-04,CUST00437,70,PROD00394,Fashion,South,Website,PayPal,Delivered,3,78.13,15,234.39,35.16,199.23,125.84,73.39,4.6,3.7,8
ORD000641,2025-12-05,CUST00727,54,PROD00144,Beauty,Central,Website,Cash on Delivery,Cancelled,1,11.19,15,11.19,1.68,9.51,5.89,3.62,7.6,3.7,9
ORD001357,2025-12-05,CUST01049,52,PROD00244,Fashion,West,Mobile App,Debit Card,Returned,2,34.95,0,69.9,0.0,69.9,47.85,22.05,8.7,4.1,6
ORD001239,2025-12-05,CUST00733,36,PROD00088,Home & Kitchen,South,Marketplace,Credit Card,Cancelled,3,21.88,10,65.64,6.56,59.08,29.27,29.81,10.87,3.0,1
ORD000245,2025-12-05,CUST00301,48,PROD00596,Electronics,North,Website,Credit Card,Delivered,2,40.12,0,80.24,0.0,80.24,57.1,23.14,4.68,5.0,9
ORD004173,2025-12-06,CUST00042,52,PROD00491,Fashion,West,Mobile App,Credit Card,Shipped,2,64.6,5,129.2,6.46,122.74,75.85,46.89,7.69,3.4,4
ORD003079,2025-12-06,CUST00179,63,PROD00272,Sports,West,Marketplace,Bank Transfer,Returned,2,39.6,15,79.2,11.88,67.32,49.07,18.25,14.55,4.9,7
ORD000345,2025-12-06,CUST00420,58,PROD00393,Electronics,South,Website,Cash on Delivery,Cancelled,2,49.79,20,99.58,19.92,79.66,50.89,28.77,7.23,4.1,1
ORD003279,2025-12-06,CUST01207,20,PROD00027,Beauty,South,Website,Credit Card,Cancelled,1,64.51,30,64.51,19.35,45.16,26.78,18.38,5.62,3.4,4
ORD002327,2025-12-06,CUST01068,57,PROD00342,Fashion,North,Website,Debit Card,Returned,5,27.07,5,135.35,6.77,128.58,83.72,44.86,4.15,4.2,5
ORD001169,2025-12-06,CUST00064,46,PROD00350,Sports,South,Website,Cash on Delivery,Delivered,1,117.08,0,117.08,0.0,117.08,63.82,53.26,7.52,4.3,10
ORD002098,2025-12-06,CUST00092,21,PROD00161,Fashion,East,Website,PayPal,Delivered,1,17.43,0,17.43,0.0,17.43,8.15,9.28,15.09,4.3,10
ORD002657,2025-12-07,CUST00430,57,PROD00747,Sports,North,Website,Debit Card,Cancelled,2,88.61,15,177.22,26.58,150.64,70.52,80.12,12.74,4.0,3
ORD003520,2025-12-07,CUST01178,23,PROD00431,Home & Kitchen,East,Mobile App,Bank Transfer,Delivered,4,10.25,10,41.0,4.1,36.9,21.14,15.76,16.09,4.3,4
ORD000094,2025-12-07,CUST00567,40,PROD00726,Sports,South,Mobile App,Bank Transfer,Delivered,2,28.57,10,57.14,5.71,51.43,36.06,15.37,6.07,4.6,3
ORD003642,2025-12-07,CUST00864,34,PROD00301,Fashion,West,Mobile App,Debit Card,Delivered,1,38.74,5,38.74,1.94,36.8,26.86,9.94,3.41,5.0,1
ORD001652,2025-12-08,CUST01201,39,PROD00049,Home & Kitchen,Central,Website,Bank Transfer,Cancelled,1,18.58,0,18.58,0.0,18.58,11.09,7.49,4.99,3.1,1
ORD000241,2025-12-08,CUST00478,64,PROD00184,Beauty,East,Mobile App,Cash on Delivery,Delivered,1,33.93,20,33.93,6.79,27.14,20.51,6.63,13.45,3.6,9
ORD003753,2025-12-08,CUST00237,27,PROD00765,Beauty,South,Mobile App,Debit Card,Delivered,3,58.98,5,176.94,8.85,168.09,119.66,48.43,14.56,3.7,6
ORD003491,2025-12-08,CUST00470,41,PROD00392,Electronics,South,Website,Cash on Delivery,Shipped,3,35.48,5,106.44,5.32,101.12,68.33,32.79,14.09,4.5,9
ORD002904,2025-12-08,CUST00861,46,PROD00396,Home & Kitchen,North,Website,Credit Card,Shipped,4,30.9,20,123.6,24.72,98.88,50.72,48.16,12.43,3.4,4
ORD000895,2025-12-08,CUST00017,38,PROD00074,Electronics,Central,Website,Credit Card,Delivered,5,27.03,30,135.15,40.54,94.61,60.82,33.79,4.98,4.7,6
ORD004282,2025-12-09,CUST01211,60,PROD00132,Sports,North,Mobile App,Debit Card,Returned,2,20.32,15,40.64,6.1,34.54,22.98,11.56,3.97,5.0,1
ORD004098,2025-12-09,CUST00570,62,PROD00145,Electronics,West,Mobile App,Bank Transfer,Delivered,3,139.67,10,419.01,41.9,377.11,225.32,151.79,9.09,4.1,9
ORD004919,2025-12-09,CUST00310,62,PROD00288,Fashion,South,Mobile App,Debit Card,Shipped,3,17.08,20,51.24,10.25,40.99,27.49,13.5,6.54,3.3,4
ORD004736,2025-12-09,CUST00126,62,PROD00472,Grocery,Central,Mobile App,Debit Card,Delivered,3,11.42,5,34.26,1.71,32.55,22.67,9.88,5.79,4.0,3
ORD000942,2025-12-10,CUST00202,62,PROD00365,Grocery,West,Mobile App,Bank Transfer,Delivered,5,76.89,20,384.45,76.89,307.56,166.07,141.49,12.6,5.0,6
ORD000631,2025-12-10,CUST01281,68,PROD00154,Sports,East,Website,Bank Transfer,Shipped,4,53.7,5,214.8,10.74,204.06,158.97,45.09,8.9,4.9,7
ORD000067,2025-12-12,CUST00527,23,PROD00235,Grocery,North,Website,Bank Transfer,Delivered,1,31.4,10,31.4,3.14,28.26,17.7,10.56,3.86,4.3,9
ORD002729,2025-12-12,CUST00392,51,PROD00161,Beauty,West,Website,Cash on Delivery,Delivered,2,71.87,5,143.74,7.19,136.55,88.05,48.5,14.28,3.2,6
ORD000151,2025-12-12,CUST00508,20,PROD00010,Grocery,West,Website,Bank Transfer,Delivered,1,26.52,20,26.52,5.3,21.22,15.2,6.02,16.03,4.4,1
ORD000975,2025-12-12,CUST00357,49,PROD00660,Grocery,North,Mobile App,Bank Transfer,Delivered,2,38.96,15,77.92,11.69,66.23,45.4,20.83,9.24,2.6,7
ORD004612,2025-12-12,CUST00382,38,PROD00085,Home & Kitchen,East,Mobile App,Debit Card,Delivered,3,55.09,10,165.27,16.53,148.74,80.73,68.01,4.88,3.4,10
ORD000306,2025-12-12,CUST00224,26,PROD00068,Grocery,East,Mobile App,Credit Card,Shipped,3,11.71,10,35.13,3.51,31.62,16.27,15.35,11.57,4.9,3
ORD001547,2025-12-12,CUST01055,69,PROD00778,Sports,West,Website,Bank Transfer,Delivered,3,144.36,30,433.08,129.92,303.16,215.94,87.22,4.53,4.5,9
ORD000300,2025-12-13,CUST00048,59,PROD00066,Electronics,South,Website,Debit Card,Delivered,2,28.3,0,56.6,0.0,56.6,43.64,12.96,14.45,4.7,9
ORD004502,2025-12-13,CUST00478,52,PROD00306,Home & Kitchen,East,Mobile App,Bank Transfer,Delivered,1,9.15,25,9.15,2.29,6.86,4.8,2.06,13.26,5.0,7
ORD000939,2025-12-13,CUST00153,37,PROD00035,Beauty,Central,Mobile App,Bank Transfer,Delivered,1,54.87,25,54.87,13.72,41.15,30.35,10.8,15.06,3.5,6
ORD000576,2025-12-13,CUST00813,41,PROD00335,Fashion,East,Website,Credit Card,Cancelled,5,346.76,30,1733.8,520.14,1213.66,789.82,423.84,8.86,3.9,10
ORD002065,2025-12-14,CUST00330,55,PROD00395,Fashion,North,Website,PayPal,Shipped,4,11.88,20,47.52,9.5,38.02,19.61,18.41,1.69,3.8,6
ORD004994,2025-12-15,CUST00507,70,PROD00423,Fashion,Central,Mobile App,Credit Card,Cancelled,4,46.65,20,186.6,37.32,149.28,102.97,46.31,7.29,3.7,3
ORD001823,2025-12-15,CUST01191,68,PROD00677,Electronics,East,Website,Credit Card,Returned,4,24.38,5,97.52,4.88,92.64,66.28,26.36,2.84,4.5,3
ORD000648,2025-12-15,CUST00190,23,PROD00435,Beauty,East,Mobile App,Cash on Delivery,Cancelled,1,35.61,0,35.61,0.0,35.61,25.49,10.12,13.82,4.8,9
ORD004656,2025-12-15,CUST00482,54,PROD00309,Grocery,West,Mobile App,Cash on Delivery,Delivered,2,44.62,30,89.24,26.77,62.47,34.84,27.63,15.96,3.2,4
ORD002193,2025-12-16,CUST00219,36,PROD00597,Beauty,Central,Website,Bank Transfer,Returned,2,24.54,5,49.08,2.45,46.63,25.66,20.97,15.42,2.1,8
ORD002056,2025-12-16,CUST00724,40,PROD00625,Grocery,South,Website,Cash on Delivery,Returned,2,10.1,15,20.2,3.03,17.17,11.37,5.8,4.61,2.8,5
ORD003005,2025-12-17,CUST01110,68,PROD00568,Electronics,Central,Marketplace,Bank Transfer,Delivered,5,22.96,0,114.8,0.0,114.8,66.69,48.11,14.68,3.7,1
ORD003853,2025-12-17,CUST01046,39,PROD00513,Home & Kitchen,West,Website,Debit Card,Cancelled,1,31.83,20,31.83,6.37,25.46,13.52,11.94,5.18,2.7,5
ORD000324,2025-12-17,CUST01489,52,PROD00472,Home & Kitchen,South,Mobile App,Cash on Delivery,Returned,4,106.19,30,424.76,127.43,297.33,146.32,151.01,11.21,4.0,10
ORD000471,2025-12-17,CUST00396,68,PROD00771,Beauty,South,Website,Bank Transfer,Delivered,5,14.03,10,70.15,7.01,63.14,28.82,34.32,14.81,4.4,3
ORD000329,2025-12-17,CUST01393,24,PROD00071,Electronics,West,Website,PayPal,Delivered,5,26.52,20,132.6,26.52,106.08,62.1,43.98,10.44,3.5,6
ORD001418,2025-12-18,CUST00621,30,PROD00754,Electronics,South,Mobile App,Debit Card,Delivered,3,73.21,5,219.63,10.98,208.65,118.16,90.49,6.27,5.0,8
ORD001509,2025-12-18,CUST00447,45,PROD00702,Home & Kitchen,East,Website,Credit Card,Returned,4,12.99,15,51.96,7.79,44.17,24.33,19.84,3.84,5.0,6
ORD004888,2025-12-18,CUST00002,48,PROD00590,Beauty,East,Website,Debit Card,Delivered,4,10.58,5,42.32,2.12,40.2,26.99,13.21,16.14,3.9,1
ORD002749,2025-12-18,CUST01214,42,PROD00002,Home & Kitchen,West,Mobile App,Bank Transfer,Returned,2,33.19,15,66.38,9.96,56.42,26.64,29.78,15.17,3.6,5
ORD003679,2025-12-18,CUST00461,34,PROD00380,Home & Kitchen,South,Marketplace,PayPal,Returned,4,52.13,30,208.52,62.56,145.96,101.41,44.55,14.89,3.5,7
ORD003230,2025-12-18,CUST00682,44,PROD00472,Home & Kitchen,South,Mobile App,PayPal,Shipped,5,16.52,25,82.6,20.65,61.95,38.14,23.81,1.71,4.3,1
ORD000022,2025-12-18,CUST01306,59,PROD00550,Grocery,Central,Marketplace,PayPal,Returned,5,51.95,10,259.75,25.98,233.77,137.37,96.4,7.32,4.6,2
ORD003544,2025-12-18,CUST01403,63,PROD00250,Sports,South,Website,Credit Card,Delivered,5,37.99,15,189.95,28.49,161.46,113.47,47.99,5.71,4.4,3
ORD002875,2025-12-18,CUST01078,27,PROD00769,Home & Kitchen,East,Mobile App,Bank Transfer,Delivered,1,29.65,10,29.65,2.96,26.69,18.47,8.22,14.24,4.0,8
ORD003176,2025-12-18,CUST00490,64,PROD00330,Grocery,East,Marketplace,Debit Card,Delivered,1,126.85,20,126.85,25.37,101.48,66.37,35.11,14.35,4.2,5
ORD004066,2025-12-19,CUST00589,40,PROD00313,Fashion,West,Website,Bank Transfer,Cancelled,1,29.88,20,29.88,5.98,23.9,14.91,8.99,17.65,4.8,9
ORD001657,2025-12-19,CUST01125,67,PROD00494,Beauty,North,Website,PayPal,Delivered,4,147.26,0,589.04,0.0,589.04,277.96,311.08,8.31,4.3,1
ORD001313,2025-12-19,CUST01331,25,PROD00564,Home & Kitchen,South,Marketplace,Debit Card,Delivered,5,17.93,5,89.65,4.48,85.17,49.35,35.82,5.39,4.2,8
ORD003750,2025-12-19,CUST01088,48,PROD00682,Electronics,North,Mobile App,Cash on Delivery,Delivered,3,111.96,0,335.88,0.0,335.88,192.22,143.66,5.92,4.9,4
ORD001813,2025-12-19,CUST00751,30,PROD00272,Home & Kitchen,South,Mobile App,Bank Transfer,Delivered,1,17.23,10,17.23,1.72,15.51,8.65,6.86,10.52,4.4,2
ORD002400,2025-12-21,CUST01438,70,PROD00678,Grocery,Central,Website,Credit Card,Delivered,4,76.76,0,307.04,0.0,307.04,213.74,93.3,3.01,3.4,2
ORD003513,2025-12-21,CUST01326,40,PROD00309,Fashion,Central,Website,Bank Transfer,Cancelled,3,46.39,20,139.17,27.83,111.34,57.74,53.6,12.29,4.6,10
ORD001156,2025-12-21,CUST01434,53,PROD00652,Fashion,North,Website,Debit Card,Cancelled,1,50.08,20,50.08,10.02,40.06,23.46,16.6,13.54,4.7,5
ORD000079,2025-12-22,CUST00116,37,PROD00066,Sports,Central,Mobile App,Credit Card,Delivered,4,7.62,30,30.48,9.14,21.34,12.7,8.64,8.17,4.5,7
ORD002372,2025-12-22,CUST00440,69,PROD00562,Sports,North,Website,Credit Card,Delivered,2,18.57,15,37.14,5.57,31.57,23.18,8.39,16.22,4.6,3
ORD003918,2025-12-22,CUST00101,39,PROD00092,Home & Kitchen,West,Marketplace,Debit Card,Returned,3,19.12,0,57.36,0.0,57.36,43.87,13.49,10.76,3.7,1
ORD002538,2025-12-22,CUST00782,33,PROD00562,Grocery,East,Website,Cash on Delivery,Returned,1,27.63,20,27.63,5.53,22.1,13.05,9.05,17.02,1.7,9
ORD001841,2025-12-22,CUST00212,64,PROD00262,Beauty,East,Website,Bank Transfer,Returned,4,29.56,15,118.24,17.74,100.5,54.61,45.89,2.53,4.6,7
ORD000902,2025-12-22,CUST01085,49,PROD00521,Electronics,South,Mobile App,Cash on Delivery,Delivered,5,41.77,20,208.85,41.77,167.08,120.19,46.89,16.55,3.2,10
ORD004229,2025-12-22,CUST00553,18,PROD00189,Home & Kitchen,North,Website,Bank Transfer,Delivered,1,18.95,15,18.95,2.84,16.11,8.44,7.67,6.21,4.1,2
ORD001341,2025-12-23,CUST00408,63,PROD00682,Electronics,Central,Website,Debit Card,Returned,4,8.87,0,35.48,0.0,35.48,24.16,11.32,1.55,2.8,9
ORD003667,2025-12-23,CUST00808,34,PROD00544,Home & Kitchen,East,Mobile App,Bank Transfer,Returned,1,62.45,15,62.45,9.37,53.08,24.29,28.79,5.07,4.5,7
ORD003725,2025-12-23,CUST00778,46,PROD00734,Sports,Central,Marketplace,Cash on Delivery,Delivered,2,34.27,10,68.54,6.85,61.69,40.71,20.98,9.22,3.5,5
ORD001567,2025-12-24,CUST00682,53,PROD00037,Beauty,North,Website,Debit Card,Cancelled,1,16.38,5,16.38,0.82,15.56,11.37,4.19,12.73,4.0,2
ORD004099,2025-12-24,CUST00038,43,PROD00679,Home & Kitchen,North,Marketplace,Bank Transfer,Delivered,5,26.67,0,133.35,0.0,133.35,86.35,47.0,14.1,4.6,7
ORD003768,2025-12-24,CUST00676,41,PROD00361,Grocery,North,Website,Debit Card,Delivered,1,42.66,20,42.66,8.53,34.13,15.42,18.71,12.77,3.7,2
ORD002689,2025-12-24,CUST00513,67,PROD00634,Sports,East,Website,Bank Transfer,Delivered,2,42.39,10,84.78,8.48,76.3,49.81,26.49,12.29,4.0,4
ORD002822,2025-12-24,CUST00017,65,PROD00486,Beauty,Central,Website,Credit Card,Delivered,4,9.58,25,38.32,9.58,28.74,21.26,7.48,13.07,3.1,4
ORD002414,2025-12-24,CUST01323,32,PROD00066,Sports,Central,Website,Cash on Delivery,Shipped,1,26.14,25,26.14,6.54,19.6,13.77,5.83,4.72,3.8,1
ORD003234,2025-12-24,CUST01359,23,PROD00664,Grocery,North,Mobile App,Credit Card,Returned,2,40.78,10,81.56,8.16,73.4,53.02,20.38,4.16,5.0,3
ORD000535,2025-12-24,CUST00845,53,PROD00181,Grocery,Central,Mobile App,Bank Transfer,Shipped,1,12.05,15,12.05,1.81,10.24,6.2,4.04,15.95,3.7,10
ORD002025,2025-12-25,CUST01013,38,PROD00437,Fashion,East,Mobile App,Bank Transfer,Delivered,3,50.48,10,151.44,15.14,136.3,102.53,33.77,16.28,4.7,3
ORD002322,2025-12-25,CUST01496,27,PROD00052,Electronics,West,Mobile App,Cash on Delivery,Cancelled,1,14.52,0,14.52,0.0,14.52,8.72,5.8,15.56,3.7,7
ORD002194,2025-12-25,CUST00596,49,PROD00142,Beauty,West,Website,Debit Card,Delivered,2,54.59,0,109.18,0.0,109.18,83.26,25.92,16.87,2.8,3
ORD004559,2025-12-25,CUST01026,33,PROD00097,Fashion,East,Website,Debit Card,Shipped,5,21.34,0,106.7,0.0,106.7,73.5,33.2,6.63,4.6,10
ORD004676,2025-12-25,CUST01273,20,PROD00474,Fashion,North,Mobile App,Debit Card,Returned,3,20.74,25,62.22,15.56,46.66,35.14,11.52,16.57,3.9,7
ORD002709,2025-12-25,CUST00815,63,PROD00166,Home & Kitchen,South,Marketplace,PayPal,Returned,2,23.21,20,46.42,9.28,37.14,27.81,9.33,15.76,5.0,4
ORD004624,2025-12-26,CUST00796,61,PROD00043,Beauty,North,Mobile App,Debit Card,Returned,1,9.57,10,9.57,0.96,8.61,6.35,2.26,13.86,4.1,9
ORD001773,2025-12-26,CUST00944,51,PROD00069,Electronics,South,Website,Bank Transfer,Cancelled,2,44.1,25,88.2,22.05,66.15,46.72,19.43,2.88,3.0,1
ORD004664,2025-12-27,CUST01460,33,PROD00746,Sports,North,Mobile App,Credit Card,Delivered,1,20.4,15,20.4,3.06,17.34,11.76,5.58,10.88,3.0,2
ORD003250,2025-12-27,CUST01249,23,PROD00657,Grocery,North,Website,PayPal,Delivered,1,40.96,10,40.96,4.1,36.86,24.64,12.22,1.5,4.1,2
ORD002900,2025-12-27,CUST00103,32,PROD00107,Grocery,South,Website,Debit Card,Cancelled,5,66.93,25,334.65,83.66,250.99,154.95,96.04,3.06,4.4,4
ORD002211,2025-12-27,CUST01305,39,PROD00166,Grocery,Central,Mobile App,Credit Card,Cancelled,2,8.97,5,17.94,0.9,17.04,10.36,6.68,16.87,3.4,6
ORD004804,2025-12-28,CUST00650,53,PROD00256,Electronics,Central,Mobile App,Bank Transfer,Delivered,2,20.87,0,41.74,0.0,41.74,21.48,20.26,16.79,5.0,5
ORD001548,2025-12-28,CUST00601,58,PROD00763,Sports,South,Marketplace,Bank Transfer,Delivered,1,7.45,5,7.45,0.37,7.08,4.21,2.87,9.92,4.0,7
ORD000344,2025-12-28,CUST00131,53,PROD00007,Fashion,West,Mobile App,Cash on Delivery,Returned,1,41.21,10,41.21,4.12,37.09,22.85,14.24,3.0,3.4,3
ORD004172,2025-12-28,CUST00426,43,PROD00096,Fashion,South,Website,Credit Card,Cancelled,5,56.37,10,281.85,28.18,253.67,146.33,107.34,16.44,5.0,6
ORD004966,2025-12-28,CUST01309,46,PROD00717,Electronics,South,Website,Credit Card,Delivered,5,68.61,0,343.05,0.0,343.05,169.32,173.73,2.83,2.7,9
ORD000431,2025-12-28,CUST01236,21,PROD00649,Electronics,Central,Website,Bank Transfer,Returned,2,80.66,5,161.32,8.07,153.25,77.15,76.1,2.52,3.2,4
ORD003173,2025-12-28,CUST00107,47,PROD00379,Sports,West,Website,Debit Card,Delivered,2,29.32,10,58.64,5.86,52.78,33.88,18.9,10.07,3.6,2
ORD002591,2025-12-28,CUST00404,68,PROD00656,Home & Kitchen,North,Website,Bank Transfer,Shipped,1,53.94,5,53.94,2.7,51.24,24.43,26.81,12.07,4.2,7
ORD003586,2025-12-29,CUST00959,32,PROD00096,Fashion,North,Website,Credit Card,Delivered,3,8.6,10,25.8,2.58,23.22,17.77,5.45,11.62,4.9,5
ORD004783,2025-12-29,CUST00593,34,PROD00228,Sports,East,Mobile App,Cash on Delivery,Delivered,4,47.12,25,188.48,47.12,141.36,79.65,61.71,11.68,3.7,4
ORD002152,2025-12-29,CUST00515,62,PROD00759,Home & Kitchen,South,Website,Credit Card,Delivered,4,39.27,5,157.08,7.85,149.23,75.77,73.46,4.82,4.7,4
ORD000461,2025-12-29,CUST01232,26,PROD00712,Sports,Central,Website,PayPal,Shipped,5,20.43,20,102.15,20.43,81.72,47.17,34.55,5.89,2.9,1
ORD001695,2025-12-29,CUST01421,58,PROD00361,Fashion,South,Website,Debit Card,Delivered,4,124.78,20,499.12,99.82,399.3,303.07,96.23,17.56,4.9,10
ORD002042,2025-12-29,CUST00454,41,PROD00657,Electronics,West,Mobile App,Credit Card,Returned,2,12.69,25,25.38,6.34,19.04,9.65,9.39,4.1,3.9,5
ORD004244,2025-12-30,CUST00519,18,PROD00612,Home & Kitchen,North,Marketplace,Credit Card,Returned,4,52.78,30,211.12,63.34,147.78,107.09,40.69,16.53,3.2,1
ORD003729,2025-12-30,CUST00219,62,PROD00678,Sports,West,Mobile App,Credit Card,Shipped,3,16.95,15,50.85,7.63,43.22,27.9,15.32,12.39,3.6,6
ORD002245,2025-12-31,CUST01232,69,PROD00336,Beauty,West,Marketplace,Bank Transfer,Delivered,2,9.14,0,18.28,0.0,18.28,8.39,9.89,4.25,5.0,10
ORD000002,2025-12-31,CUST00983,58,PROD00622,Home & Kitchen,South,Mobile App,Debit Card,Delivered,1,41.85,10,41.85,4.18,37.67,19.03,18.64,12.25,3.0,2
ORD003813,2025-12-31,CUST00404,18,PROD00591,Sports,Central,Mobile App,Cash on Delivery,Cancelled,3,46.13,20,138.39,27.68,110.71,80.98,29.73,6.91,2.8,2
ORD000568,2025-12-31,CUST01099,35,PROD00392,Sports,South,Mobile App,Bank Transfer,Returned,5,4.42,5,22.1,1.1,21.0,15.75,5.25,11.05,3.9,2
